ngc_bmu_id,chunk_start,chunk_end,status,rows_returned,attempted_at,error
ABERU-1,2015-01-01,2015-12-31,success,0,2026-08-06T08:40:40,
ABERU-1,2016-01-01,2016-12-31,success,0,2026-08-06T08:40:40,
ABERU-1,2017-01-01,2017-12-31,success,0,2026-08-06T08:40:40,
ABERU-1,2018-01-01,2018-12-31,success,0,2026-08-06T08:40:41,
ABERU-1,2019-01-01,2019-12-31,success,15985,2026-08-06T08:40:42,
ABERU-1,2020-01-01,2020-12-31,success,17473,2026-08-06T08:40:43,
ABERU-1,2021-01-01,2021-12-31,success,17473,2026-08-06T08:40:44,
ABERU-1,2022-01-01,2022-12-31,success,17473,2026-08-06T08:40:45,
ABERU-1,2023-01-01,2023-12-31,success,17473,2026-08-06T08:40:46,
ABERU-1,2024-01-01,2024-12-31,success,17521,2026-08-06T08:40:47,
ABERU-1,2025-01-01,2025-12-31,success,17473,2026-08-06T08:40:48,
ABERU-1,2026-01-01,2026-07-27,success,9937,2026-08-06T08:40:48,
ABRBO-1,2015-01-01,2015-12-31,success,0,2026-08-06T08:40:48,
ABRBO-1,2016-01-01,2016-12-31,success,0,2026-08-06T08:40:48,
ABRBO-1,2017-01-01,2017-12-31,success,0,2026-08-06T08:40:49,
ABRBO-1,2018-01-01,2018-12-31,success,0,2026-08-06T08:40:49,
ABRBO-1,2019-01-01,2019-12-31,success,15985,2026-08-06T08:40:49,
ABRBO-1,2020-01-01,2020-12-31,success,17473,2026-08-06T08:40:50,
ABRBO-1,2021-01-01,2021-12-31,success,17473,2026-08-06T08:40:51,
ABRBO-1,2022-01-01,2022-12-31,success,17473,2026-08-06T08:40:52,
ABRBO-1,2023-01-01,2023-12-31,success,17473,2026-08-06T08:40:53,
ABRBO-1,2024-01-01,2024-12-31,success,17521,2026-08-06T08:40:54,
ABRBO-1,2025-01-01,2025-12-31,success,17473,2026-08-06T08:40:54,
ABRBO-1,2026-01-01,2026-07-27,success,9937,2026-08-06T08:40:55,
ABRTW-1,2015-01-01,2015-12-31,success,0,2026-08-06T08:40:55,
ABRTW-1,2016-01-01,2016-12-31,success,0,2026-08-06T08:40:55,
ABRTW-1,2017-01-01,2017-12-31,success,0,2026-08-06T08:40:55,
ABRTW-1,2018-01-01,2018-12-31,success,0,2026-08-06T08:40:56,
ABRTW-1,2019-01-01,2019-12-31,success,15985,2026-08-06T08:40:57,
ABRTW-1,2020-01-01,2020-12-31,success,17473,2026-08-06T08:40:57,
ABRTW-1,2021-01-01,2021-12-31,success,17473,2026-08-06T08:40:58,
ABRTW-1,2022-01-01,2022-12-31,success,17473,2026-08-06T08:40:59,
ABRTW-1,2023-01-01,2023-12-31,success,17473,2026-08-06T08:41:00,
ABRTW-1,2024-01-01,2024-12-31,success,17521,2026-08-06T08:41:01,
ABRTW-1,2025-01-01,2025-12-31,success,17473,2026-08-06T08:41:02,
ABRTW-1,2026-01-01,2026-07-27,success,9937,2026-08-06T08:41:02,
ABTH7,2015-01-01,2015-12-31,success,0,2026-08-06T08:41:02,
ABTH7,2016-01-01,2016-12-31,success,0,2026-08-06T08:41:03,
ABTH7,2017-01-01,2017-12-31,success,0,2026-08-06T08:41:03,
ABTH7,2018-01-01,2018-12-31,success,0,2026-08-06T08:41:03,
ABTH7,2019-01-01,2019-12-31,success,0,2026-08-06T08:41:03,
ABTH7,2020-01-01,2020-12-31,success,0,2026-08-06T08:41:03,
ABTH7,2021-01-01,2021-12-31,success,0,2026-08-06T08:41:04,
ABTH7,2022-01-01,2022-12-31,success,0,2026-08-06T08:41:04,
ABTH7,2023-01-01,2023-12-31,success,0,2026-08-06T08:41:04,
ABTH7,2024-01-01,2024-12-31,success,0,2026-08-06T08:41:04,
ABTH7,2025-01-01,2025-12-31,success,0,2026-08-06T08:41:04,
ABTH7,2026-01-01,2026-07-27,success,0,2026-08-06T08:41:04,
ABTH7G,2015-01-01,2015-12-31,success,0,2026-08-06T08:41:05,
ABTH7G,2016-01-01,2016-12-31,success,0,2026-08-06T08:41:05,
ABTH7G,2017-01-01,2017-12-31,success,0,2026-08-06T08:41:05,
ABTH7G,2018-01-01,2018-12-31,success,0,2026-08-06T08:41:05,
ABTH7G,2019-01-01,2019-12-31,success,0,2026-08-06T08:41:05,
ABTH7G,2020-01-01,2020-12-31,success,0,2026-08-06T08:41:06,
ABTH7G,2021-01-01,2021-12-31,success,0,2026-08-06T08:41:06,
ABTH7G,2022-01-01,2022-12-31,success,0,2026-08-06T08:41:06,
ABTH7G,2023-01-01,2023-12-31,success,0,2026-08-06T08:41:06,
ABTH7G,2024-01-01,2024-12-31,success,0,2026-08-06T08:41:06,
ABTH7G,2025-01-01,2025-12-31,success,0,2026-08-06T08:41:07,
ABTH7G,2026-01-01,2026-07-27,success,0,2026-08-06T08:41:07,
ABTH8,2015-01-01,2015-12-31,success,0,2026-08-06T08:41:07,
ABTH8,2016-01-01,2016-12-31,success,0,2026-08-06T08:41:07,
ABTH8,2017-01-01,2017-12-31,success,0,2026-08-06T08:41:07,
ABTH8,2018-01-01,2018-12-31,success,0,2026-08-06T08:41:08,
ABTH8,2019-01-01,2019-12-31,success,0,2026-08-06T08:41:08,
ABTH8,2020-01-01,2020-12-31,success,0,2026-08-06T08:41:08,
ABTH8,2021-01-01,2021-12-31,success,0,2026-08-06T08:41:08,
ABTH8,2022-01-01,2022-12-31,success,0,2026-08-06T08:41:08,
ABTH8,2023-01-01,2023-12-31,success,0,2026-08-06T08:41:09,
ABTH8,2024-01-01,2024-12-31,success,0,2026-08-06T08:41:09,
ABTH8,2025-01-01,2025-12-31,success,0,2026-08-06T08:41:09,
ABTH8,2026-01-01,2026-07-27,success,0,2026-08-06T08:41:09,
ABTH8G,2015-01-01,2015-12-31,success,0,2026-08-06T08:41:09,
ABTH8G,2016-01-01,2016-12-31,success,0,2026-08-06T08:41:09,
ABTH8G,2017-01-01,2017-12-31,success,0,2026-08-06T08:41:10,
ABTH8G,2018-01-01,2018-12-31,success,0,2026-08-06T08:41:10,
ABTH8G,2019-01-01,2019-12-31,success,0,2026-08-06T08:41:10,
ABTH8G,2020-01-01,2020-12-31,success,0,2026-08-06T08:41:10,
ABTH8G,2021-01-01,2021-12-31,success,0,2026-08-06T08:41:10,
ABTH8G,2022-01-01,2022-12-31,success,0,2026-08-06T08:41:11,
ABTH8G,2023-01-01,2023-12-31,success,0,2026-08-06T08:41:11,
ABTH8G,2024-01-01,2024-12-31,success,0,2026-08-06T08:41:11,
ABTH8G,2025-01-01,2025-12-31,success,0,2026-08-06T08:41:11,
ABTH8G,2026-01-01,2026-07-27,success,0,2026-08-06T08:41:11,
ABTH9,2015-01-01,2015-12-31,success,0,2026-08-06T08:41:12,
ABTH9,2016-01-01,2016-12-31,success,0,2026-08-06T08:41:12,
ABTH9,2017-01-01,2017-12-31,success,0,2026-08-06T08:41:12,
ABTH9,2018-01-01,2018-12-31,success,0,2026-08-06T08:41:12,
ABTH9,2019-01-01,2019-12-31,success,0,2026-08-06T08:41:12,
ABTH9,2020-01-01,2020-12-31,success,0,2026-08-06T08:41:13,
ABTH9,2021-01-01,2021-12-31,success,0,2026-08-06T08:41:13,
ABTH9,2022-01-01,2022-12-31,success,0,2026-08-06T08:41:13,
ABTH9,2023-01-01,2023-12-31,success,0,2026-08-06T08:41:13,
ABTH9,2024-01-01,2024-12-31,success,0,2026-08-06T08:41:13,
ABTH9,2025-01-01,2025-12-31,success,0,2026-08-06T08:41:13,
ABTH9,2026-01-01,2026-07-27,success,0,2026-08-06T08:41:14,
ABTH9G,2015-01-01,2015-12-31,success,0,2026-08-06T08:41:14,
ABTH9G,2016-01-01,2016-12-31,success,0,2026-08-06T08:41:14,
ABTH9G,2017-01-01,2017-12-31,success,0,2026-08-06T08:41:14,
ABTH9G,2018-01-01,2018-12-31,success,0,2026-08-06T08:41:14,
ABTH9G,2019-01-01,2019-12-31,success,0,2026-08-06T08:41:15,
ABTH9G,2020-01-01,2020-12-31,success,0,2026-08-06T08:41:16,
ABTH9G,2021-01-01,2021-12-31,success,0,2026-08-06T08:41:16,
ABTH9G,2022-01-01,2022-12-31,success,0,2026-08-06T08:41:17,
ABTH9G,2023-01-01,2023-12-31,success,0,2026-08-06T08:41:18,
ABTH9G,2024-01-01,2024-12-31,success,0,2026-08-06T08:41:18,
ABTH9G,2025-01-01,2025-12-31,success,0,2026-08-06T08:41:18,
ABTH9G,2026-01-01,2026-07-27,success,0,2026-08-06T08:41:19,
ACHLW-1,2015-01-01,2015-12-31,success,0,2026-08-06T08:41:20,
ACHLW-1,2016-01-01,2016-12-31,success,0,2026-08-06T08:41:21,
ACHLW-1,2017-01-01,2017-12-31,success,0,2026-08-06T08:41:23,
ACHLW-1,2018-01-01,2018-12-31,success,0,2026-08-06T08:41:23,
ACHLW-1,2019-01-01,2019-12-31,success,15985,2026-08-06T08:41:24,
ACHLW-1,2020-01-01,2020-12-31,success,17473,2026-08-06T08:41:25,
ACHLW-1,2021-01-01,2021-12-31,success,17473,2026-08-06T08:41:26,
ACHLW-1,2022-01-01,2022-12-31,success,17473,2026-08-06T08:41:27,
ACHLW-1,2023-01-01,2023-12-31,success,17473,2026-08-06T08:41:28,
ACHLW-1,2024-01-01,2024-12-31,success,17521,2026-08-06T08:41:29,
ACHLW-1,2025-01-01,2025-12-31,success,17473,2026-08-06T08:41:29,
ACHLW-1,2026-01-01,2026-07-27,success,9937,2026-08-06T08:41:30,
ACHRW-1,2015-01-01,2015-12-31,success,0,2026-08-06T08:41:30,
ACHRW-1,2016-01-01,2016-12-31,success,0,2026-08-06T08:41:30,
ACHRW-1,2017-01-01,2017-12-31,success,0,2026-08-06T08:41:30,
ACHRW-1,2018-01-01,2018-12-31,success,0,2026-08-06T08:41:31,
ACHRW-1,2019-01-01,2019-12-31,success,15985,2026-08-06T08:41:32,
ACHRW-1,2020-01-01,2020-12-31,success,17473,2026-08-06T08:41:32,
ACHRW-1,2021-01-01,2021-12-31,success,17473,2026-08-06T08:41:33,
ACHRW-1,2022-01-01,2022-12-31,success,17473,2026-08-06T08:41:34,
ACHRW-1,2023-01-01,2023-12-31,success,17473,2026-08-06T08:41:35,
ACHRW-1,2024-01-01,2024-12-31,success,17521,2026-08-06T08:41:35,
ACHRW-1,2025-01-01,2025-12-31,success,17473,2026-08-06T08:41:36,
ACHRW-1,2026-01-01,2026-07-27,success,9937,2026-08-06T08:41:36,
ACHYW-1,2015-01-01,2015-12-31,success,0,2026-08-06T08:41:36,
ACHYW-1,2016-01-01,2016-12-31,success,0,2026-08-06T08:41:37,
ACHYW-1,2017-01-01,2017-12-31,success,0,2026-08-06T08:41:37,
ACHYW-1,2018-01-01,2018-12-31,success,0,2026-08-06T08:41:37,
ACHYW-1,2019-01-01,2019-12-31,success,0,2026-08-06T08:41:37,
ACHYW-1,2020-01-01,2020-12-31,success,0,2026-08-06T08:41:37,
ACHYW-1,2021-01-01,2021-12-31,success,0,2026-08-06T08:41:38,
ACHYW-1,2022-01-01,2022-12-31,success,0,2026-08-06T08:41:38,
ACHYW-1,2023-01-01,2023-12-31,success,0,2026-08-06T08:41:38,
ACHYW-1,2024-01-01,2024-12-31,success,0,2026-08-06T08:41:38,
ACHYW-1,2025-01-01,2025-12-31,success,0,2026-08-06T08:41:38,
ACHYW-1,2026-01-01,2026-07-27,success,0,2026-08-06T08:41:38,
AFTOW-1,2015-01-01,2015-12-31,success,0,2026-08-06T08:41:39,
AFTOW-1,2016-01-01,2016-12-31,success,0,2026-08-06T08:41:39,
AFTOW-1,2017-01-01,2017-12-31,success,0,2026-08-06T08:41:39,
AFTOW-1,2018-01-01,2018-12-31,success,0,2026-08-06T08:41:39,
AFTOW-1,2019-01-01,2019-12-31,success,15985,2026-08-06T08:41:40,
AFTOW-1,2020-01-01,2020-12-31,success,17473,2026-08-06T08:41:41,
AFTOW-1,2021-01-01,2021-12-31,success,17473,2026-08-06T08:41:42,
AFTOW-1,2022-01-01,2022-12-31,success,17473,2026-08-06T08:41:43,
AFTOW-1,2023-01-01,2023-12-31,success,17473,2026-08-06T08:41:43,
AFTOW-1,2024-01-01,2024-12-31,success,17521,2026-08-06T08:41:44,
AFTOW-1,2025-01-01,2025-12-31,success,17473,2026-08-06T08:41:45,
AFTOW-1,2026-01-01,2026-07-27,success,9937,2026-08-06T08:41:45,
AIRSW-1,2015-01-01,2015-12-31,success,0,2026-08-06T08:41:45,
AIRSW-1,2016-01-01,2016-12-31,success,0,2026-08-06T08:41:45,
AIRSW-1,2017-01-01,2017-12-31,success,0,2026-08-06T08:41:46,
AIRSW-1,2018-01-01,2018-12-31,success,0,2026-08-06T08:41:46,
AIRSW-1,2019-01-01,2019-12-31,success,15985,2026-08-06T08:41:47,
AIRSW-1,2020-01-01,2020-12-31,success,17473,2026-08-06T08:41:47,
AIRSW-1,2021-01-01,2021-12-31,success,17473,2026-08-06T08:41:48,
AIRSW-1,2022-01-01,2022-12-31,success,17473,2026-08-06T08:41:49,
AIRSW-1,2023-01-01,2023-12-31,success,17473,2026-08-06T08:41:49,
AIRSW-1,2024-01-01,2024-12-31,success,17521,2026-08-06T08:41:50,
AIRSW-1,2025-01-01,2025-12-31,success,17473,2026-08-06T08:41:51,
AIRSW-1,2026-01-01,2026-07-27,success,9937,2026-08-06T08:41:51,
AKGLW-1,2015-01-01,2015-12-31,success,0,2026-08-06T08:41:52,
AKGLW-1,2016-01-01,2016-12-31,success,0,2026-08-06T08:41:52,
AKGLW-1,2017-01-01,2017-12-31,success,0,2026-08-06T08:41:52,
AKGLW-1,2018-01-01,2018-12-31,success,0,2026-08-06T08:41:52,
AKGLW-1,2019-01-01,2019-12-31,success,0,2026-08-06T08:41:52,
AKGLW-1,2020-01-01,2020-12-31,success,0,2026-08-06T08:41:52,
AKGLW-1,2021-01-01,2021-12-31,success,0,2026-08-06T08:41:53,
AKGLW-1,2022-01-01,2022-12-31,success,0,2026-08-06T08:41:53,
AKGLW-1,2023-01-01,2023-12-31,success,0,2026-08-06T08:41:53,
AKGLW-1,2024-01-01,2024-12-31,success,0,2026-08-06T08:41:53,
AKGLW-1,2025-01-01,2025-12-31,success,0,2026-08-06T08:41:53,
AKGLW-1,2026-01-01,2026-07-27,success,0,2026-08-06T08:41:54,
AKGLW-2,2015-01-01,2015-12-31,success,0,2026-08-06T08:41:54,
AKGLW-2,2016-01-01,2016-12-31,success,0,2026-08-06T08:41:54,
AKGLW-2,2017-01-01,2017-12-31,success,0,2026-08-06T08:41:54,
AKGLW-2,2018-01-01,2018-12-31,success,0,2026-08-06T08:41:54,
AKGLW-2,2019-01-01,2019-12-31,success,15985,2026-08-06T08:41:55,
AKGLW-2,2020-01-01,2020-12-31,success,17473,2026-08-06T08:41:56,
AKGLW-2,2021-01-01,2021-12-31,success,17473,2026-08-06T08:41:57,
AKGLW-2,2022-01-01,2022-12-31,success,17473,2026-08-06T08:41:58,
AKGLW-2,2023-01-01,2023-12-31,success,17473,2026-08-06T08:41:58,
AKGLW-2,2024-01-01,2024-12-31,success,17521,2026-08-06T08:41:59,
AKGLW-2,2025-01-01,2025-12-31,success,17473,2026-08-06T08:41:59,
AKGLW-2,2026-01-01,2026-07-27,success,9937,2026-08-06T08:42:00,
AKGLW-3,2015-01-01,2015-12-31,success,0,2026-08-06T08:42:00,
AKGLW-3,2016-01-01,2016-12-31,success,0,2026-08-06T08:42:00,
AKGLW-3,2017-01-01,2017-12-31,success,0,2026-08-06T08:42:00,
AKGLW-3,2018-01-01,2018-12-31,success,0,2026-08-06T08:42:01,
AKGLW-3,2019-01-01,2019-12-31,success,0,2026-08-06T08:42:01,
AKGLW-3,2020-01-01,2020-12-31,success,0,2026-08-06T08:42:01,
AKGLW-3,2021-01-01,2021-12-31,success,8931,2026-08-06T08:42:01,
AKGLW-3,2022-01-01,2022-12-31,success,17473,2026-08-06T08:42:02,
AKGLW-3,2023-01-01,2023-12-31,success,17473,2026-08-06T08:42:03,
AKGLW-3,2024-01-01,2024-12-31,success,17521,2026-08-06T08:42:04,
AKGLW-3,2025-01-01,2025-12-31,success,17473,2026-08-06T08:42:04,
AKGLW-3,2026-01-01,2026-07-27,success,9937,2026-08-06T08:42:05,
ANSUW-1,2015-01-01,2015-12-31,success,0,2026-08-06T08:42:05,
ANSUW-1,2016-01-01,2016-12-31,success,0,2026-08-06T08:42:05,
ANSUW-1,2017-01-01,2017-12-31,success,0,2026-08-06T08:42:05,
ANSUW-1,2018-01-01,2018-12-31,success,0,2026-08-06T08:42:06,
ANSUW-1,2019-01-01,2019-12-31,success,15985,2026-08-06T08:42:06,
ANSUW-1,2020-01-01,2020-12-31,success,17473,2026-08-06T08:42:07,
ANSUW-1,2021-01-01,2021-12-31,success,17473,2026-08-06T08:42:08,
ANSUW-1,2022-01-01,2022-12-31,success,17473,2026-08-06T08:42:09,
ANSUW-1,2023-01-01,2023-12-31,success,17473,2026-08-06T08:42:09,
ANSUW-1,2024-01-01,2024-12-31,success,17521,2026-08-06T08:42:10,
ANSUW-1,2025-01-01,2025-12-31,success,17473,2026-08-06T08:42:11,
ANSUW-1,2026-01-01,2026-07-27,success,9937,2026-08-06T08:42:11,
ARCHW-1,2015-01-01,2015-12-31,success,0,2026-08-06T08:42:11,
ARCHW-1,2016-01-01,2016-12-31,success,0,2026-08-06T08:42:12,
ARCHW-1,2017-01-01,2017-12-31,success,0,2026-08-06T08:42:12,
ARCHW-1,2018-01-01,2018-12-31,success,0,2026-08-06T08:42:12,
ARCHW-1,2019-01-01,2019-12-31,success,15985,2026-08-06T08:42:13,
ARCHW-1,2020-01-01,2020-12-31,success,17473,2026-08-06T08:42:13,
ARCHW-1,2021-01-01,2021-12-31,success,17473,2026-08-06T08:42:14,
ARCHW-1,2022-01-01,2022-12-31,success,17473,2026-08-06T08:42:15,
ARCHW-1,2023-01-01,2023-12-31,success,17473,2026-08-06T08:42:16,
ARCHW-1,2024-01-01,2024-12-31,success,17521,2026-08-06T08:42:17,
ARCHW-1,2025-01-01,2025-12-31,success,17473,2026-08-06T08:42:17,
ARCHW-1,2026-01-01,2026-07-27,success,9937,2026-08-06T08:42:18,
ASHWW-1,2015-01-01,2015-12-31,success,0,2026-08-06T08:42:18,
ASHWW-1,2016-01-01,2016-12-31,success,0,2026-08-06T08:42:18,
ASHWW-1,2017-01-01,2017-12-31,success,0,2026-08-06T08:42:18,
ASHWW-1,2018-01-01,2018-12-31,success,0,2026-08-06T08:42:19,
ASHWW-1,2019-01-01,2019-12-31,success,15985,2026-08-06T08:42:19,
ASHWW-1,2020-01-01,2020-12-31,success,17473,2026-08-06T08:42:20,
ASHWW-1,2021-01-01,2021-12-31,success,17473,2026-08-06T08:42:21,
ASHWW-1,2022-01-01,2022-12-31,success,17473,2026-08-06T08:42:22,
ASHWW-1,2023-01-01,2023-12-31,success,17473,2026-08-06T08:42:23,
ASHWW-1,2024-01-01,2024-12-31,success,17521,2026-08-06T08:42:24,
ASHWW-1,2025-01-01,2025-12-31,success,17473,2026-08-06T08:42:24,
ASHWW-1,2026-01-01,2026-07-27,success,9937,2026-08-06T08:42:25,
ASLVW-1,2015-01-01,2015-12-31,success,0,2026-08-06T08:42:25,
ASLVW-1,2016-01-01,2016-12-31,success,0,2026-08-06T08:42:25,
ASLVW-1,2017-01-01,2017-12-31,success,0,2026-08-06T08:42:25,
ASLVW-1,2018-01-01,2018-12-31,success,0,2026-08-06T08:42:26,
ASLVW-1,2019-01-01,2019-12-31,success,15985,2026-08-06T08:42:27,
ASLVW-1,2020-01-01,2020-12-31,success,17473,2026-08-06T08:42:28,
ASLVW-1,2021-01-01,2021-12-31,success,17473,2026-08-06T08:42:28,
ASLVW-1,2022-01-01,2022-12-31,success,17473,2026-08-06T08:42:29,
ASLVW-1,2023-01-01,2023-12-31,success,17473,2026-08-06T08:42:31,
ASLVW-1,2024-01-01,2024-12-31,success,17521,2026-08-06T08:42:32,
ASLVW-1,2025-01-01,2025-12-31,success,17473,2026-08-06T08:42:33,
ASLVW-1,2026-01-01,2026-07-27,success,9937,2026-08-06T08:42:33,
BABAW-1,2015-01-01,2015-12-31,success,0,2026-08-06T08:42:33,
BABAW-1,2016-01-01,2016-12-31,success,0,2026-08-06T08:42:34,
BABAW-1,2017-01-01,2017-12-31,success,0,2026-08-06T08:42:34,
BABAW-1,2018-01-01,2018-12-31,success,0,2026-08-06T08:42:34,
BABAW-1,2019-01-01,2019-12-31,success,15985,2026-08-06T08:42:35,
BABAW-1,2020-01-01,2020-12-31,success,17473,2026-08-06T08:42:36,
BABAW-1,2021-01-01,2021-12-31,success,17473,2026-08-06T08:42:37,
BABAW-1,2022-01-01,2022-12-31,success,17473,2026-08-06T08:42:38,
BABAW-1,2023-01-01,2023-12-31,success,17473,2026-08-06T08:42:38,
BABAW-1,2024-01-01,2024-12-31,success,17521,2026-08-06T08:42:39,
BABAW-1,2025-01-01,2025-12-31,success,17473,2026-08-06T08:42:40,
BABAW-1,2026-01-01,2026-07-27,success,9937,2026-08-06T08:42:40,
BAGE-1,2015-01-01,2015-12-31,success,0,2026-08-06T08:42:41,
BAGE-1,2016-01-01,2016-12-31,success,0,2026-08-06T08:42:41,
BAGE-1,2017-01-01,2017-12-31,success,0,2026-08-06T08:42:41,
BAGE-1,2018-01-01,2018-12-31,success,0,2026-08-06T08:42:41,
BAGE-1,2019-01-01,2019-12-31,success,15985,2026-08-06T08:42:42,
BAGE-1,2020-01-01,2020-12-31,success,17473,2026-08-06T08:42:42,
BAGE-1,2021-01-01,2021-12-31,success,17473,2026-08-06T08:42:44,
BAGE-1,2022-01-01,2022-12-31,success,12766,2026-08-06T08:42:44,
BAGE-1,2023-01-01,2023-12-31,success,0,2026-08-06T08:42:45,
BAGE-1,2024-01-01,2024-12-31,success,0,2026-08-06T08:42:45,
BAGE-1,2025-01-01,2025-12-31,success,0,2026-08-06T08:42:45,
BAGE-1,2026-01-01,2026-07-27,success,0,2026-08-06T08:42:45,
BAGE-2,2015-01-01,2015-12-31,success,0,2026-08-06T08:42:45,
BAGE-2,2016-01-01,2016-12-31,success,0,2026-08-06T08:42:46,
BAGE-2,2017-01-01,2017-12-31,success,0,2026-08-06T08:42:46,
BAGE-2,2018-01-01,2018-12-31,success,0,2026-08-06T08:42:46,
BAGE-2,2019-01-01,2019-12-31,success,15985,2026-08-06T08:42:47,
BAGE-2,2020-01-01,2020-12-31,success,17473,2026-08-06T08:42:48,
BAGE-2,2021-01-01,2021-12-31,success,17473,2026-08-06T08:42:49,
BAGE-2,2022-01-01,2022-12-31,success,12766,2026-08-06T08:42:49,
BAGE-2,2023-01-01,2023-12-31,success,0,2026-08-06T08:42:50,
BAGE-2,2024-01-01,2024-12-31,success,0,2026-08-06T08:42:50,
BAGE-2,2025-01-01,2025-12-31,success,0,2026-08-06T08:42:50,
BAGE-2,2026-01-01,2026-07-27,success,0,2026-08-06T08:42:50,
BARK-1,2015-01-01,2015-12-31,success,0,2026-08-06T08:42:50,
BARK-1,2016-01-01,2016-12-31,success,0,2026-08-06T08:42:51,
BARK-1,2017-01-01,2017-12-31,success,0,2026-08-06T08:42:51,
BARK-1,2018-01-01,2018-12-31,success,0,2026-08-06T08:42:51,
BARK-1,2019-01-01,2019-12-31,success,0,2026-08-06T08:42:51,
BARK-1,2020-01-01,2020-12-31,success,0,2026-08-06T08:42:51,
BARK-1,2021-01-01,2021-12-31,success,0,2026-08-06T08:42:52,
BARK-1,2022-01-01,2022-12-31,success,0,2026-08-06T08:42:52,
BARK-1,2023-01-01,2023-12-31,success,0,2026-08-06T08:42:52,
BARK-1,2024-01-01,2024-12-31,success,0,2026-08-06T08:42:52,
BARK-1,2025-01-01,2025-12-31,success,0,2026-08-06T08:42:52,
BARK-1,2026-01-01,2026-07-27,success,0,2026-08-06T08:42:52,
BARKB2,2015-01-01,2015-12-31,success,0,2026-08-06T08:42:53,
BARKB2,2016-01-01,2016-12-31,success,0,2026-08-06T08:42:53,
BARKB2,2017-01-01,2017-12-31,success,0,2026-08-06T08:42:53,
BARKB2,2018-01-01,2018-12-31,success,0,2026-08-06T08:42:53,
BARKB2,2019-01-01,2019-12-31,success,0,2026-08-06T08:42:54,
BARKB2,2020-01-01,2020-12-31,success,0,2026-08-06T08:42:54,
BARKB2,2021-01-01,2021-12-31,success,0,2026-08-06T08:42:54,
BARKB2,2022-01-01,2022-12-31,success,0,2026-08-06T08:42:54,
BARKB2,2023-01-01,2023-12-31,success,0,2026-08-06T08:42:54,
BARKB2,2024-01-01,2024-12-31,success,0,2026-08-06T08:42:55,
BARKB2,2025-01-01,2025-12-31,success,0,2026-08-06T08:42:55,
BARKB2,2026-01-01,2026-07-27,success,0,2026-08-06T08:42:55,
BDCHW-1,2015-01-01,2015-12-31,success,0,2026-08-06T08:42:55,
BDCHW-1,2016-01-01,2016-12-31,success,0,2026-08-06T08:42:55,
BDCHW-1,2017-01-01,2017-12-31,success,0,2026-08-06T08:42:56,
BDCHW-1,2018-01-01,2018-12-31,success,0,2026-08-06T08:42:56,
BDCHW-1,2019-01-01,2019-12-31,success,15985,2026-08-06T08:42:57,
BDCHW-1,2020-01-01,2020-12-31,success,17473,2026-08-06T08:42:58,
BDCHW-1,2021-01-01,2021-12-31,success,17473,2026-08-06T08:42:58,
BDCHW-1,2022-01-01,2022-12-31,success,17473,2026-08-06T08:42:59,
BDCHW-1,2023-01-01,2023-12-31,success,17473,2026-08-06T08:43:00,
BDCHW-1,2024-01-01,2024-12-31,success,17521,2026-08-06T08:43:01,
BDCHW-1,2025-01-01,2025-12-31,success,17473,2026-08-06T08:43:01,
BDCHW-1,2026-01-01,2026-07-27,success,9937,2026-08-06T08:43:02,
BEATO-1,2015-01-01,2015-12-31,success,0,2026-08-06T08:43:02,
BEATO-1,2016-01-01,2016-12-31,success,0,2026-08-06T08:43:02,
BEATO-1,2017-01-01,2017-12-31,success,0,2026-08-06T08:43:03,
BEATO-1,2018-01-01,2018-12-31,success,0,2026-08-06T08:43:03,
BEATO-1,2019-01-01,2019-12-31,success,15985,2026-08-06T08:43:04,
BEATO-1,2020-01-01,2020-12-31,success,17473,2026-08-06T08:43:04,
BEATO-1,2021-01-01,2021-12-31,success,17473,2026-08-06T08:43:05,
BEATO-1,2022-01-01,2022-12-31,success,17473,2026-08-06T08:43:06,
BEATO-1,2023-01-01,2023-12-31,success,17473,2026-08-06T08:43:07,
BEATO-1,2024-01-01,2024-12-31,success,17521,2026-08-06T08:43:07,
BEATO-1,2025-01-01,2025-12-31,success,17473,2026-08-06T08:43:08,
BEATO-1,2026-01-01,2026-07-27,success,9937,2026-08-06T08:43:08,
BEATO-2,2015-01-01,2015-12-31,success,0,2026-08-06T08:43:08,
BEATO-2,2016-01-01,2016-12-31,success,0,2026-08-06T08:43:09,
BEATO-2,2017-01-01,2017-12-31,success,0,2026-08-06T08:43:09,
BEATO-2,2018-01-01,2018-12-31,success,0,2026-08-06T08:43:09,
BEATO-2,2019-01-01,2019-12-31,success,15985,2026-08-06T08:43:10,
BEATO-2,2020-01-01,2020-12-31,success,17473,2026-08-06T08:43:10,
BEATO-2,2021-01-01,2021-12-31,success,17473,2026-08-06T08:43:11,
BEATO-2,2022-01-01,2022-12-31,success,17473,2026-08-06T08:43:12,
BEATO-2,2023-01-01,2023-12-31,success,17473,2026-08-06T08:43:13,
BEATO-2,2024-01-01,2024-12-31,success,17521,2026-08-06T08:43:13,
BEATO-2,2025-01-01,2025-12-31,success,17473,2026-08-06T08:43:14,
BEATO-2,2026-01-01,2026-07-27,success,9937,2026-08-06T08:43:14,
BEATO-3,2015-01-01,2015-12-31,success,0,2026-08-06T08:43:14,
BEATO-3,2016-01-01,2016-12-31,success,0,2026-08-06T08:43:14,
BEATO-3,2017-01-01,2017-12-31,success,0,2026-08-06T08:43:15,
BEATO-3,2018-01-01,2018-12-31,success,0,2026-08-06T08:43:15,
BEATO-3,2019-01-01,2019-12-31,success,15985,2026-08-06T08:43:17,
BEATO-3,2020-01-01,2020-12-31,success,17473,2026-08-06T08:43:17,
BEATO-3,2021-01-01,2021-12-31,success,17473,2026-08-06T08:43:19,
BEATO-3,2022-01-01,2022-12-31,success,17473,2026-08-06T08:43:19,
BEATO-3,2023-01-01,2023-12-31,success,17473,2026-08-06T08:43:20,
BEATO-3,2024-01-01,2024-12-31,success,17521,2026-08-06T08:43:20,
BEATO-3,2025-01-01,2025-12-31,success,17473,2026-08-06T08:43:21,
BEATO-3,2026-01-01,2026-07-27,success,9937,2026-08-06T08:43:21,
BEATO-4,2015-01-01,2015-12-31,success,0,2026-08-06T08:43:21,
BEATO-4,2016-01-01,2016-12-31,success,0,2026-08-06T08:43:22,
BEATO-4,2017-01-01,2017-12-31,success,0,2026-08-06T08:43:22,
BEATO-4,2018-01-01,2018-12-31,success,0,2026-08-06T08:43:22,
BEATO-4,2019-01-01,2019-12-31,success,15985,2026-08-06T08:43:23,
BEATO-4,2020-01-01,2020-12-31,success,17473,2026-08-06T08:43:24,
BEATO-4,2021-01-01,2021-12-31,success,17473,2026-08-06T08:43:25,
BEATO-4,2022-01-01,2022-12-31,success,17473,2026-08-06T08:43:25,
BEATO-4,2023-01-01,2023-12-31,success,17473,2026-08-06T08:43:25,
BEATO-4,2024-01-01,2024-12-31,success,17521,2026-08-06T08:43:26,
BEATO-4,2025-01-01,2025-12-31,success,17473,2026-08-06T08:43:26,
BEATO-4,2026-01-01,2026-07-27,success,9937,2026-08-06T08:43:27,
BEINW-1,2015-01-01,2015-12-31,success,0,2026-08-06T08:43:27,
BEINW-1,2016-01-01,2016-12-31,success,0,2026-08-06T08:43:27,
BEINW-1,2017-01-01,2017-12-31,success,0,2026-08-06T08:43:27,
BEINW-1,2018-01-01,2018-12-31,success,0,2026-08-06T08:43:28,
BEINW-1,2019-01-01,2019-12-31,success,15985,2026-08-06T08:43:28,
BEINW-1,2020-01-01,2020-12-31,success,17473,2026-08-06T08:43:30,
BEINW-1,2021-01-01,2021-12-31,success,17473,2026-08-06T08:43:30,
BEINW-1,2022-01-01,2022-12-31,success,17473,2026-08-06T08:43:31,
BEINW-1,2023-01-01,2023-12-31,success,17473,2026-08-06T08:43:32,
BEINW-1,2024-01-01,2024-12-31,success,17521,2026-08-06T08:43:33,
BEINW-1,2025-01-01,2025-12-31,success,17473,2026-08-06T08:43:34,
BEINW-1,2026-01-01,2026-07-27,success,9937,2026-08-06T08:43:34,
BETHW-1,2015-01-01,2015-12-31,success,0,2026-08-06T08:43:35,
BETHW-1,2016-01-01,2016-12-31,success,0,2026-08-06T08:43:35,
BETHW-1,2017-01-01,2017-12-31,success,0,2026-08-06T08:43:35,
BETHW-1,2018-01-01,2018-12-31,success,0,2026-08-06T08:43:35,
BETHW-1,2019-01-01,2019-12-31,success,15985,2026-08-06T08:43:36,
BETHW-1,2020-01-01,2020-12-31,success,17473,2026-08-06T08:43:37,
BETHW-1,2021-01-01,2021-12-31,success,17473,2026-08-06T08:43:38,
BETHW-1,2022-01-01,2022-12-31,success,17473,2026-08-06T08:43:39,
BETHW-1,2023-01-01,2023-12-31,success,17473,2026-08-06T08:43:40,
BETHW-1,2024-01-01,2024-12-31,success,17521,2026-08-06T08:43:41,
BETHW-1,2025-01-01,2025-12-31,success,17473,2026-08-06T08:43:41,
BETHW-1,2026-01-01,2026-07-27,success,9937,2026-08-06T08:43:42,
BGLAW-1,2015-01-01,2015-12-31,success,0,2026-08-06T08:43:42,
BGLAW-1,2016-01-01,2016-12-31,success,0,2026-08-06T08:43:42,
BGLAW-1,2017-01-01,2017-12-31,success,0,2026-08-06T08:43:42,
BGLAW-1,2018-01-01,2018-12-31,success,0,2026-08-06T08:43:43,
BGLAW-1,2019-01-01,2019-12-31,success,0,2026-08-06T08:43:43,
BGLAW-1,2020-01-01,2020-12-31,success,0,2026-08-06T08:43:43,
BGLAW-1,2021-01-01,2021-12-31,success,0,2026-08-06T08:43:43,
BGLAW-1,2022-01-01,2022-12-31,success,0,2026-08-06T08:43:43,
BGLAW-1,2023-01-01,2023-12-31,success,0,2026-08-06T08:43:43,
BGLAW-1,2024-01-01,2024-12-31,success,0,2026-08-06T08:43:44,
BGLAW-1,2025-01-01,2025-12-31,success,0,2026-08-06T08:43:44,
BGLAW-1,2026-01-01,2026-07-27,success,0,2026-08-06T08:43:44,
BHLAW-1,2015-01-01,2015-12-31,success,0,2026-08-06T08:43:44,
BHLAW-1,2016-01-01,2016-12-31,success,0,2026-08-06T08:43:44,
BHLAW-1,2017-01-01,2017-12-31,success,0,2026-08-06T08:43:45,
BHLAW-1,2018-01-01,2018-12-31,success,0,2026-08-06T08:43:45,
BHLAW-1,2019-01-01,2019-12-31,success,15985,2026-08-06T08:43:46,
BHLAW-1,2020-01-01,2020-12-31,success,17473,2026-08-06T08:43:46,
BHLAW-1,2021-01-01,2021-12-31,success,17473,2026-08-06T08:43:47,
BHLAW-1,2022-01-01,2022-12-31,success,17473,2026-08-06T08:43:49,
BHLAW-1,2023-01-01,2023-12-31,success,17473,2026-08-06T08:43:49,
BHLAW-1,2024-01-01,2024-12-31,success,17521,2026-08-06T08:43:50,
BHLAW-1,2025-01-01,2025-12-31,success,17473,2026-08-06T08:43:50,
BHLAW-1,2026-01-01,2026-07-27,success,9937,2026-08-06T08:43:51,
BLKWW-1,2015-01-01,2015-12-31,success,0,2026-08-06T08:43:51,
BLKWW-1,2016-01-01,2016-12-31,success,0,2026-08-06T08:43:51,
BLKWW-1,2017-01-01,2017-12-31,success,0,2026-08-06T08:43:51,
BLKWW-1,2018-01-01,2018-12-31,success,0,2026-08-06T08:43:52,
BLKWW-1,2019-01-01,2019-12-31,success,15985,2026-08-06T08:43:52,
BLKWW-1,2020-01-01,2020-12-31,success,17473,2026-08-06T08:43:53,
BLKWW-1,2021-01-01,2021-12-31,success,17473,2026-08-06T08:43:54,
BLKWW-1,2022-01-01,2022-12-31,success,17473,2026-08-06T08:43:55,
BLKWW-1,2023-01-01,2023-12-31,success,17473,2026-08-06T08:43:55,
BLKWW-1,2024-01-01,2024-12-31,success,17521,2026-08-06T08:43:56,
BLKWW-1,2025-01-01,2025-12-31,success,17473,2026-08-06T08:43:57,
BLKWW-1,2026-01-01,2026-07-27,success,9937,2026-08-06T08:43:57,
BLLA-1,2015-01-01,2015-12-31,success,0,2026-08-06T08:43:57,
BLLA-1,2016-01-01,2016-12-31,success,0,2026-08-06T08:43:58,
BLLA-1,2017-01-01,2017-12-31,success,0,2026-08-06T08:43:58,
BLLA-1,2018-01-01,2018-12-31,success,0,2026-08-06T08:43:58,
BLLA-1,2019-01-01,2019-12-31,success,15985,2026-08-06T08:43:59,
BLLA-1,2020-01-01,2020-12-31,success,17473,2026-08-06T08:44:00,
BLLA-1,2021-01-01,2021-12-31,success,17473,2026-08-06T08:44:00,
BLLA-1,2022-01-01,2022-12-31,success,17473,2026-08-06T08:44:02,
BLLA-1,2023-01-01,2023-12-31,success,17473,2026-08-06T08:44:02,
BLLA-1,2024-01-01,2024-12-31,success,17521,2026-08-06T08:44:03,
BLLA-1,2025-01-01,2025-12-31,success,17473,2026-08-06T08:44:04,
BLLA-1,2026-01-01,2026-07-27,success,9937,2026-08-06T08:44:04,
BLLA-2,2015-01-01,2015-12-31,success,0,2026-08-06T08:44:05,
BLLA-2,2016-01-01,2016-12-31,success,0,2026-08-06T08:44:05,
BLLA-2,2017-01-01,2017-12-31,success,0,2026-08-06T08:44:05,
BLLA-2,2018-01-01,2018-12-31,success,0,2026-08-06T08:44:05,
BLLA-2,2019-01-01,2019-12-31,success,15985,2026-08-06T08:44:06,
BLLA-2,2020-01-01,2020-12-31,success,17473,2026-08-06T08:44:07,
BLLA-2,2021-01-01,2021-12-31,success,17473,2026-08-06T08:44:08,
BLLA-2,2022-01-01,2022-12-31,success,17473,2026-08-06T08:44:09,
BLLA-2,2023-01-01,2023-12-31,success,17473,2026-08-06T08:44:09,
BLLA-2,2024-01-01,2024-12-31,success,17521,2026-08-06T08:44:10,
BLLA-2,2025-01-01,2025-12-31,success,17473,2026-08-06T08:44:11,
BLLA-2,2026-01-01,2026-07-27,success,9937,2026-08-06T08:44:11,
BNAKW-1,2015-01-01,2015-12-31,success,0,2026-08-06T08:44:11,
BNAKW-1,2016-01-01,2016-12-31,success,0,2026-08-06T08:44:11,
BNAKW-1,2017-01-01,2017-12-31,success,0,2026-08-06T08:44:11,
BNAKW-1,2018-01-01,2018-12-31,success,0,2026-08-06T08:44:12,
BNAKW-1,2019-01-01,2019-12-31,success,0,2026-08-06T08:44:12,
BNAKW-1,2020-01-01,2020-12-31,success,0,2026-08-06T08:44:12,
BNAKW-1,2021-01-01,2021-12-31,success,0,2026-08-06T08:44:12,
BNAKW-1,2022-01-01,2022-12-31,success,0,2026-08-06T08:44:12,
BNAKW-1,2023-01-01,2023-12-31,success,0,2026-08-06T08:44:13,
BNAKW-1,2024-01-01,2024-12-31,success,0,2026-08-06T08:44:13,
BNAKW-1,2025-01-01,2025-12-31,success,0,2026-08-06T08:44:13,
BNAKW-1,2026-01-01,2026-07-27,success,0,2026-08-06T08:44:13,
BNWKW-1,2015-01-01,2015-12-31,success,0,2026-08-06T08:44:13,
BNWKW-1,2016-01-01,2016-12-31,success,0,2026-08-06T08:44:13,
BNWKW-1,2017-01-01,2017-12-31,success,0,2026-08-06T08:44:14,
BNWKW-1,2018-01-01,2018-12-31,success,0,2026-08-06T08:44:14,
BNWKW-1,2019-01-01,2019-12-31,success,15985,2026-08-06T08:44:15,
BNWKW-1,2020-01-01,2020-12-31,success,17473,2026-08-06T08:44:16,
BNWKW-1,2021-01-01,2021-12-31,success,17473,2026-08-06T08:44:16,
BNWKW-1,2022-01-01,2022-12-31,success,17473,2026-08-06T08:44:17,
BNWKW-1,2023-01-01,2023-12-31,success,17473,2026-08-06T08:44:18,
BNWKW-1,2024-01-01,2024-12-31,success,17521,2026-08-06T08:44:19,
BNWKW-1,2025-01-01,2025-12-31,success,17473,2026-08-06T08:44:20,
BNWKW-1,2026-01-01,2026-07-27,success,9937,2026-08-06T08:44:20,
BOULW-1,2015-01-01,2015-12-31,success,0,2026-08-06T08:44:20,
BOULW-1,2016-01-01,2016-12-31,success,0,2026-08-06T08:44:21,
BOULW-1,2017-01-01,2017-12-31,success,0,2026-08-06T08:44:21,
BOULW-1,2018-01-01,2018-12-31,success,0,2026-08-06T08:44:21,
BOULW-1,2019-01-01,2019-12-31,success,0,2026-08-06T08:44:21,
BOULW-1,2020-01-01,2020-12-31,success,0,2026-08-06T08:44:21,
BOULW-1,2021-01-01,2021-12-31,success,0,2026-08-06T08:44:21,
BOULW-1,2022-01-01,2022-12-31,success,0,2026-08-06T08:44:22,
BOULW-1,2023-01-01,2023-12-31,success,0,2026-08-06T08:44:22,
BOULW-1,2024-01-01,2024-12-31,success,0,2026-08-06T08:44:22,
BOULW-1,2025-01-01,2025-12-31,success,0,2026-08-06T08:44:22,
BOULW-1,2026-01-01,2026-07-27,success,0,2026-08-06T08:44:22,
BOWLW-1,2015-01-01,2015-12-31,success,0,2026-08-06T08:44:23,
BOWLW-1,2016-01-01,2016-12-31,success,0,2026-08-06T08:44:23,
BOWLW-1,2017-01-01,2017-12-31,success,0,2026-08-06T08:44:23,
BOWLW-1,2018-01-01,2018-12-31,success,0,2026-08-06T08:44:23,
BOWLW-1,2019-01-01,2019-12-31,success,15985,2026-08-06T08:44:24,
BOWLW-1,2020-01-01,2020-12-31,success,17473,2026-08-06T08:44:25,
BOWLW-1,2021-01-01,2021-12-31,success,17473,2026-08-06T08:44:26,
BOWLW-1,2022-01-01,2022-12-31,success,17473,2026-08-06T08:44:27,
BOWLW-1,2023-01-01,2023-12-31,success,17473,2026-08-06T08:44:28,
BOWLW-1,2024-01-01,2024-12-31,success,17521,2026-08-06T08:44:28,
BOWLW-1,2025-01-01,2025-12-31,success,17473,2026-08-06T08:44:29,
BOWLW-1,2026-01-01,2026-07-27,success,9937,2026-08-06T08:44:29,
BOYNW-1,2015-01-01,2015-12-31,success,0,2026-08-06T08:44:30,
BOYNW-1,2016-01-01,2016-12-31,success,0,2026-08-06T08:44:30,
BOYNW-1,2017-01-01,2017-12-31,success,0,2026-08-06T08:44:30,
BOYNW-1,2018-01-01,2018-12-31,success,0,2026-08-06T08:44:30,
BOYNW-1,2019-01-01,2019-12-31,success,0,2026-08-06T08:44:30,
BOYNW-1,2020-01-01,2020-12-31,success,0,2026-08-06T08:44:31,
BOYNW-1,2021-01-01,2021-12-31,success,0,2026-08-06T08:44:31,
BOYNW-1,2022-01-01,2022-12-31,success,0,2026-08-06T08:44:31,
BOYNW-1,2023-01-01,2023-12-31,success,0,2026-08-06T08:44:31,
BOYNW-1,2024-01-01,2024-12-31,success,0,2026-08-06T08:44:31,
BOYNW-1,2025-01-01,2025-12-31,success,0,2026-08-06T08:44:31,
BOYNW-1,2026-01-01,2026-07-27,success,0,2026-08-06T08:44:32,
BRBEO-1,2015-01-01,2015-12-31,success,0,2026-08-06T08:44:32,
BRBEO-1,2016-01-01,2016-12-31,success,0,2026-08-06T08:44:32,
BRBEO-1,2017-01-01,2017-12-31,success,0,2026-08-06T08:44:32,
BRBEO-1,2018-01-01,2018-12-31,success,0,2026-08-06T08:44:33,
BRBEO-1,2019-01-01,2019-12-31,success,15985,2026-08-06T08:44:34,
BRBEO-1,2020-01-01,2020-12-31,success,17473,2026-08-06T08:44:35,
BRBEO-1,2021-01-01,2021-12-31,success,17473,2026-08-06T08:44:35,
BRBEO-1,2022-01-01,2022-12-31,success,17473,2026-08-06T08:44:36,
BRBEO-1,2023-01-01,2023-12-31,success,17473,2026-08-06T08:44:37,
BRBEO-1,2024-01-01,2024-12-31,success,17521,2026-08-06T08:44:38,
BRBEO-1,2025-01-01,2025-12-31,success,17473,2026-08-06T08:44:38,
BRBEO-1,2026-01-01,2026-07-27,success,9937,2026-08-06T08:44:39,
BRDUW-1,2015-01-01,2015-12-31,success,0,2026-08-06T08:44:39,
BRDUW-1,2016-01-01,2016-12-31,success,0,2026-08-06T08:44:39,
BRDUW-1,2017-01-01,2017-12-31,success,0,2026-08-06T08:44:39,
BRDUW-1,2018-01-01,2018-12-31,success,0,2026-08-06T08:44:39,
BRDUW-1,2019-01-01,2019-12-31,success,15985,2026-08-06T08:44:40,
BRDUW-1,2020-01-01,2020-12-31,success,17473,2026-08-06T08:44:41,
BRDUW-1,2021-01-01,2021-12-31,success,17473,2026-08-06T08:44:42,
BRDUW-1,2022-01-01,2022-12-31,success,17473,2026-08-06T08:44:43,
BRDUW-1,2023-01-01,2023-12-31,success,17473,2026-08-06T08:44:44,
BRDUW-1,2024-01-01,2024-12-31,success,17521,2026-08-06T08:44:45,
BRDUW-1,2025-01-01,2025-12-31,success,17473,2026-08-06T08:44:46,
BRDUW-1,2026-01-01,2026-07-27,success,9937,2026-08-06T08:44:46,
BRGG-1,2015-01-01,2015-12-31,success,0,2026-08-06T08:44:47,
BRGG-1,2016-01-01,2016-12-31,success,0,2026-08-06T08:44:47,
BRGG-1,2017-01-01,2017-12-31,success,0,2026-08-06T08:44:47,
BRGG-1,2018-01-01,2018-12-31,success,0,2026-08-06T08:44:47,
BRGG-1,2019-01-01,2019-12-31,success,15985,2026-08-06T08:44:48,
BRGG-1,2020-01-01,2020-12-31,success,17473,2026-08-06T08:44:49,
BRGG-1,2021-01-01,2021-12-31,success,17473,2026-08-06T08:44:49,
BRGG-1,2022-01-01,2022-12-31,success,17473,2026-08-06T08:44:50,
BRGG-1,2023-01-01,2023-12-31,success,17473,2026-08-06T08:44:51,
BRGG-1,2024-01-01,2024-12-31,success,14302,2026-08-06T08:44:52,
BRGG-1,2025-01-01,2025-12-31,success,0,2026-08-06T08:44:52,
BRGG-1,2026-01-01,2026-07-27,success,0,2026-08-06T08:44:52,
BRYBW-1,2015-01-01,2015-12-31,success,0,2026-08-06T08:44:53,
BRYBW-1,2016-01-01,2016-12-31,success,0,2026-08-06T08:44:53,
BRYBW-1,2017-01-01,2017-12-31,success,0,2026-08-06T08:44:53,
BRYBW-1,2018-01-01,2018-12-31,success,0,2026-08-06T08:44:53,
BRYBW-1,2019-01-01,2019-12-31,success,15985,2026-08-06T08:44:54,
BRYBW-1,2020-01-01,2020-12-31,success,17473,2026-08-06T08:44:55,
BRYBW-1,2021-01-01,2021-12-31,success,17473,2026-08-06T08:44:56,
BRYBW-1,2022-01-01,2022-12-31,success,17473,2026-08-06T08:44:57,
BRYBW-1,2023-01-01,2023-12-31,success,17473,2026-08-06T08:44:58,
BRYBW-1,2024-01-01,2024-12-31,success,17521,2026-08-06T08:44:58,
BRYBW-1,2025-01-01,2025-12-31,success,17473,2026-08-06T08:44:59,
BRYBW-1,2026-01-01,2026-07-27,success,9937,2026-08-06T08:45:00,
BRYP-1,2015-01-01,2015-12-31,success,0,2026-08-06T08:45:00,
BRYP-1,2016-01-01,2016-12-31,success,0,2026-08-06T08:45:00,
BRYP-1,2017-01-01,2017-12-31,success,0,2026-08-06T08:45:01,
BRYP-1,2018-01-01,2018-12-31,success,0,2026-08-06T08:45:01,
BRYP-1,2019-01-01,2019-12-31,success,0,2026-08-06T08:45:01,
BRYP-1,2020-01-01,2020-12-31,success,0,2026-08-06T08:45:01,
BRYP-1,2021-01-01,2021-12-31,success,0,2026-08-06T08:45:01,
BRYP-1,2022-01-01,2022-12-31,success,0,2026-08-06T08:45:02,
BRYP-1,2023-01-01,2023-12-31,success,0,2026-08-06T08:45:02,
BRYP-1,2024-01-01,2024-12-31,success,0,2026-08-06T08:45:02,
BRYP-1,2025-01-01,2025-12-31,success,0,2026-08-06T08:45:02,
BRYP-1,2026-01-01,2026-07-27,success,0,2026-08-06T08:45:02,
BTUIW-1,2015-01-01,2015-12-31,success,0,2026-08-06T08:45:03,
BTUIW-1,2016-01-01,2016-12-31,success,0,2026-08-06T08:45:03,
BTUIW-1,2017-01-01,2017-12-31,success,0,2026-08-06T08:45:03,
BTUIW-1,2018-01-01,2018-12-31,success,0,2026-08-06T08:45:03,
BTUIW-1,2019-01-01,2019-12-31,success,0,2026-08-06T08:45:03,
BTUIW-1,2020-01-01,2020-12-31,success,0,2026-08-06T08:45:04,
BTUIW-1,2021-01-01,2021-12-31,success,0,2026-08-06T08:45:04,
BTUIW-1,2022-01-01,2022-12-31,success,0,2026-08-06T08:45:04,
BTUIW-1,2023-01-01,2023-12-31,success,0,2026-08-06T08:45:04,
BTUIW-1,2024-01-01,2024-12-31,success,0,2026-08-06T08:45:04,
BTUIW-1,2025-01-01,2025-12-31,success,0,2026-08-06T08:45:05,
BTUIW-1,2026-01-01,2026-07-27,success,0,2026-08-06T08:45:05,
BTUIW-2,2015-01-01,2015-12-31,success,0,2026-08-06T08:45:05,
BTUIW-2,2016-01-01,2016-12-31,success,0,2026-08-06T08:45:05,
BTUIW-2,2017-01-01,2017-12-31,success,0,2026-08-06T08:45:05,
BTUIW-2,2018-01-01,2018-12-31,success,0,2026-08-06T08:45:06,
BTUIW-2,2019-01-01,2019-12-31,success,15985,2026-08-06T08:45:06,
BTUIW-2,2020-01-01,2020-12-31,success,17473,2026-08-06T08:45:07,
BTUIW-2,2021-01-01,2021-12-31,success,17473,2026-08-06T08:45:08,
BTUIW-2,2022-01-01,2022-12-31,success,17473,2026-08-06T08:45:09,
BTUIW-2,2023-01-01,2023-12-31,success,17473,2026-08-06T08:45:10,
BTUIW-2,2024-01-01,2024-12-31,success,17521,2026-08-06T08:45:12,
BTUIW-2,2025-01-01,2025-12-31,success,17473,2026-08-06T08:45:14,
BTUIW-2,2026-01-01,2026-07-27,success,9937,2026-08-06T08:45:14,
BTUIW-3,2015-01-01,2015-12-31,success,0,2026-08-06T08:45:14,
BTUIW-3,2016-01-01,2016-12-31,success,0,2026-08-06T08:45:15,
BTUIW-3,2017-01-01,2017-12-31,success,0,2026-08-06T08:45:15,
BTUIW-3,2018-01-01,2018-12-31,success,0,2026-08-06T08:45:15,
BTUIW-3,2019-01-01,2019-12-31,success,0,2026-08-06T08:45:15,
BTUIW-3,2020-01-01,2020-12-31,success,0,2026-08-06T08:45:15,
BTUIW-3,2021-01-01,2021-12-31,success,15601,2026-08-06T08:45:16,
BTUIW-3,2022-01-01,2022-12-31,success,17473,2026-08-06T08:45:17,
BTUIW-3,2023-01-01,2023-12-31,success,17473,2026-08-06T08:45:18,
BTUIW-3,2024-01-01,2024-12-31,success,17521,2026-08-06T08:45:19,
BTUIW-3,2025-01-01,2025-12-31,success,17473,2026-08-06T08:45:20,
BTUIW-3,2026-01-01,2026-07-27,success,9937,2026-08-06T08:45:20,
BURBW-1,2015-01-01,2015-12-31,success,0,2026-08-06T08:45:21,
BURBW-1,2016-01-01,2016-12-31,success,0,2026-08-06T08:45:21,
BURBW-1,2017-01-01,2017-12-31,success,0,2026-08-06T08:45:21,
BURBW-1,2018-01-01,2018-12-31,success,0,2026-08-06T08:45:21,
BURBW-1,2019-01-01,2019-12-31,success,15985,2026-08-06T08:45:23,
BURBW-1,2020-01-01,2020-12-31,success,17473,2026-08-06T08:45:24,
BURBW-1,2021-01-01,2021-12-31,success,17473,2026-08-06T08:45:25,
BURBW-1,2022-01-01,2022-12-31,success,17473,2026-08-06T08:45:26,
BURBW-1,2023-01-01,2023-12-31,success,17473,2026-08-06T08:45:27,
BURBW-1,2024-01-01,2024-12-31,success,17521,2026-08-06T08:45:28,
BURBW-1,2025-01-01,2025-12-31,success,17473,2026-08-06T08:45:29,
BURBW-1,2026-01-01,2026-07-27,success,9937,2026-08-06T08:45:30,
CAIRW-1,2015-01-01,2015-12-31,success,0,2026-08-06T08:45:30,
CAIRW-1,2016-01-01,2016-12-31,success,0,2026-08-06T08:45:30,
CAIRW-1,2017-01-01,2017-12-31,success,0,2026-08-06T08:45:30,
CAIRW-1,2018-01-01,2018-12-31,success,0,2026-08-06T08:45:30,
CAIRW-1,2019-01-01,2019-12-31,success,0,2026-08-06T08:45:31,
CAIRW-1,2020-01-01,2020-12-31,success,0,2026-08-06T08:45:31,
CAIRW-1,2021-01-01,2021-12-31,success,0,2026-08-06T08:45:31,
CAIRW-1,2022-01-01,2022-12-31,success,0,2026-08-06T08:45:31,
CAIRW-1,2023-01-01,2023-12-31,success,0,2026-08-06T08:45:31,
CAIRW-1,2024-01-01,2024-12-31,success,0,2026-08-06T08:45:32,
CAIRW-1,2025-01-01,2025-12-31,success,0,2026-08-06T08:45:32,
CAIRW-1,2026-01-01,2026-07-27,success,0,2026-08-06T08:45:32,
CAIRW-2,2015-01-01,2015-12-31,success,0,2026-08-06T08:45:32,
CAIRW-2,2016-01-01,2016-12-31,success,0,2026-08-06T08:45:32,
CAIRW-2,2017-01-01,2017-12-31,success,0,2026-08-06T08:45:32,
CAIRW-2,2018-01-01,2018-12-31,success,0,2026-08-06T08:45:33,
CAIRW-2,2019-01-01,2019-12-31,success,15985,2026-08-06T08:45:34,
CAIRW-2,2020-01-01,2020-12-31,success,17473,2026-08-06T08:45:35,
CAIRW-2,2021-01-01,2021-12-31,success,17473,2026-08-06T08:45:35,
CAIRW-2,2022-01-01,2022-12-31,success,17473,2026-08-06T08:45:36,
CAIRW-2,2023-01-01,2023-12-31,success,17473,2026-08-06T08:45:37,
CAIRW-2,2024-01-01,2024-12-31,success,17521,2026-08-06T08:45:38,
CAIRW-2,2025-01-01,2025-12-31,success,17473,2026-08-06T08:45:39,
CAIRW-2,2026-01-01,2026-07-27,success,9937,2026-08-06T08:45:39,
CARR-1,2015-01-01,2015-12-31,success,0,2026-08-06T08:45:39,
CARR-1,2016-01-01,2016-12-31,success,0,2026-08-06T08:45:39,
CARR-1,2017-01-01,2017-12-31,success,0,2026-08-06T08:45:40,
CARR-1,2018-01-01,2018-12-31,success,0,2026-08-06T08:45:40,
CARR-1,2019-01-01,2019-12-31,success,15985,2026-08-06T08:45:41,
CARR-1,2020-01-01,2020-12-31,success,17473,2026-08-06T08:45:42,
CARR-1,2021-01-01,2021-12-31,success,17473,2026-08-06T08:45:43,
CARR-1,2022-01-01,2022-12-31,success,17473,2026-08-06T08:45:43,
CARR-1,2023-01-01,2023-12-31,success,17473,2026-08-06T08:45:44,
CARR-1,2024-01-01,2024-12-31,success,17521,2026-08-06T08:45:45,
CARR-1,2025-01-01,2025-12-31,success,17473,2026-08-06T08:45:46,
CARR-1,2026-01-01,2026-07-27,success,9937,2026-08-06T08:45:47,
CARR-2,2015-01-01,2015-12-31,success,0,2026-08-06T08:45:47,
CARR-2,2016-01-01,2016-12-31,success,0,2026-08-06T08:45:47,
CARR-2,2017-01-01,2017-12-31,success,0,2026-08-06T08:45:47,
CARR-2,2018-01-01,2018-12-31,success,0,2026-08-06T08:45:48,
CARR-2,2019-01-01,2019-12-31,success,15985,2026-08-06T08:45:49,
CARR-2,2020-01-01,2020-12-31,success,17473,2026-08-06T08:45:50,
CARR-2,2021-01-01,2021-12-31,success,17473,2026-08-06T08:45:50,
CARR-2,2022-01-01,2022-12-31,success,17473,2026-08-06T08:45:51,
CARR-2,2023-01-01,2023-12-31,success,17473,2026-08-06T08:45:52,
CARR-2,2024-01-01,2024-12-31,success,17521,2026-08-06T08:45:53,
CARR-2,2025-01-01,2025-12-31,success,17473,2026-08-06T08:45:54,
CARR-2,2026-01-01,2026-07-27,success,9937,2026-08-06T08:45:55,
CAS-BEU01,2015-01-01,2015-12-31,success,0,2026-08-06T08:45:55,
CAS-BEU01,2016-01-01,2016-12-31,success,0,2026-08-06T08:45:55,
CAS-BEU01,2017-01-01,2017-12-31,success,0,2026-08-06T08:45:55,
CAS-BEU01,2018-01-01,2018-12-31,success,0,2026-08-06T08:45:56,
CAS-BEU01,2019-01-01,2019-12-31,success,15985,2026-08-06T08:45:57,
CAS-BEU01,2020-01-01,2020-12-31,success,17473,2026-08-06T08:45:58,
CAS-BEU01,2021-01-01,2021-12-31,success,17473,2026-08-06T08:45:59,
CAS-BEU01,2022-01-01,2022-12-31,success,17473,2026-08-06T08:45:59,
CAS-BEU01,2023-01-01,2023-12-31,success,17473,2026-08-06T08:46:00,
CAS-BEU01,2024-01-01,2024-12-31,success,17521,2026-08-06T08:46:02,
CAS-BEU01,2025-01-01,2025-12-31,success,17473,2026-08-06T08:46:02,
CAS-BEU01,2026-01-01,2026-07-27,success,9937,2026-08-06T08:46:03,
CAS-CLU01,2015-01-01,2015-12-31,success,0,2026-08-06T08:46:03,
CAS-CLU01,2016-01-01,2016-12-31,success,0,2026-08-06T08:46:03,
CAS-CLU01,2017-01-01,2017-12-31,success,0,2026-08-06T08:46:03,
CAS-CLU01,2018-01-01,2018-12-31,success,0,2026-08-06T08:46:04,
CAS-CLU01,2019-01-01,2019-12-31,success,15985,2026-08-06T08:46:04,
CAS-CLU01,2020-01-01,2020-12-31,success,17473,2026-08-06T08:46:06,
CAS-CLU01,2021-01-01,2021-12-31,success,17473,2026-08-06T08:46:07,
CAS-CLU01,2022-01-01,2022-12-31,success,17473,2026-08-06T08:46:08,
CAS-CLU01,2023-01-01,2023-12-31,success,17473,2026-08-06T08:46:08,
CAS-CLU01,2024-01-01,2024-12-31,success,17521,2026-08-06T08:46:09,
CAS-CLU01,2025-01-01,2025-12-31,success,17473,2026-08-06T08:46:09,
CAS-CLU01,2026-01-01,2026-07-27,success,9937,2026-08-06T08:46:10,
CAS-CON01,2015-01-01,2015-12-31,success,0,2026-08-06T08:46:11,
CAS-CON01,2016-01-01,2016-12-31,success,0,2026-08-06T08:46:11,
CAS-CON01,2017-01-01,2017-12-31,success,0,2026-08-06T08:46:11,
CAS-CON01,2018-01-01,2018-12-31,success,0,2026-08-06T08:46:12,
CAS-CON01,2019-01-01,2019-12-31,success,15985,2026-08-06T08:46:13,
CAS-CON01,2020-01-01,2020-12-31,success,17473,2026-08-06T08:46:14,
CAS-CON01,2021-01-01,2021-12-31,success,17473,2026-08-06T08:46:15,
CAS-CON01,2022-01-01,2022-12-31,success,17473,2026-08-06T08:46:16,
CAS-CON01,2023-01-01,2023-12-31,success,17473,2026-08-06T08:46:18,
CAS-CON01,2024-01-01,2024-12-31,success,17521,2026-08-06T08:46:18,
CAS-CON01,2025-01-01,2025-12-31,success,17473,2026-08-06T08:46:19,
CAS-CON01,2026-01-01,2026-07-27,success,9937,2026-08-06T08:46:19,
CAS-GAR01,2015-01-01,2015-12-31,success,0,2026-08-06T08:46:19,
CAS-GAR01,2016-01-01,2016-12-31,success,0,2026-08-06T08:46:20,
CAS-GAR01,2017-01-01,2017-12-31,success,0,2026-08-06T08:46:20,
CAS-GAR01,2018-01-01,2018-12-31,success,0,2026-08-06T08:46:20,
CAS-GAR01,2019-01-01,2019-12-31,success,15985,2026-08-06T08:46:21,
CAS-GAR01,2020-01-01,2020-12-31,success,17473,2026-08-06T08:46:22,
CAS-GAR01,2021-01-01,2021-12-31,success,17473,2026-08-06T08:46:23,
CAS-GAR01,2022-01-01,2022-12-31,success,17473,2026-08-06T08:46:26,
CAS-GAR01,2023-01-01,2023-12-31,success,17473,2026-08-06T08:46:29,
CAS-GAR01,2024-01-01,2024-12-31,success,17521,2026-08-06T08:46:32,
CAS-GAR01,2025-01-01,2025-12-31,success,17473,2026-08-06T08:46:33,
CAS-GAR01,2026-01-01,2026-07-27,success,9937,2026-08-06T08:46:33,
CAS-KIL01,2015-01-01,2015-12-31,success,0,2026-08-06T08:46:34,
CAS-KIL01,2016-01-01,2016-12-31,success,0,2026-08-06T08:46:34,
CAS-KIL01,2017-01-01,2017-12-31,success,0,2026-08-06T08:46:34,
CAS-KIL01,2018-01-01,2018-12-31,success,0,2026-08-06T08:46:34,
CAS-KIL01,2019-01-01,2019-12-31,success,15985,2026-08-06T08:46:35,
CAS-KIL01,2020-01-01,2020-12-31,success,17473,2026-08-06T08:46:36,
CAS-KIL01,2021-01-01,2021-12-31,success,17473,2026-08-06T08:46:37,
CAS-KIL01,2022-01-01,2022-12-31,success,17473,2026-08-06T08:46:37,
CAS-KIL01,2023-01-01,2023-12-31,success,17473,2026-08-06T08:46:38,
CAS-KIL01,2024-01-01,2024-12-31,success,17521,2026-08-06T08:46:38,
CAS-KIL01,2025-01-01,2025-12-31,success,17473,2026-08-06T08:46:39,
CAS-KIL01,2026-01-01,2026-07-27,success,9937,2026-08-06T08:46:39,
CAS-MOR01,2015-01-01,2015-12-31,success,0,2026-08-06T08:46:39,
CAS-MOR01,2016-01-01,2016-12-31,success,0,2026-08-06T08:46:40,
CAS-MOR01,2017-01-01,2017-12-31,success,0,2026-08-06T08:46:40,
CAS-MOR01,2018-01-01,2018-12-31,success,0,2026-08-06T08:46:40,
CAS-MOR01,2019-01-01,2019-12-31,success,15985,2026-08-06T08:46:41,
CAS-MOR01,2020-01-01,2020-12-31,success,17473,2026-08-06T08:46:42,
CAS-MOR01,2021-01-01,2021-12-31,success,17473,2026-08-06T08:46:43,
CAS-MOR01,2022-01-01,2022-12-31,success,17473,2026-08-06T08:46:44,
CAS-MOR01,2023-01-01,2023-12-31,success,17473,2026-08-06T08:46:45,
CAS-MOR01,2024-01-01,2024-12-31,success,17521,2026-08-06T08:46:46,
CAS-MOR01,2025-01-01,2025-12-31,success,17473,2026-08-06T08:46:46,
CAS-MOR01,2026-01-01,2026-07-27,success,9937,2026-08-06T08:46:47,
CAUSW-1,2015-01-01,2015-12-31,success,0,2026-08-06T08:46:47,
CAUSW-1,2016-01-01,2016-12-31,success,0,2026-08-06T08:46:47,
CAUSW-1,2017-01-01,2017-12-31,success,0,2026-08-06T08:46:47,
CAUSW-1,2018-01-01,2018-12-31,success,0,2026-08-06T08:46:47,
CAUSW-1,2019-01-01,2019-12-31,success,0,2026-08-06T08:46:48,
CAUSW-1,2020-01-01,2020-12-31,success,0,2026-08-06T08:46:48,
CAUSW-1,2021-01-01,2021-12-31,success,15217,2026-08-06T08:46:49,
CAUSW-1,2022-01-01,2022-12-31,success,17473,2026-08-06T08:46:50,
CAUSW-1,2023-01-01,2023-12-31,success,17473,2026-08-06T08:46:50,
CAUSW-1,2024-01-01,2024-12-31,success,17521,2026-08-06T08:46:51,
CAUSW-1,2025-01-01,2025-12-31,success,17473,2026-08-06T08:46:52,
CAUSW-1,2026-01-01,2026-07-27,success,9937,2026-08-06T08:46:53,
CDCL-1,2015-01-01,2015-12-31,success,0,2026-08-06T08:46:53,
CDCL-1,2016-01-01,2016-12-31,success,0,2026-08-06T08:46:53,
CDCL-1,2017-01-01,2017-12-31,success,0,2026-08-06T08:46:54,
CDCL-1,2018-01-01,2018-12-31,success,0,2026-08-06T08:46:54,
CDCL-1,2019-01-01,2019-12-31,success,15985,2026-08-06T08:46:55,
CDCL-1,2020-01-01,2020-12-31,success,17473,2026-08-06T08:46:56,
CDCL-1,2021-01-01,2021-12-31,success,17473,2026-08-06T08:46:57,
CDCL-1,2022-01-01,2022-12-31,success,17473,2026-08-06T08:46:58,
CDCL-1,2023-01-01,2023-12-31,success,17473,2026-08-06T08:46:59,
CDCL-1,2024-01-01,2024-12-31,success,17521,2026-08-06T08:46:59,
CDCL-1,2025-01-01,2025-12-31,success,17473,2026-08-06T08:47:00,
CDCL-1,2026-01-01,2026-07-27,success,9937,2026-08-06T08:47:01,
CDWTW-1,2015-01-01,2015-12-31,success,0,2026-08-06T08:47:01,
CDWTW-1,2016-01-01,2016-12-31,success,0,2026-08-06T08:47:01,
CDWTW-1,2017-01-01,2017-12-31,success,0,2026-08-06T08:47:01,
CDWTW-1,2018-01-01,2018-12-31,success,0,2026-08-06T08:47:01,
CDWTW-1,2019-01-01,2019-12-31,success,0,2026-08-06T08:47:02,
CDWTW-1,2020-01-01,2020-12-31,success,0,2026-08-06T08:47:02,
CDWTW-1,2021-01-01,2021-12-31,success,0,2026-08-06T08:47:02,
CDWTW-1,2022-01-01,2022-12-31,success,0,2026-08-06T08:47:03,
CDWTW-1,2023-01-01,2023-12-31,success,0,2026-08-06T08:47:03,
CDWTW-1,2024-01-01,2024-12-31,success,0,2026-08-06T08:47:03,
CDWTW-1,2025-01-01,2025-12-31,success,0,2026-08-06T08:47:03,
CDWTW-1,2026-01-01,2026-07-27,success,0,2026-08-06T08:47:04,
CGTHW-1,2015-01-01,2015-12-31,success,0,2026-08-06T08:47:04,
CGTHW-1,2016-01-01,2016-12-31,success,0,2026-08-06T08:47:04,
CGTHW-1,2017-01-01,2017-12-31,success,0,2026-08-06T08:47:04,
CGTHW-1,2018-01-01,2018-12-31,success,0,2026-08-06T08:47:04,
CGTHW-1,2019-01-01,2019-12-31,success,15985,2026-08-06T08:47:05,
CGTHW-1,2020-01-01,2020-12-31,success,17473,2026-08-06T08:47:06,
CGTHW-1,2021-01-01,2021-12-31,success,17473,2026-08-06T08:47:07,
CGTHW-1,2022-01-01,2022-12-31,success,17473,2026-08-06T08:47:08,
CGTHW-1,2023-01-01,2023-12-31,success,17473,2026-08-06T08:47:09,
CGTHW-1,2024-01-01,2024-12-31,success,17521,2026-08-06T08:47:11,
CGTHW-1,2025-01-01,2025-12-31,success,17473,2026-08-06T08:47:11,
CGTHW-1,2026-01-01,2026-07-27,success,9937,2026-08-06T08:47:12,
CLAC-1,2015-01-01,2015-12-31,success,0,2026-08-06T08:47:13,
CLAC-1,2016-01-01,2016-12-31,success,0,2026-08-06T08:47:13,
CLAC-1,2017-01-01,2017-12-31,success,0,2026-08-06T08:47:13,
CLAC-1,2018-01-01,2018-12-31,success,0,2026-08-06T08:47:13,
CLAC-1,2019-01-01,2019-12-31,success,15985,2026-08-06T08:47:15,
CLAC-1,2020-01-01,2020-12-31,success,17473,2026-08-06T08:47:15,
CLAC-1,2021-01-01,2021-12-31,success,17473,2026-08-06T08:47:16,
CLAC-1,2022-01-01,2022-12-31,success,17473,2026-08-06T08:47:18,
CLAC-1,2023-01-01,2023-12-31,success,17473,2026-08-06T08:47:20,
CLAC-1,2024-01-01,2024-12-31,success,17521,2026-08-06T08:47:21,
CLAC-1,2025-01-01,2025-12-31,success,17473,2026-08-06T08:47:22,
CLAC-1,2026-01-01,2026-07-27,success,9937,2026-08-06T08:47:22,
CLDCW-1,2015-01-01,2015-12-31,success,0,2026-08-06T08:47:22,
CLDCW-1,2016-01-01,2016-12-31,success,0,2026-08-06T08:47:22,
CLDCW-1,2017-01-01,2017-12-31,success,0,2026-08-06T08:47:23,
CLDCW-1,2018-01-01,2018-12-31,success,0,2026-08-06T08:47:23,
CLDCW-1,2019-01-01,2019-12-31,success,15985,2026-08-06T08:47:24,
CLDCW-1,2020-01-01,2020-12-31,success,17473,2026-08-06T08:47:25,
CLDCW-1,2021-01-01,2021-12-31,success,17473,2026-08-06T08:47:26,
CLDCW-1,2022-01-01,2022-12-31,success,17473,2026-08-06T08:47:27,
CLDCW-1,2023-01-01,2023-12-31,success,17473,2026-08-06T08:47:28,
CLDCW-1,2024-01-01,2024-12-31,success,17521,2026-08-06T08:47:29,
CLDCW-1,2025-01-01,2025-12-31,success,17473,2026-08-06T08:47:29,
CLDCW-1,2026-01-01,2026-07-27,success,9937,2026-08-06T08:47:30,
CLDNW-1,2015-01-01,2015-12-31,success,0,2026-08-06T08:47:30,
CLDNW-1,2016-01-01,2016-12-31,success,0,2026-08-06T08:47:30,
CLDNW-1,2017-01-01,2017-12-31,success,0,2026-08-06T08:47:30,
CLDNW-1,2018-01-01,2018-12-31,success,0,2026-08-06T08:47:31,
CLDNW-1,2019-01-01,2019-12-31,success,15985,2026-08-06T08:47:31,
CLDNW-1,2020-01-01,2020-12-31,success,17473,2026-08-06T08:47:32,
CLDNW-1,2021-01-01,2021-12-31,success,17473,2026-08-06T08:47:33,
CLDNW-1,2022-01-01,2022-12-31,success,17473,2026-08-06T08:47:34,
CLDNW-1,2023-01-01,2023-12-31,success,17473,2026-08-06T08:47:35,
CLDNW-1,2024-01-01,2024-12-31,success,17521,2026-08-06T08:47:35,
CLDNW-1,2025-01-01,2025-12-31,success,17473,2026-08-06T08:47:36,
CLDNW-1,2026-01-01,2026-07-27,success,9937,2026-08-06T08:47:37,
CLDRW-1,2015-01-01,2015-12-31,success,0,2026-08-06T08:47:37,
CLDRW-1,2016-01-01,2016-12-31,success,0,2026-08-06T08:47:37,
CLDRW-1,2017-01-01,2017-12-31,success,0,2026-08-06T08:47:37,
CLDRW-1,2018-01-01,2018-12-31,success,0,2026-08-06T08:47:37,
CLDRW-1,2019-01-01,2019-12-31,success,15985,2026-08-06T08:47:38,
CLDRW-1,2020-01-01,2020-12-31,success,17473,2026-08-06T08:47:39,
CLDRW-1,2021-01-01,2021-12-31,success,17473,2026-08-06T08:47:40,
CLDRW-1,2022-01-01,2022-12-31,success,17473,2026-08-06T08:47:41,
CLDRW-1,2023-01-01,2023-12-31,success,17473,2026-08-06T08:47:42,
CLDRW-1,2024-01-01,2024-12-31,success,17521,2026-08-06T08:47:43,
CLDRW-1,2025-01-01,2025-12-31,success,17473,2026-08-06T08:47:44,
CLDRW-1,2026-01-01,2026-07-27,success,9937,2026-08-06T08:47:44,
CLDSW-1,2015-01-01,2015-12-31,success,0,2026-08-06T08:47:45,
CLDSW-1,2016-01-01,2016-12-31,success,0,2026-08-06T08:47:46,
CLDSW-1,2017-01-01,2017-12-31,success,0,2026-08-06T08:47:46,
CLDSW-1,2018-01-01,2018-12-31,success,0,2026-08-06T08:47:46,
CLDSW-1,2019-01-01,2019-12-31,success,15985,2026-08-06T08:47:47,
CLDSW-1,2020-01-01,2020-12-31,success,17473,2026-08-06T08:47:49,
CLDSW-1,2021-01-01,2021-12-31,success,17473,2026-08-06T08:47:50,
CLDSW-1,2022-01-01,2022-12-31,success,17473,2026-08-06T08:47:51,
CLDSW-1,2023-01-01,2023-12-31,success,17473,2026-08-06T08:47:52,
CLDSW-1,2024-01-01,2024-12-31,success,17521,2026-08-06T08:47:54,
CLDSW-1,2025-01-01,2025-12-31,success,17473,2026-08-06T08:47:55,
CLDSW-1,2026-01-01,2026-07-27,success,9937,2026-08-06T08:47:56,
CLFLW-1,2015-01-01,2015-12-31,success,0,2026-08-06T08:47:56,
CLFLW-1,2016-01-01,2016-12-31,success,0,2026-08-06T08:47:56,
CLFLW-1,2017-01-01,2017-12-31,success,0,2026-08-06T08:47:56,
CLFLW-1,2018-01-01,2018-12-31,success,0,2026-08-06T08:47:56,
CLFLW-1,2019-01-01,2019-12-31,success,15985,2026-08-06T08:47:57,
CLFLW-1,2020-01-01,2020-12-31,success,17473,2026-08-06T08:47:58,
CLFLW-1,2021-01-01,2021-12-31,success,17473,2026-08-06T08:47:59,
CLFLW-1,2022-01-01,2022-12-31,success,17473,2026-08-06T08:48:00,
CLFLW-1,2023-01-01,2023-12-31,success,17473,2026-08-06T08:48:01,
CLFLW-1,2024-01-01,2024-12-31,success,17521,2026-08-06T08:48:02,
CLFLW-1,2025-01-01,2025-12-31,success,17473,2026-08-06T08:48:04,
CLFLW-1,2026-01-01,2026-07-27,success,9937,2026-08-06T08:48:05,
CMSTW-1,2015-01-01,2015-12-31,success,0,2026-08-06T08:48:05,
CMSTW-1,2016-01-01,2016-12-31,success,0,2026-08-06T08:48:05,
CMSTW-1,2017-01-01,2017-12-31,success,0,2026-08-06T08:48:06,
CMSTW-1,2018-01-01,2018-12-31,success,0,2026-08-06T08:48:06,
CMSTW-1,2019-01-01,2019-12-31,success,0,2026-08-06T08:48:06,
CMSTW-1,2020-01-01,2020-12-31,success,0,2026-08-06T08:48:06,
CMSTW-1,2021-01-01,2021-12-31,success,0,2026-08-06T08:48:06,
CMSTW-1,2022-01-01,2022-12-31,success,15265,2026-08-06T08:48:07,
CMSTW-1,2023-01-01,2023-12-31,success,17473,2026-08-06T08:48:08,
CMSTW-1,2024-01-01,2024-12-31,success,17521,2026-08-06T08:48:09,
CMSTW-1,2025-01-01,2025-12-31,success,17473,2026-08-06T08:48:10,
CMSTW-1,2026-01-01,2026-07-27,success,9937,2026-08-06T08:48:10,
CNCLW-1,2015-01-01,2015-12-31,success,0,2026-08-06T08:48:11,
CNCLW-1,2016-01-01,2016-12-31,success,0,2026-08-06T08:48:11,
CNCLW-1,2017-01-01,2017-12-31,success,0,2026-08-06T08:48:11,
CNCLW-1,2018-01-01,2018-12-31,success,0,2026-08-06T08:48:11,
CNCLW-1,2019-01-01,2019-12-31,success,15985,2026-08-06T08:48:12,
CNCLW-1,2020-01-01,2020-12-31,success,17473,2026-08-06T08:48:13,
CNCLW-1,2021-01-01,2021-12-31,success,17473,2026-08-06T08:48:14,
CNCLW-1,2022-01-01,2022-12-31,success,17473,2026-08-06T08:48:15,
CNCLW-1,2023-01-01,2023-12-31,success,17473,2026-08-06T08:48:16,
CNCLW-1,2024-01-01,2024-12-31,success,17521,2026-08-06T08:48:17,
CNCLW-1,2025-01-01,2025-12-31,success,17473,2026-08-06T08:48:18,
CNCLW-1,2026-01-01,2026-07-27,success,9937,2026-08-06T08:48:18,
CNQPS-1,2015-01-01,2015-12-31,success,0,2026-08-06T08:48:18,
CNQPS-1,2016-01-01,2016-12-31,success,0,2026-08-06T08:48:19,
CNQPS-1,2017-01-01,2017-12-31,success,0,2026-08-06T08:48:19,
CNQPS-1,2018-01-01,2018-12-31,success,0,2026-08-06T08:48:19,
CNQPS-1,2019-01-01,2019-12-31,success,15985,2026-08-06T08:48:20,
CNQPS-1,2020-01-01,2020-12-31,success,17473,2026-08-06T08:48:21,
CNQPS-1,2021-01-01,2021-12-31,success,17473,2026-08-06T08:48:22,
CNQPS-1,2022-01-01,2022-12-31,success,17473,2026-08-06T08:48:23,
CNQPS-1,2023-01-01,2023-12-31,success,17473,2026-08-06T08:48:24,
CNQPS-1,2024-01-01,2024-12-31,success,17521,2026-08-06T08:48:25,
CNQPS-1,2025-01-01,2025-12-31,success,17473,2026-08-06T08:48:25,
CNQPS-1,2026-01-01,2026-07-27,success,9937,2026-08-06T08:48:26,
CNQPS-2,2015-01-01,2015-12-31,success,0,2026-08-06T08:48:26,
CNQPS-2,2016-01-01,2016-12-31,success,0,2026-08-06T08:48:26,
CNQPS-2,2017-01-01,2017-12-31,success,0,2026-08-06T08:48:26,
CNQPS-2,2018-01-01,2018-12-31,success,0,2026-08-06T08:48:27,
CNQPS-2,2019-01-01,2019-12-31,success,15985,2026-08-06T08:48:28,
CNQPS-2,2020-01-01,2020-12-31,success,17473,2026-08-06T08:48:29,
CNQPS-2,2021-01-01,2021-12-31,success,17473,2026-08-06T08:48:30,
CNQPS-2,2022-01-01,2022-12-31,success,17473,2026-08-06T08:48:31,
CNQPS-2,2023-01-01,2023-12-31,success,17473,2026-08-06T08:48:32,
CNQPS-2,2024-01-01,2024-12-31,success,17521,2026-08-06T08:48:33,
CNQPS-2,2025-01-01,2025-12-31,success,17473,2026-08-06T08:48:34,
CNQPS-2,2026-01-01,2026-07-27,success,9937,2026-08-06T08:48:34,
CNQPS-3,2015-01-01,2015-12-31,success,0,2026-08-06T08:48:34,
CNQPS-3,2016-01-01,2016-12-31,success,0,2026-08-06T08:48:34,
CNQPS-3,2017-01-01,2017-12-31,success,0,2026-08-06T08:48:35,
CNQPS-3,2018-01-01,2018-12-31,success,0,2026-08-06T08:48:35,
CNQPS-3,2019-01-01,2019-12-31,success,15985,2026-08-06T08:48:36,
CNQPS-3,2020-01-01,2020-12-31,success,17473,2026-08-06T08:48:36,
CNQPS-3,2021-01-01,2021-12-31,success,17473,2026-08-06T08:48:37,
CNQPS-3,2022-01-01,2022-12-31,success,17473,2026-08-06T08:48:38,
CNQPS-3,2023-01-01,2023-12-31,success,17473,2026-08-06T08:48:39,
CNQPS-3,2024-01-01,2024-12-31,success,17521,2026-08-06T08:48:40,
CNQPS-3,2025-01-01,2025-12-31,success,17473,2026-08-06T08:48:41,
CNQPS-3,2026-01-01,2026-07-27,success,9937,2026-08-06T08:48:41,
CNQPS-4,2015-01-01,2015-12-31,success,0,2026-08-06T08:48:41,
CNQPS-4,2016-01-01,2016-12-31,success,0,2026-08-06T08:48:41,
CNQPS-4,2017-01-01,2017-12-31,success,0,2026-08-06T08:48:42,
CNQPS-4,2018-01-01,2018-12-31,success,0,2026-08-06T08:48:42,
CNQPS-4,2019-01-01,2019-12-31,success,15985,2026-08-06T08:48:43,
CNQPS-4,2020-01-01,2020-12-31,success,17473,2026-08-06T08:48:43,
CNQPS-4,2021-01-01,2021-12-31,success,17473,2026-08-06T08:48:44,
CNQPS-4,2022-01-01,2022-12-31,success,17473,2026-08-06T08:48:45,
CNQPS-4,2023-01-01,2023-12-31,success,17473,2026-08-06T08:48:46,
CNQPS-4,2024-01-01,2024-12-31,success,17521,2026-08-06T08:48:47,
CNQPS-4,2025-01-01,2025-12-31,success,17473,2026-08-06T08:48:48,
CNQPS-4,2026-01-01,2026-07-27,success,9937,2026-08-06T08:48:49,
COCK-1,2015-01-01,2015-12-31,success,0,2026-08-06T08:48:49,
COCK-1,2016-01-01,2016-12-31,success,0,2026-08-06T08:48:49,
COCK-1,2017-01-01,2017-12-31,success,0,2026-08-06T08:48:49,
COCK-1,2018-01-01,2018-12-31,success,0,2026-08-06T08:48:49,
COCK-1,2019-01-01,2019-12-31,success,0,2026-08-06T08:48:49,
COCK-1,2020-01-01,2020-12-31,success,0,2026-08-06T08:48:50,
COCK-1,2021-01-01,2021-12-31,success,0,2026-08-06T08:48:50,
COCK-1,2022-01-01,2022-12-31,success,0,2026-08-06T08:48:50,
COCK-1,2023-01-01,2023-12-31,success,0,2026-08-06T08:48:50,
COCK-1,2024-01-01,2024-12-31,success,0,2026-08-06T08:48:50,
COCK-1,2025-01-01,2025-12-31,success,0,2026-08-06T08:48:51,
COCK-1,2026-01-01,2026-07-27,success,0,2026-08-06T08:48:51,
COCK-2,2015-01-01,2015-12-31,success,0,2026-08-06T08:48:51,
COCK-2,2016-01-01,2016-12-31,success,0,2026-08-06T08:48:51,
COCK-2,2017-01-01,2017-12-31,success,0,2026-08-06T08:48:51,
COCK-2,2018-01-01,2018-12-31,success,0,2026-08-06T08:48:51,
COCK-2,2019-01-01,2019-12-31,success,0,2026-08-06T08:48:52,
COCK-2,2020-01-01,2020-12-31,success,0,2026-08-06T08:48:52,
COCK-2,2021-01-01,2021-12-31,success,0,2026-08-06T08:48:52,
COCK-2,2022-01-01,2022-12-31,success,0,2026-08-06T08:48:52,
COCK-2,2023-01-01,2023-12-31,success,0,2026-08-06T08:48:52,
COCK-2,2024-01-01,2024-12-31,success,0,2026-08-06T08:48:53,
COCK-2,2025-01-01,2025-12-31,success,0,2026-08-06T08:48:53,
COCK-2,2026-01-01,2026-07-27,success,0,2026-08-06T08:48:53,
COCK-3,2015-01-01,2015-12-31,success,0,2026-08-06T08:48:53,
COCK-3,2016-01-01,2016-12-31,success,0,2026-08-06T08:48:53,
COCK-3,2017-01-01,2017-12-31,success,0,2026-08-06T08:48:54,
COCK-3,2018-01-01,2018-12-31,success,0,2026-08-06T08:48:54,
COCK-3,2019-01-01,2019-12-31,success,0,2026-08-06T08:48:54,
COCK-3,2020-01-01,2020-12-31,success,0,2026-08-06T08:48:54,
COCK-3,2021-01-01,2021-12-31,success,0,2026-08-06T08:48:54,
COCK-3,2022-01-01,2022-12-31,success,0,2026-08-06T08:48:55,
COCK-3,2023-01-01,2023-12-31,success,0,2026-08-06T08:48:55,
COCK-3,2024-01-01,2024-12-31,success,0,2026-08-06T08:48:55,
COCK-3,2025-01-01,2025-12-31,success,0,2026-08-06T08:48:55,
COCK-3,2026-01-01,2026-07-27,success,0,2026-08-06T08:48:55,
COCK-4,2015-01-01,2015-12-31,success,0,2026-08-06T08:48:55,
COCK-4,2016-01-01,2016-12-31,success,0,2026-08-06T08:48:56,
COCK-4,2017-01-01,2017-12-31,success,0,2026-08-06T08:48:56,
COCK-4,2018-01-01,2018-12-31,success,0,2026-08-06T08:48:56,
COCK-4,2019-01-01,2019-12-31,success,0,2026-08-06T08:48:56,
COCK-4,2020-01-01,2020-12-31,success,0,2026-08-06T08:48:56,
COCK-4,2021-01-01,2021-12-31,success,0,2026-08-06T08:48:57,
COCK-4,2022-01-01,2022-12-31,success,0,2026-08-06T08:48:57,
COCK-4,2023-01-01,2023-12-31,success,0,2026-08-06T08:48:57,
COCK-4,2024-01-01,2024-12-31,success,0,2026-08-06T08:48:57,
COCK-4,2025-01-01,2025-12-31,success,0,2026-08-06T08:48:57,
COCK-4,2026-01-01,2026-07-27,success,0,2026-08-06T08:48:58,
CORB-1,2015-01-01,2015-12-31,success,0,2026-08-06T08:48:58,
CORB-1,2016-01-01,2016-12-31,success,0,2026-08-06T08:48:58,
CORB-1,2017-01-01,2017-12-31,success,0,2026-08-06T08:48:58,
CORB-1,2018-01-01,2018-12-31,success,0,2026-08-06T08:48:58,
CORB-1,2019-01-01,2019-12-31,success,15985,2026-08-06T08:48:59,
CORB-1,2020-01-01,2020-12-31,success,17473,2026-08-06T08:49:00,
CORB-1,2021-01-01,2021-12-31,success,17473,2026-08-06T08:49:01,
CORB-1,2022-01-01,2022-12-31,success,17473,2026-08-06T08:49:02,
CORB-1,2023-01-01,2023-12-31,success,17473,2026-08-06T08:49:02,
CORB-1,2024-01-01,2024-12-31,success,17521,2026-08-06T08:49:03,
CORB-1,2025-01-01,2025-12-31,success,17473,2026-08-06T08:49:04,
CORB-1,2026-01-01,2026-07-27,success,9937,2026-08-06T08:49:04,
COSO-1,2015-01-01,2015-12-31,success,0,2026-08-06T08:49:05,
COSO-1,2016-01-01,2016-12-31,success,0,2026-08-06T08:49:05,
COSO-1,2017-01-01,2017-12-31,success,0,2026-08-06T08:49:05,
COSO-1,2018-01-01,2018-12-31,success,0,2026-08-06T08:49:05,
COSO-1,2019-01-01,2019-12-31,success,15985,2026-08-06T08:49:06,
COSO-1,2020-01-01,2020-12-31,success,17473,2026-08-06T08:49:07,
COSO-1,2021-01-01,2021-12-31,success,17473,2026-08-06T08:49:08,
COSO-1,2022-01-01,2022-12-31,success,17473,2026-08-06T08:49:09,
COSO-1,2023-01-01,2023-12-31,success,17473,2026-08-06T08:49:10,
COSO-1,2024-01-01,2024-12-31,success,17521,2026-08-06T08:49:11,
COSO-1,2025-01-01,2025-12-31,success,17473,2026-08-06T08:49:11,
COSO-1,2026-01-01,2026-07-27,success,9937,2026-08-06T08:49:12,
COTPS-1,2015-01-01,2015-12-31,success,0,2026-08-06T08:49:12,
COTPS-1,2016-01-01,2016-12-31,success,0,2026-08-06T08:49:12,
COTPS-1,2017-01-01,2017-12-31,success,0,2026-08-06T08:49:12,
COTPS-1,2018-01-01,2018-12-31,success,0,2026-08-06T08:49:13,
COTPS-1,2019-01-01,2019-12-31,success,0,2026-08-06T08:49:13,
COTPS-1,2020-01-01,2020-12-31,success,0,2026-08-06T08:49:13,
COTPS-1,2021-01-01,2021-12-31,success,0,2026-08-06T08:49:13,
COTPS-1,2022-01-01,2022-12-31,success,0,2026-08-06T08:49:13,
COTPS-1,2023-01-01,2023-12-31,success,0,2026-08-06T08:49:13,
COTPS-1,2024-01-01,2024-12-31,success,0,2026-08-06T08:49:14,
COTPS-1,2025-01-01,2025-12-31,success,0,2026-08-06T08:49:14,
COTPS-1,2026-01-01,2026-07-27,success,0,2026-08-06T08:49:14,
COTPS-2,2015-01-01,2015-12-31,success,0,2026-08-06T08:49:14,
COTPS-2,2016-01-01,2016-12-31,success,0,2026-08-06T08:49:14,
COTPS-2,2017-01-01,2017-12-31,success,0,2026-08-06T08:49:15,
COTPS-2,2018-01-01,2018-12-31,success,0,2026-08-06T08:49:15,
COTPS-2,2019-01-01,2019-12-31,success,0,2026-08-06T08:49:15,
COTPS-2,2020-01-01,2020-12-31,success,0,2026-08-06T08:49:15,
COTPS-2,2021-01-01,2021-12-31,success,0,2026-08-06T08:49:15,
COTPS-2,2022-01-01,2022-12-31,success,0,2026-08-06T08:49:16,
COTPS-2,2023-01-01,2023-12-31,success,0,2026-08-06T08:49:16,
COTPS-2,2024-01-01,2024-12-31,success,0,2026-08-06T08:49:16,
COTPS-2,2025-01-01,2025-12-31,success,0,2026-08-06T08:49:16,
COTPS-2,2026-01-01,2026-07-27,success,0,2026-08-06T08:49:16,
COTPS-3,2015-01-01,2015-12-31,success,0,2026-08-06T08:49:17,
COTPS-3,2016-01-01,2016-12-31,success,0,2026-08-06T08:49:17,
COTPS-3,2017-01-01,2017-12-31,success,0,2026-08-06T08:49:17,
COTPS-3,2018-01-01,2018-12-31,success,0,2026-08-06T08:49:17,
COTPS-3,2019-01-01,2019-12-31,success,0,2026-08-06T08:49:17,
COTPS-3,2020-01-01,2020-12-31,success,0,2026-08-06T08:49:18,
COTPS-3,2021-01-01,2021-12-31,success,0,2026-08-06T08:49:18,
COTPS-3,2022-01-01,2022-12-31,success,0,2026-08-06T08:49:18,
COTPS-3,2023-01-01,2023-12-31,success,0,2026-08-06T08:49:18,
COTPS-3,2024-01-01,2024-12-31,success,0,2026-08-06T08:49:19,
COTPS-3,2025-01-01,2025-12-31,success,0,2026-08-06T08:49:19,
COTPS-3,2026-01-01,2026-07-27,success,0,2026-08-06T08:49:19,
COTPS-4,2015-01-01,2015-12-31,success,0,2026-08-06T08:49:19,
COTPS-4,2016-01-01,2016-12-31,success,0,2026-08-06T08:49:19,
COTPS-4,2017-01-01,2017-12-31,success,0,2026-08-06T08:49:19,
COTPS-4,2018-01-01,2018-12-31,success,0,2026-08-06T08:49:20,
COTPS-4,2019-01-01,2019-12-31,success,0,2026-08-06T08:49:20,
COTPS-4,2020-01-01,2020-12-31,success,0,2026-08-06T08:49:20,
COTPS-4,2021-01-01,2021-12-31,success,0,2026-08-06T08:49:20,
COTPS-4,2022-01-01,2022-12-31,success,0,2026-08-06T08:49:20,
COTPS-4,2023-01-01,2023-12-31,success,0,2026-08-06T08:49:21,
COTPS-4,2024-01-01,2024-12-31,success,0,2026-08-06T08:49:21,
COTPS-4,2025-01-01,2025-12-31,success,0,2026-08-06T08:49:21,
COTPS-4,2026-01-01,2026-07-27,success,0,2026-08-06T08:49:21,
COUWW-1,2015-01-01,2015-12-31,success,0,2026-08-06T08:49:21,
COUWW-1,2016-01-01,2016-12-31,success,0,2026-08-06T08:49:22,
COUWW-1,2017-01-01,2017-12-31,success,0,2026-08-06T08:49:22,
COUWW-1,2018-01-01,2018-12-31,success,0,2026-08-06T08:49:22,
COUWW-1,2019-01-01,2019-12-31,success,15985,2026-08-06T08:49:23,
COUWW-1,2020-01-01,2020-12-31,success,17473,2026-08-06T08:49:24,
COUWW-1,2021-01-01,2021-12-31,success,17473,2026-08-06T08:49:25,
COUWW-1,2022-01-01,2022-12-31,success,17473,2026-08-06T08:49:25,
COUWW-1,2023-01-01,2023-12-31,success,17473,2026-08-06T08:49:26,
COUWW-1,2024-01-01,2024-12-31,success,17521,2026-08-06T08:49:27,
COUWW-1,2025-01-01,2025-12-31,success,17473,2026-08-06T08:49:28,
COUWW-1,2026-01-01,2026-07-27,success,9937,2026-08-06T08:49:28,
COWE1,2015-01-01,2015-12-31,success,0,2026-08-06T08:49:28,
COWE1,2016-01-01,2016-12-31,success,0,2026-08-06T08:49:29,
COWE1,2017-01-01,2017-12-31,success,0,2026-08-06T08:49:29,
COWE1,2018-01-01,2018-12-31,success,0,2026-08-06T08:49:29,
COWE1,2019-01-01,2019-12-31,success,15985,2026-08-06T08:49:30,
COWE1,2020-01-01,2020-12-31,success,17473,2026-08-06T08:49:31,
COWE1,2021-01-01,2021-12-31,success,17473,2026-08-06T08:49:32,
COWE1,2022-01-01,2022-12-31,success,17473,2026-08-06T08:49:33,
COWE1,2023-01-01,2023-12-31,success,17473,2026-08-06T08:49:34,
COWE1,2024-01-01,2024-12-31,success,17521,2026-08-06T08:49:35,
COWE1,2025-01-01,2025-12-31,success,17473,2026-08-06T08:49:36,
COWE1,2026-01-01,2026-07-27,success,9937,2026-08-06T08:49:36,
COWE2,2015-01-01,2015-12-31,success,0,2026-08-06T08:49:36,
COWE2,2016-01-01,2016-12-31,success,0,2026-08-06T08:49:36,
COWE2,2017-01-01,2017-12-31,success,0,2026-08-06T08:49:37,
COWE2,2018-01-01,2018-12-31,success,0,2026-08-06T08:49:37,
COWE2,2019-01-01,2019-12-31,success,15985,2026-08-06T08:49:37,
COWE2,2020-01-01,2020-12-31,success,17473,2026-08-06T08:49:39,
COWE2,2021-01-01,2021-12-31,success,17473,2026-08-06T08:49:39,
COWE2,2022-01-01,2022-12-31,success,17473,2026-08-06T08:49:40,
COWE2,2023-01-01,2023-12-31,success,17473,2026-08-06T08:49:41,
COWE2,2024-01-01,2024-12-31,success,17521,2026-08-06T08:49:43,
COWE2,2025-01-01,2025-12-31,success,17473,2026-08-06T08:49:44,
COWE2,2026-01-01,2026-07-27,success,9937,2026-08-06T08:49:44,
CRDEW-1,2015-01-01,2015-12-31,success,0,2026-08-06T08:49:44,
CRDEW-1,2016-01-01,2016-12-31,success,0,2026-08-06T08:49:44,
CRDEW-1,2017-01-01,2017-12-31,success,0,2026-08-06T08:49:44,
CRDEW-1,2018-01-01,2018-12-31,success,0,2026-08-06T08:49:45,
CRDEW-1,2019-01-01,2019-12-31,success,0,2026-08-06T08:49:45,
CRDEW-1,2020-01-01,2020-12-31,success,1969,2026-08-06T08:49:45,
CRDEW-1,2021-01-01,2021-12-31,success,17473,2026-08-06T08:49:46,
CRDEW-1,2022-01-01,2022-12-31,success,17473,2026-08-06T08:49:47,
CRDEW-1,2023-01-01,2023-12-31,success,17473,2026-08-06T08:49:48,
CRDEW-1,2024-01-01,2024-12-31,success,17521,2026-08-06T08:49:49,
CRDEW-1,2025-01-01,2025-12-31,success,17473,2026-08-06T08:49:50,
CRDEW-1,2026-01-01,2026-07-27,success,9937,2026-08-06T08:49:55,
CRDEW-2,2015-01-01,2015-12-31,success,0,2026-08-06T08:49:55,
CRDEW-2,2016-01-01,2016-12-31,success,0,2026-08-06T08:49:55,
CRDEW-2,2017-01-01,2017-12-31,success,0,2026-08-06T08:49:55,
CRDEW-2,2018-01-01,2018-12-31,success,0,2026-08-06T08:49:56,
CRDEW-2,2019-01-01,2019-12-31,success,0,2026-08-06T08:49:56,
CRDEW-2,2020-01-01,2020-12-31,success,1969,2026-08-06T08:49:56,
CRDEW-2,2021-01-01,2021-12-31,success,17473,2026-08-06T08:49:57,
CRDEW-2,2022-01-01,2022-12-31,success,17473,2026-08-06T08:49:58,
CRDEW-2,2023-01-01,2023-12-31,success,17473,2026-08-06T08:49:58,
CRDEW-2,2024-01-01,2024-12-31,success,17521,2026-08-06T08:49:59,
CRDEW-2,2025-01-01,2025-12-31,success,17473,2026-08-06T08:50:00,
CRDEW-2,2026-01-01,2026-07-27,success,9937,2026-08-06T08:50:00,
CRGHW-1,2015-01-01,2015-12-31,success,0,2026-08-06T08:50:00,
CRGHW-1,2016-01-01,2016-12-31,success,0,2026-08-06T08:50:01,
CRGHW-1,2017-01-01,2017-12-31,success,0,2026-08-06T08:50:01,
CRGHW-1,2018-01-01,2018-12-31,success,0,2026-08-06T08:50:01,
CRGHW-1,2019-01-01,2019-12-31,success,15985,2026-08-06T08:50:02,
CRGHW-1,2020-01-01,2020-12-31,success,17473,2026-08-06T08:50:03,
CRGHW-1,2021-01-01,2021-12-31,success,17473,2026-08-06T08:50:04,
CRGHW-1,2022-01-01,2022-12-31,success,17473,2026-08-06T08:50:05,
CRGHW-1,2023-01-01,2023-12-31,success,17473,2026-08-06T08:50:06,
CRGHW-1,2024-01-01,2024-12-31,success,17521,2026-08-06T08:50:07,
CRGHW-1,2025-01-01,2025-12-31,success,17473,2026-08-06T08:50:07,
CRGHW-1,2026-01-01,2026-07-27,success,9937,2026-08-06T08:50:08,
CRMHW-1,2015-01-01,2015-12-31,success,0,2026-08-06T08:50:08,
CRMHW-1,2016-01-01,2016-12-31,success,0,2026-08-06T08:50:08,
CRMHW-1,2017-01-01,2017-12-31,success,0,2026-08-06T08:50:09,
CRMHW-1,2018-01-01,2018-12-31,success,0,2026-08-06T08:50:09,
CRMHW-1,2019-01-01,2019-12-31,success,0,2026-08-06T08:50:09,
CRMHW-1,2020-01-01,2020-12-31,success,0,2026-08-06T08:50:09,
CRMHW-1,2021-01-01,2021-12-31,success,0,2026-08-06T08:50:09,
CRMHW-1,2022-01-01,2022-12-31,success,0,2026-08-06T08:50:09,
CRMHW-1,2023-01-01,2023-12-31,success,0,2026-08-06T08:50:10,
CRMHW-1,2024-01-01,2024-12-31,success,0,2026-08-06T08:50:10,
CRMHW-1,2025-01-01,2025-12-31,success,0,2026-08-06T08:50:10,
CRMHW-1,2026-01-01,2026-07-27,success,0,2026-08-06T08:50:10,
CRMLW-1,2015-01-01,2015-12-31,success,0,2026-08-06T08:50:10,
CRMLW-1,2016-01-01,2016-12-31,success,0,2026-08-06T08:50:11,
CRMLW-1,2017-01-01,2017-12-31,success,0,2026-08-06T08:50:11,
CRMLW-1,2018-01-01,2018-12-31,success,0,2026-08-06T08:50:11,
CRMLW-1,2019-01-01,2019-12-31,success,15985,2026-08-06T08:50:13,
CRMLW-1,2020-01-01,2020-12-31,success,17473,2026-08-06T08:50:15,
CRMLW-1,2021-01-01,2021-12-31,success,17473,2026-08-06T08:50:16,
CRMLW-1,2022-01-01,2022-12-31,success,17473,2026-08-06T08:50:17,
CRMLW-1,2023-01-01,2023-12-31,success,17473,2026-08-06T08:50:17,
CRMLW-1,2024-01-01,2024-12-31,success,17521,2026-08-06T08:50:18,
CRMLW-1,2025-01-01,2025-12-31,success,17473,2026-08-06T08:50:19,
CRMLW-1,2026-01-01,2026-07-27,success,9937,2026-08-06T08:50:19,
CRMNW-1,2015-01-01,2015-12-31,success,0,2026-08-06T08:50:19,
CRMNW-1,2016-01-01,2016-12-31,success,0,2026-08-06T08:50:19,
CRMNW-1,2017-01-01,2017-12-31,success,0,2026-08-06T08:50:20,
CRMNW-1,2018-01-01,2018-12-31,success,0,2026-08-06T08:50:20,
CRMNW-1,2019-01-01,2019-12-31,success,0,2026-08-06T08:50:20,
CRMNW-1,2020-01-01,2020-12-31,success,0,2026-08-06T08:50:20,
CRMNW-1,2021-01-01,2021-12-31,success,0,2026-08-06T08:50:20,
CRMNW-1,2022-01-01,2022-12-31,success,0,2026-08-06T08:50:21,
CRMNW-1,2023-01-01,2023-12-31,success,0,2026-08-06T08:50:21,
CRMNW-1,2024-01-01,2024-12-31,success,0,2026-08-06T08:50:21,
CRMNW-1,2025-01-01,2025-12-31,success,0,2026-08-06T08:50:21,
CRMNW-1,2026-01-01,2026-07-27,success,0,2026-08-06T08:50:21,
CRUA-1,2015-01-01,2015-12-31,success,0,2026-08-06T08:50:21,
CRUA-1,2016-01-01,2016-12-31,success,0,2026-08-06T08:50:22,
CRUA-1,2017-01-01,2017-12-31,success,0,2026-08-06T08:50:22,
CRUA-1,2018-01-01,2018-12-31,success,0,2026-08-06T08:50:22,
CRUA-1,2019-01-01,2019-12-31,success,15985,2026-08-06T08:50:23,
CRUA-1,2020-01-01,2020-12-31,success,17473,2026-08-06T08:50:24,
CRUA-1,2021-01-01,2021-12-31,success,17473,2026-08-06T08:50:25,
CRUA-1,2022-01-01,2022-12-31,success,17473,2026-08-06T08:50:25,
CRUA-1,2023-01-01,2023-12-31,success,17473,2026-08-06T08:50:26,
CRUA-1,2024-01-01,2024-12-31,success,17521,2026-08-06T08:50:26,
CRUA-1,2025-01-01,2025-12-31,success,17473,2026-08-06T08:50:27,
CRUA-1,2026-01-01,2026-07-27,success,9937,2026-08-06T08:50:27,
CRUA-2,2015-01-01,2015-12-31,success,0,2026-08-06T08:50:27,
CRUA-2,2016-01-01,2016-12-31,success,0,2026-08-06T08:50:28,
CRUA-2,2017-01-01,2017-12-31,success,0,2026-08-06T08:50:28,
CRUA-2,2018-01-01,2018-12-31,success,0,2026-08-06T08:50:28,
CRUA-2,2019-01-01,2019-12-31,success,15985,2026-08-06T08:50:29,
CRUA-2,2020-01-01,2020-12-31,success,17473,2026-08-06T08:50:30,
CRUA-2,2021-01-01,2021-12-31,success,17473,2026-08-06T08:50:31,
CRUA-2,2022-01-01,2022-12-31,success,17473,2026-08-06T08:50:31,
CRUA-2,2023-01-01,2023-12-31,success,17473,2026-08-06T08:50:32,
CRUA-2,2024-01-01,2024-12-31,success,17521,2026-08-06T08:50:32,
CRUA-2,2025-01-01,2025-12-31,success,17473,2026-08-06T08:50:33,
CRUA-2,2026-01-01,2026-07-27,success,9937,2026-08-06T08:50:33,
CRUA-3,2015-01-01,2015-12-31,success,0,2026-08-06T08:50:33,
CRUA-3,2016-01-01,2016-12-31,success,0,2026-08-06T08:50:33,
CRUA-3,2017-01-01,2017-12-31,success,0,2026-08-06T08:50:34,
CRUA-3,2018-01-01,2018-12-31,success,0,2026-08-06T08:50:34,
CRUA-3,2019-01-01,2019-12-31,success,15985,2026-08-06T08:50:35,
CRUA-3,2020-01-01,2020-12-31,success,17473,2026-08-06T08:50:36,
CRUA-3,2021-01-01,2021-12-31,success,17473,2026-08-06T08:50:36,
CRUA-3,2022-01-01,2022-12-31,success,17473,2026-08-06T08:50:37,
CRUA-3,2023-01-01,2023-12-31,success,17473,2026-08-06T08:50:37,
CRUA-3,2024-01-01,2024-12-31,success,17521,2026-08-06T08:50:38,
CRUA-3,2025-01-01,2025-12-31,success,17473,2026-08-06T08:50:39,
CRUA-3,2026-01-01,2026-07-27,success,9937,2026-08-06T08:50:40,
CRUA-4,2015-01-01,2015-12-31,success,0,2026-08-06T08:50:40,
CRUA-4,2016-01-01,2016-12-31,success,0,2026-08-06T08:50:40,
CRUA-4,2017-01-01,2017-12-31,success,0,2026-08-06T08:50:40,
CRUA-4,2018-01-01,2018-12-31,success,0,2026-08-06T08:50:41,
CRUA-4,2019-01-01,2019-12-31,success,15985,2026-08-06T08:50:41,
CRUA-4,2020-01-01,2020-12-31,success,17473,2026-08-06T08:50:42,
CRUA-4,2021-01-01,2021-12-31,success,17473,2026-08-06T08:50:43,
CRUA-4,2022-01-01,2022-12-31,success,17473,2026-08-06T08:50:43,
CRUA-4,2023-01-01,2023-12-31,success,17473,2026-08-06T08:50:44,
CRUA-4,2024-01-01,2024-12-31,success,17521,2026-08-06T08:50:44,
CRUA-4,2025-01-01,2025-12-31,success,17473,2026-08-06T08:50:45,
CRUA-4,2026-01-01,2026-07-27,success,9937,2026-08-06T08:50:45,
CRYRW-1,2015-01-01,2015-12-31,success,0,2026-08-06T08:50:46,
CRYRW-1,2016-01-01,2016-12-31,success,0,2026-08-06T08:50:46,
CRYRW-1,2017-01-01,2017-12-31,success,0,2026-08-06T08:50:46,
CRYRW-1,2018-01-01,2018-12-31,success,0,2026-08-06T08:50:46,
CRYRW-1,2019-01-01,2019-12-31,success,0,2026-08-06T08:50:46,
CRYRW-1,2020-01-01,2020-12-31,success,0,2026-08-06T08:50:46,
CRYRW-1,2021-01-01,2021-12-31,success,0,2026-08-06T08:50:47,
CRYRW-1,2022-01-01,2022-12-31,success,0,2026-08-06T08:50:47,
CRYRW-1,2023-01-01,2023-12-31,success,0,2026-08-06T08:50:47,
CRYRW-1,2024-01-01,2024-12-31,success,0,2026-08-06T08:50:47,
CRYRW-1,2025-01-01,2025-12-31,success,0,2026-08-06T08:50:47,
CRYRW-1,2026-01-01,2026-07-27,success,0,2026-08-06T08:50:48,
CRYRW-2,2015-01-01,2015-12-31,success,0,2026-08-06T08:50:48,
CRYRW-2,2016-01-01,2016-12-31,success,0,2026-08-06T08:50:48,
CRYRW-2,2017-01-01,2017-12-31,success,0,2026-08-06T08:50:48,
CRYRW-2,2018-01-01,2018-12-31,success,0,2026-08-06T08:50:48,
CRYRW-2,2019-01-01,2019-12-31,success,15985,2026-08-06T08:50:49,
CRYRW-2,2020-01-01,2020-12-31,success,17473,2026-08-06T08:50:50,
CRYRW-2,2021-01-01,2021-12-31,success,17473,2026-08-06T08:50:51,
CRYRW-2,2022-01-01,2022-12-31,success,17473,2026-08-06T08:50:52,
CRYRW-2,2023-01-01,2023-12-31,success,17473,2026-08-06T08:50:52,
CRYRW-2,2024-01-01,2024-12-31,success,17521,2026-08-06T08:50:53,
CRYRW-2,2025-01-01,2025-12-31,success,17473,2026-08-06T08:50:54,
CRYRW-2,2026-01-01,2026-07-27,success,9937,2026-08-06T08:50:54,
CRYRW-3,2015-01-01,2015-12-31,success,0,2026-08-06T08:50:54,
CRYRW-3,2016-01-01,2016-12-31,success,0,2026-08-06T08:50:54,
CRYRW-3,2017-01-01,2017-12-31,success,0,2026-08-06T08:50:55,
CRYRW-3,2018-01-01,2018-12-31,success,0,2026-08-06T08:50:55,
CRYRW-3,2019-01-01,2019-12-31,success,15985,2026-08-06T08:50:56,
CRYRW-3,2020-01-01,2020-12-31,success,17473,2026-08-06T08:50:56,
CRYRW-3,2021-01-01,2021-12-31,success,17473,2026-08-06T08:50:57,
CRYRW-3,2022-01-01,2022-12-31,success,17473,2026-08-06T08:50:58,
CRYRW-3,2023-01-01,2023-12-31,success,17473,2026-08-06T08:50:59,
CRYRW-3,2024-01-01,2024-12-31,success,17521,2026-08-06T08:50:59,
CRYRW-3,2025-01-01,2025-12-31,success,17473,2026-08-06T08:51:00,
CRYRW-3,2026-01-01,2026-07-27,success,9937,2026-08-06T08:51:00,
DALSW-1,2015-01-01,2015-12-31,success,0,2026-08-06T08:51:01,
DALSW-1,2016-01-01,2016-12-31,success,0,2026-08-06T08:51:01,
DALSW-1,2017-01-01,2017-12-31,success,0,2026-08-06T08:51:01,
DALSW-1,2018-01-01,2018-12-31,success,0,2026-08-06T08:51:01,
DALSW-1,2019-01-01,2019-12-31,success,15985,2026-08-06T08:51:02,
DALSW-1,2020-01-01,2020-12-31,success,17473,2026-08-06T08:51:03,
DALSW-1,2021-01-01,2021-12-31,success,17473,2026-08-06T08:51:04,
DALSW-1,2022-01-01,2022-12-31,success,17473,2026-08-06T08:51:04,
DALSW-1,2023-01-01,2023-12-31,success,17473,2026-08-06T08:51:05,
DALSW-1,2024-01-01,2024-12-31,success,17521,2026-08-06T08:51:06,
DALSW-1,2025-01-01,2025-12-31,success,17473,2026-08-06T08:51:07,
DALSW-1,2026-01-01,2026-07-27,success,9937,2026-08-06T08:51:07,
DAMC-1,2015-01-01,2015-12-31,success,0,2026-08-06T08:51:07,
DAMC-1,2016-01-01,2016-12-31,success,0,2026-08-06T08:51:07,
DAMC-1,2017-01-01,2017-12-31,success,0,2026-08-06T08:51:08,
DAMC-1,2018-01-01,2018-12-31,success,0,2026-08-06T08:51:08,
DAMC-1,2019-01-01,2019-12-31,success,15985,2026-08-06T08:51:09,
DAMC-1,2020-01-01,2020-12-31,success,17473,2026-08-06T08:51:10,
DAMC-1,2021-01-01,2021-12-31,success,17473,2026-08-06T08:51:11,
DAMC-1,2022-01-01,2022-12-31,success,17473,2026-08-06T08:51:12,
DAMC-1,2023-01-01,2023-12-31,success,17473,2026-08-06T08:51:13,
DAMC-1,2024-01-01,2024-12-31,success,17521,2026-08-06T08:51:14,
DAMC-1,2025-01-01,2025-12-31,success,17473,2026-08-06T08:51:16,
DAMC-1,2026-01-01,2026-07-27,success,9937,2026-08-06T08:51:16,
DDGNO-1,2015-01-01,2015-12-31,success,0,2026-08-06T08:51:16,
DDGNO-1,2016-01-01,2016-12-31,success,0,2026-08-06T08:51:16,
DDGNO-1,2017-01-01,2017-12-31,success,0,2026-08-06T08:51:16,
DDGNO-1,2018-01-01,2018-12-31,success,0,2026-08-06T08:51:17,
DDGNO-1,2019-01-01,2019-12-31,success,15985,2026-08-06T08:51:17,
DDGNO-1,2020-01-01,2020-12-31,success,17473,2026-08-06T08:51:18,
DDGNO-1,2021-01-01,2021-12-31,success,17473,2026-08-06T08:51:19,
DDGNO-1,2022-01-01,2022-12-31,success,17473,2026-08-06T08:51:20,
DDGNO-1,2023-01-01,2023-12-31,success,17473,2026-08-06T08:51:20,
DDGNO-1,2024-01-01,2024-12-31,success,17521,2026-08-06T08:51:22,
DDGNO-1,2025-01-01,2025-12-31,success,17473,2026-08-06T08:51:22,
DDGNO-1,2026-01-01,2026-07-27,success,9937,2026-08-06T08:51:23,
DDGNO-2,2015-01-01,2015-12-31,success,0,2026-08-06T08:51:23,
DDGNO-2,2016-01-01,2016-12-31,success,0,2026-08-06T08:51:23,
DDGNO-2,2017-01-01,2017-12-31,success,0,2026-08-06T08:51:23,
DDGNO-2,2018-01-01,2018-12-31,success,0,2026-08-06T08:51:23,
DDGNO-2,2019-01-01,2019-12-31,success,15985,2026-08-06T08:51:24,
DDGNO-2,2020-01-01,2020-12-31,success,17473,2026-08-06T08:51:25,
DDGNO-2,2021-01-01,2021-12-31,success,17473,2026-08-06T08:51:26,
DDGNO-2,2022-01-01,2022-12-31,success,17473,2026-08-06T08:51:27,
DDGNO-2,2023-01-01,2023-12-31,success,17473,2026-08-06T08:51:27,
DDGNO-2,2024-01-01,2024-12-31,success,17521,2026-08-06T08:51:28,
DDGNO-2,2025-01-01,2025-12-31,success,17473,2026-08-06T08:51:29,
DDGNO-2,2026-01-01,2026-07-27,success,9937,2026-08-06T08:51:29,
DDGNO-3,2015-01-01,2015-12-31,success,0,2026-08-06T08:51:29,
DDGNO-3,2016-01-01,2016-12-31,success,0,2026-08-06T08:51:30,
DDGNO-3,2017-01-01,2017-12-31,success,0,2026-08-06T08:51:30,
DDGNO-3,2018-01-01,2018-12-31,success,0,2026-08-06T08:51:30,
DDGNO-3,2019-01-01,2019-12-31,success,15985,2026-08-06T08:51:31,
DDGNO-3,2020-01-01,2020-12-31,success,17473,2026-08-06T08:51:32,
DDGNO-3,2021-01-01,2021-12-31,success,17473,2026-08-06T08:51:34,
DDGNO-3,2022-01-01,2022-12-31,success,17473,2026-08-06T08:51:39,
DDGNO-3,2023-01-01,2023-12-31,success,17473,2026-08-06T08:51:40,
DDGNO-3,2024-01-01,2024-12-31,success,17521,2026-08-06T08:51:42,
DDGNO-3,2025-01-01,2025-12-31,success,17473,2026-08-06T08:51:42,
DDGNO-3,2026-01-01,2026-07-27,success,9937,2026-08-06T08:51:43,
DDGNO-4,2015-01-01,2015-12-31,success,0,2026-08-06T08:51:43,
DDGNO-4,2016-01-01,2016-12-31,success,0,2026-08-06T08:51:43,
DDGNO-4,2017-01-01,2017-12-31,success,0,2026-08-06T08:51:43,
DDGNO-4,2018-01-01,2018-12-31,success,0,2026-08-06T08:51:43,
DDGNO-4,2019-01-01,2019-12-31,success,15985,2026-08-06T08:51:44,
DDGNO-4,2020-01-01,2020-12-31,success,17473,2026-08-06T08:51:45,
DDGNO-4,2021-01-01,2021-12-31,success,17473,2026-08-06T08:51:47,
DDGNO-4,2022-01-01,2022-12-31,success,17473,2026-08-06T08:51:48,
DDGNO-4,2023-01-01,2023-12-31,success,17473,2026-08-06T08:51:48,
DDGNO-4,2024-01-01,2024-12-31,success,17521,2026-08-06T08:51:49,
DDGNO-4,2025-01-01,2025-12-31,success,17473,2026-08-06T08:51:50,
DDGNO-4,2026-01-01,2026-07-27,success,9937,2026-08-06T08:51:50,
DEEP-1,2015-01-01,2015-12-31,success,0,2026-08-06T08:51:51,
DEEP-1,2016-01-01,2016-12-31,success,0,2026-08-06T08:51:51,
DEEP-1,2017-01-01,2017-12-31,success,0,2026-08-06T08:51:51,
DEEP-1,2018-01-01,2018-12-31,success,0,2026-08-06T08:51:51,
DEEP-1,2019-01-01,2019-12-31,success,0,2026-08-06T08:51:51,
DEEP-1,2020-01-01,2020-12-31,success,0,2026-08-06T08:51:51,
DEEP-1,2021-01-01,2021-12-31,success,0,2026-08-06T08:51:52,
DEEP-1,2022-01-01,2022-12-31,success,0,2026-08-06T08:51:52,
DEEP-1,2023-01-01,2023-12-31,success,0,2026-08-06T08:51:52,
DEEP-1,2024-01-01,2024-12-31,success,0,2026-08-06T08:51:52,
DEEP-1,2025-01-01,2025-12-31,success,0,2026-08-06T08:51:52,
DEEP-1,2026-01-01,2026-07-27,success,0,2026-08-06T08:51:53,
DERW-1,2015-01-01,2015-12-31,success,0,2026-08-06T08:51:53,
DERW-1,2016-01-01,2016-12-31,success,0,2026-08-06T08:51:53,
DERW-1,2017-01-01,2017-12-31,success,0,2026-08-06T08:51:53,
DERW-1,2018-01-01,2018-12-31,success,0,2026-08-06T08:51:53,
DERW-1,2019-01-01,2019-12-31,success,15985,2026-08-06T08:51:54,
DERW-1,2020-01-01,2020-12-31,success,17473,2026-08-06T08:51:55,
DERW-1,2021-01-01,2021-12-31,success,17473,2026-08-06T08:51:56,
DERW-1,2022-01-01,2022-12-31,success,17473,2026-08-06T08:51:57,
DERW-1,2023-01-01,2023-12-31,success,17473,2026-08-06T08:51:57,
DERW-1,2024-01-01,2024-12-31,success,17521,2026-08-06T08:51:58,
DERW-1,2025-01-01,2025-12-31,success,17473,2026-08-06T08:51:59,
DERW-1,2026-01-01,2026-07-27,success,9937,2026-08-06T08:51:59,
DEUCW-1,2015-01-01,2015-12-31,success,0,2026-08-06T08:52:00,
DEUCW-1,2016-01-01,2016-12-31,success,0,2026-08-06T08:52:00,
DEUCW-1,2017-01-01,2017-12-31,success,0,2026-08-06T08:52:00,
DEUCW-1,2018-01-01,2018-12-31,success,0,2026-08-06T08:52:00,
DEUCW-1,2019-01-01,2019-12-31,success,0,2026-08-06T08:52:00,
DEUCW-1,2020-01-01,2020-12-31,success,0,2026-08-06T08:52:01,
DEUCW-1,2021-01-01,2021-12-31,success,0,2026-08-06T08:52:01,
DEUCW-1,2022-01-01,2022-12-31,success,0,2026-08-06T08:52:01,
DEUCW-1,2023-01-01,2023-12-31,success,0,2026-08-06T08:52:01,
DEUCW-1,2024-01-01,2024-12-31,success,0,2026-08-06T08:52:01,
DEUCW-1,2025-01-01,2025-12-31,success,0,2026-08-06T08:52:01,
DEUCW-1,2026-01-01,2026-07-27,success,0,2026-08-06T08:52:02,
DIDC01G,2015-01-01,2015-12-31,success,0,2026-08-06T08:52:02,
DIDC01G,2016-01-01,2016-12-31,success,0,2026-08-06T08:52:02,
DIDC01G,2017-01-01,2017-12-31,success,0,2026-08-06T08:52:02,
DIDC01G,2018-01-01,2018-12-31,success,0,2026-08-06T08:52:03,
DIDC01G,2019-01-01,2019-12-31,success,15985,2026-08-06T08:52:03,
DIDC01G,2020-01-01,2020-12-31,success,17473,2026-08-06T08:52:04,
DIDC01G,2021-01-01,2021-12-31,success,17473,2026-08-06T08:52:06,
DIDC01G,2022-01-01,2022-12-31,success,17473,2026-08-06T08:52:07,
DIDC01G,2023-01-01,2023-12-31,success,17473,2026-08-06T08:52:08,
DIDC01G,2024-01-01,2024-12-31,success,17521,2026-08-06T08:52:10,
DIDC01G,2025-01-01,2025-12-31,success,17473,2026-08-06T08:52:11,
DIDC01G,2026-01-01,2026-07-27,success,9937,2026-08-06T08:52:11,
DIDC02G,2015-01-01,2015-12-31,success,0,2026-08-06T08:52:11,
DIDC02G,2016-01-01,2016-12-31,success,0,2026-08-06T08:52:12,
DIDC02G,2017-01-01,2017-12-31,success,0,2026-08-06T08:52:12,
DIDC02G,2018-01-01,2018-12-31,success,0,2026-08-06T08:52:12,
DIDC02G,2019-01-01,2019-12-31,success,15985,2026-08-06T08:52:13,
DIDC02G,2020-01-01,2020-12-31,success,17473,2026-08-06T08:52:14,
DIDC02G,2021-01-01,2021-12-31,success,17473,2026-08-06T08:52:15,
DIDC02G,2022-01-01,2022-12-31,success,17473,2026-08-06T08:52:15,
DIDC02G,2023-01-01,2023-12-31,success,17473,2026-08-06T08:52:17,
DIDC02G,2024-01-01,2024-12-31,success,17521,2026-08-06T08:52:18,
DIDC02G,2025-01-01,2025-12-31,success,17473,2026-08-06T08:52:19,
DIDC02G,2026-01-01,2026-07-27,success,9937,2026-08-06T08:52:19,
DIDC03G,2015-01-01,2015-12-31,success,0,2026-08-06T08:52:19,
DIDC03G,2016-01-01,2016-12-31,success,0,2026-08-06T08:52:20,
DIDC03G,2017-01-01,2017-12-31,success,0,2026-08-06T08:52:20,
DIDC03G,2018-01-01,2018-12-31,success,0,2026-08-06T08:52:20,
DIDC03G,2019-01-01,2019-12-31,success,15985,2026-08-06T08:52:21,
DIDC03G,2020-01-01,2020-12-31,success,17473,2026-08-06T08:52:22,
DIDC03G,2021-01-01,2021-12-31,success,17473,2026-08-06T08:52:23,
DIDC03G,2022-01-01,2022-12-31,success,17473,2026-08-06T08:52:24,
DIDC03G,2023-01-01,2023-12-31,success,17473,2026-08-06T08:52:25,
DIDC03G,2024-01-01,2024-12-31,success,17521,2026-08-06T08:52:26,
DIDC03G,2025-01-01,2025-12-31,success,17473,2026-08-06T08:52:27,
DIDC03G,2026-01-01,2026-07-27,success,9937,2026-08-06T08:52:27,
DIDC04G,2015-01-01,2015-12-31,success,0,2026-08-06T08:52:28,
DIDC04G,2016-01-01,2016-12-31,success,0,2026-08-06T08:52:28,
DIDC04G,2017-01-01,2017-12-31,success,0,2026-08-06T08:52:28,
DIDC04G,2018-01-01,2018-12-31,success,0,2026-08-06T08:52:28,
DIDC04G,2019-01-01,2019-12-31,success,15985,2026-08-06T08:52:29,
DIDC04G,2020-01-01,2020-12-31,success,17473,2026-08-06T08:52:30,
DIDC04G,2021-01-01,2021-12-31,success,17473,2026-08-06T08:52:31,
DIDC04G,2022-01-01,2022-12-31,success,17473,2026-08-06T08:52:31,
DIDC04G,2023-01-01,2023-12-31,success,17473,2026-08-06T08:52:32,
DIDC04G,2024-01-01,2024-12-31,success,17521,2026-08-06T08:52:33,
DIDC04G,2025-01-01,2025-12-31,success,17473,2026-08-06T08:52:34,
DIDC04G,2026-01-01,2026-07-27,success,9937,2026-08-06T08:52:34,
DIDCB5,2015-01-01,2015-12-31,success,0,2026-08-06T08:52:35,
DIDCB5,2016-01-01,2016-12-31,success,0,2026-08-06T08:52:35,
DIDCB5,2017-01-01,2017-12-31,success,0,2026-08-06T08:52:35,
DIDCB5,2018-01-01,2018-12-31,success,0,2026-08-06T08:52:35,
DIDCB5,2019-01-01,2019-12-31,success,15985,2026-08-06T08:52:36,
DIDCB5,2020-01-01,2020-12-31,success,17473,2026-08-06T08:52:38,
DIDCB5,2021-01-01,2021-12-31,success,17473,2026-08-06T08:52:38,
DIDCB5,2022-01-01,2022-12-31,success,17473,2026-08-06T08:52:39,
DIDCB5,2023-01-01,2023-12-31,success,17473,2026-08-06T08:52:40,
DIDCB5,2024-01-01,2024-12-31,success,17521,2026-08-06T08:52:41,
DIDCB5,2025-01-01,2025-12-31,success,17473,2026-08-06T08:52:41,
DIDCB5,2026-01-01,2026-07-27,success,9937,2026-08-06T08:52:41,
DIDCB6,2015-01-01,2015-12-31,success,0,2026-08-06T08:52:42,
DIDCB6,2016-01-01,2016-12-31,success,0,2026-08-06T08:52:42,
DIDCB6,2017-01-01,2017-12-31,success,0,2026-08-06T08:52:42,
DIDCB6,2018-01-01,2018-12-31,success,0,2026-08-06T08:52:42,
DIDCB6,2019-01-01,2019-12-31,success,15985,2026-08-06T08:52:43,
DIDCB6,2020-01-01,2020-12-31,success,17473,2026-08-06T08:52:44,
DIDCB6,2021-01-01,2021-12-31,success,17473,2026-08-06T08:52:44,
DIDCB6,2022-01-01,2022-12-31,success,17473,2026-08-06T08:52:45,
DIDCB6,2023-01-01,2023-12-31,success,17473,2026-08-06T08:52:45,
DIDCB6,2024-01-01,2024-12-31,success,17521,2026-08-06T08:52:46,
DIDCB6,2025-01-01,2025-12-31,success,17473,2026-08-06T08:52:47,
DIDCB6,2026-01-01,2026-07-27,success,9937,2026-08-06T08:52:47,
DINO-1,2015-01-01,2015-12-31,success,0,2026-08-06T08:52:47,
DINO-1,2016-01-01,2016-12-31,success,0,2026-08-06T08:52:47,
DINO-1,2017-01-01,2017-12-31,success,0,2026-08-06T08:52:48,
DINO-1,2018-01-01,2018-12-31,success,0,2026-08-06T08:52:48,
DINO-1,2019-01-01,2019-12-31,success,15985,2026-08-06T08:52:49,
DINO-1,2020-01-01,2020-12-31,success,17473,2026-08-06T08:52:50,
DINO-1,2021-01-01,2021-12-31,success,17473,2026-08-06T08:52:50,
DINO-1,2022-01-01,2022-12-31,success,17473,2026-08-06T08:52:51,
DINO-1,2023-01-01,2023-12-31,success,17473,2026-08-06T08:52:52,
DINO-1,2024-01-01,2024-12-31,success,17521,2026-08-06T08:52:53,
DINO-1,2025-01-01,2025-12-31,success,17473,2026-08-06T08:52:54,
DINO-1,2026-01-01,2026-07-27,success,9937,2026-08-06T08:52:54,
DINO-2,2015-01-01,2015-12-31,success,0,2026-08-06T08:52:54,
DINO-2,2016-01-01,2016-12-31,success,0,2026-08-06T08:52:54,
DINO-2,2017-01-01,2017-12-31,success,0,2026-08-06T08:52:54,
DINO-2,2018-01-01,2018-12-31,success,0,2026-08-06T08:52:55,
DINO-2,2019-01-01,2019-12-31,success,15985,2026-08-06T08:52:55,
DINO-2,2020-01-01,2020-12-31,success,17473,2026-08-06T08:52:56,
DINO-2,2021-01-01,2021-12-31,success,17473,2026-08-06T08:52:57,
DINO-2,2022-01-01,2022-12-31,success,17473,2026-08-06T08:52:58,
DINO-2,2023-01-01,2023-12-31,success,17473,2026-08-06T08:52:59,
DINO-2,2024-01-01,2024-12-31,success,17521,2026-08-06T08:53:00,
DINO-2,2025-01-01,2025-12-31,success,17473,2026-08-06T08:53:00,
DINO-2,2026-01-01,2026-07-27,success,9937,2026-08-06T08:53:01,
DINO-3,2015-01-01,2015-12-31,success,0,2026-08-06T08:53:01,
DINO-3,2016-01-01,2016-12-31,success,0,2026-08-06T08:53:01,
DINO-3,2017-01-01,2017-12-31,success,0,2026-08-06T08:53:01,
DINO-3,2018-01-01,2018-12-31,success,0,2026-08-06T08:53:02,
DINO-3,2019-01-01,2019-12-31,success,15985,2026-08-06T08:53:02,
DINO-3,2020-01-01,2020-12-31,success,17473,2026-08-06T08:53:03,
DINO-3,2021-01-01,2021-12-31,success,17473,2026-08-06T08:53:04,
DINO-3,2022-01-01,2022-12-31,success,17473,2026-08-06T08:53:05,
DINO-3,2023-01-01,2023-12-31,success,17473,2026-08-06T08:53:06,
DINO-3,2024-01-01,2024-12-31,success,17521,2026-08-06T08:53:07,
DINO-3,2025-01-01,2025-12-31,success,17473,2026-08-06T08:53:08,
DINO-3,2026-01-01,2026-07-27,success,9937,2026-08-06T08:53:08,
DINO-4,2015-01-01,2015-12-31,success,0,2026-08-06T08:53:08,
DINO-4,2016-01-01,2016-12-31,success,0,2026-08-06T08:53:09,
DINO-4,2017-01-01,2017-12-31,success,0,2026-08-06T08:53:09,
DINO-4,2018-01-01,2018-12-31,success,0,2026-08-06T08:53:09,
DINO-4,2019-01-01,2019-12-31,success,15985,2026-08-06T08:53:10,
DINO-4,2020-01-01,2020-12-31,success,17473,2026-08-06T08:53:11,
DINO-4,2021-01-01,2021-12-31,success,17473,2026-08-06T08:53:12,
DINO-4,2022-01-01,2022-12-31,success,17473,2026-08-06T08:53:13,
DINO-4,2023-01-01,2023-12-31,success,17473,2026-08-06T08:53:14,
DINO-4,2024-01-01,2024-12-31,success,17521,2026-08-06T08:53:14,
DINO-4,2025-01-01,2025-12-31,success,17473,2026-08-06T08:53:15,
DINO-4,2026-01-01,2026-07-27,success,9937,2026-08-06T08:53:16,
DINO-5,2015-01-01,2015-12-31,success,0,2026-08-06T08:53:16,
DINO-5,2016-01-01,2016-12-31,success,0,2026-08-06T08:53:16,
DINO-5,2017-01-01,2017-12-31,success,0,2026-08-06T08:53:16,
DINO-5,2018-01-01,2018-12-31,success,0,2026-08-06T08:53:16,
DINO-5,2019-01-01,2019-12-31,success,15985,2026-08-06T08:53:17,
DINO-5,2020-01-01,2020-12-31,success,17473,2026-08-06T08:53:18,
DINO-5,2021-01-01,2021-12-31,success,17473,2026-08-06T08:53:19,
DINO-5,2022-01-01,2022-12-31,success,17473,2026-08-06T08:53:20,
DINO-5,2023-01-01,2023-12-31,success,17473,2026-08-06T08:53:21,
DINO-5,2024-01-01,2024-12-31,success,17521,2026-08-06T08:53:22,
DINO-5,2025-01-01,2025-12-31,success,17473,2026-08-06T08:53:23,
DINO-5,2026-01-01,2026-07-27,success,9937,2026-08-06T08:53:23,
DINO-6,2015-01-01,2015-12-31,success,0,2026-08-06T08:53:23,
DINO-6,2016-01-01,2016-12-31,success,0,2026-08-06T08:53:23,
DINO-6,2017-01-01,2017-12-31,success,0,2026-08-06T08:53:24,
DINO-6,2018-01-01,2018-12-31,success,0,2026-08-06T08:53:24,
DINO-6,2019-01-01,2019-12-31,success,15985,2026-08-06T08:53:24,
DINO-6,2020-01-01,2020-12-31,success,17473,2026-08-06T08:53:25,
DINO-6,2021-01-01,2021-12-31,success,17473,2026-08-06T08:53:26,
DINO-6,2022-01-01,2022-12-31,success,17473,2026-08-06T08:53:27,
DINO-6,2023-01-01,2023-12-31,success,17473,2026-08-06T08:53:28,
DINO-6,2024-01-01,2024-12-31,success,17521,2026-08-06T08:53:29,
DINO-6,2025-01-01,2025-12-31,success,17473,2026-08-06T08:53:30,
DINO-6,2026-01-01,2026-07-27,success,9937,2026-08-06T08:53:30,
DNBAR-1,2015-01-01,2015-12-31,success,0,2026-08-06T08:53:30,
DNBAR-1,2016-01-01,2016-12-31,success,0,2026-08-06T08:53:30,
DNBAR-1,2017-01-01,2017-12-31,success,0,2026-08-06T08:53:31,
DNBAR-1,2018-01-01,2018-12-31,success,0,2026-08-06T08:53:31,
DNBAR-1,2019-01-01,2019-12-31,success,0,2026-08-06T08:53:31,
DNBAR-1,2020-01-01,2020-12-31,success,0,2026-08-06T08:53:31,
DNBAR-1,2021-01-01,2021-12-31,success,15217,2026-08-06T08:53:32,
DNBAR-1,2022-01-01,2022-12-31,success,17473,2026-08-06T08:53:33,
DNBAR-1,2023-01-01,2023-12-31,success,17473,2026-08-06T08:53:34,
DNBAR-1,2024-01-01,2024-12-31,success,17521,2026-08-06T08:53:34,
DNBAR-1,2025-01-01,2025-12-31,success,17473,2026-08-06T08:53:35,
DNBAR-1,2026-01-01,2026-07-27,success,9937,2026-08-06T08:53:36,
DNGB21,2015-01-01,2015-12-31,success,0,2026-08-06T08:53:36,
DNGB21,2016-01-01,2016-12-31,success,0,2026-08-06T08:53:36,
DNGB21,2017-01-01,2017-12-31,success,0,2026-08-06T08:53:36,
DNGB21,2018-01-01,2018-12-31,success,0,2026-08-06T08:53:36,
DNGB21,2019-01-01,2019-12-31,success,15985,2026-08-06T08:53:37,
DNGB21,2020-01-01,2020-12-31,success,17473,2026-08-06T08:53:38,
DNGB21,2021-01-01,2021-12-31,success,17473,2026-08-06T08:53:39,
DNGB21,2022-01-01,2022-12-31,success,17473,2026-08-06T08:53:40,
DNGB21,2023-01-01,2023-12-31,success,17473,2026-08-06T08:53:40,
DNGB21,2024-01-01,2024-12-31,success,17521,2026-08-06T08:53:41,
DNGB21,2025-01-01,2025-12-31,success,17473,2026-08-06T08:53:42,
DNGB21,2026-01-01,2026-07-27,success,9937,2026-08-06T08:53:42,
DNGB22,2015-01-01,2015-12-31,success,0,2026-08-06T08:53:42,
DNGB22,2016-01-01,2016-12-31,success,0,2026-08-06T08:53:43,
DNGB22,2017-01-01,2017-12-31,success,0,2026-08-06T08:53:43,
DNGB22,2018-01-01,2018-12-31,success,0,2026-08-06T08:53:43,
DNGB22,2019-01-01,2019-12-31,success,15985,2026-08-06T08:53:44,
DNGB22,2020-01-01,2020-12-31,success,17473,2026-08-06T08:53:45,
DNGB22,2021-01-01,2021-12-31,success,17473,2026-08-06T08:53:46,
DNGB22,2022-01-01,2022-12-31,success,17473,2026-08-06T08:53:46,
DNGB22,2023-01-01,2023-12-31,success,17473,2026-08-06T08:53:47,
DNGB22,2024-01-01,2024-12-31,success,17521,2026-08-06T08:53:48,
DNGB22,2025-01-01,2025-12-31,success,17473,2026-08-06T08:53:49,
DNGB22,2026-01-01,2026-07-27,success,9937,2026-08-06T08:53:49,
DNLWW-1,2015-01-01,2015-12-31,success,0,2026-08-06T08:53:50,
DNLWW-1,2016-01-01,2016-12-31,success,0,2026-08-06T08:53:50,
DNLWW-1,2017-01-01,2017-12-31,success,0,2026-08-06T08:53:50,
DNLWW-1,2018-01-01,2018-12-31,success,0,2026-08-06T08:53:50,
DNLWW-1,2019-01-01,2019-12-31,success,15985,2026-08-06T08:53:51,
DNLWW-1,2020-01-01,2020-12-31,success,17473,2026-08-06T08:53:52,
DNLWW-1,2021-01-01,2021-12-31,success,17473,2026-08-06T08:53:53,
DNLWW-1,2022-01-01,2022-12-31,success,17473,2026-08-06T08:53:53,
DNLWW-1,2023-01-01,2023-12-31,success,17473,2026-08-06T08:53:54,
DNLWW-1,2024-01-01,2024-12-31,success,17521,2026-08-06T08:53:55,
DNLWW-1,2025-01-01,2025-12-31,success,17473,2026-08-06T08:53:55,
DNLWW-1,2026-01-01,2026-07-27,success,9937,2026-08-06T08:53:56,
DOREW-1,2015-01-01,2015-12-31,success,0,2026-08-06T08:53:56,
DOREW-1,2016-01-01,2016-12-31,success,0,2026-08-06T08:53:56,
DOREW-1,2017-01-01,2017-12-31,success,0,2026-08-06T08:53:56,
DOREW-1,2018-01-01,2018-12-31,success,0,2026-08-06T08:53:56,
DOREW-1,2019-01-01,2019-12-31,success,15985,2026-08-06T08:53:57,
DOREW-1,2020-01-01,2020-12-31,success,17473,2026-08-06T08:53:58,
DOREW-1,2021-01-01,2021-12-31,success,17473,2026-08-06T08:53:59,
DOREW-1,2022-01-01,2022-12-31,success,17473,2026-08-06T08:53:59,
DOREW-1,2023-01-01,2023-12-31,success,17473,2026-08-06T08:54:00,
DOREW-1,2024-01-01,2024-12-31,success,17521,2026-08-06T08:54:01,
DOREW-1,2025-01-01,2025-12-31,success,17473,2026-08-06T08:54:01,
DOREW-1,2026-01-01,2026-07-27,success,9937,2026-08-06T08:54:02,
DOREW-2,2015-01-01,2015-12-31,success,0,2026-08-06T08:54:02,
DOREW-2,2016-01-01,2016-12-31,success,0,2026-08-06T08:54:02,
DOREW-2,2017-01-01,2017-12-31,success,0,2026-08-06T08:54:02,
DOREW-2,2018-01-01,2018-12-31,success,0,2026-08-06T08:54:02,
DOREW-2,2019-01-01,2019-12-31,success,15985,2026-08-06T08:54:03,
DOREW-2,2020-01-01,2020-12-31,success,17473,2026-08-06T08:54:04,
DOREW-2,2021-01-01,2021-12-31,success,17473,2026-08-06T08:54:05,
DOREW-2,2022-01-01,2022-12-31,success,17473,2026-08-06T08:54:06,
DOREW-2,2023-01-01,2023-12-31,success,17473,2026-08-06T08:54:07,
DOREW-2,2024-01-01,2024-12-31,success,17521,2026-08-06T08:54:07,
DOREW-2,2025-01-01,2025-12-31,success,17473,2026-08-06T08:54:08,
DOREW-2,2026-01-01,2026-07-27,success,9937,2026-08-06T08:54:08,
DRAXX-1,2015-01-01,2015-12-31,success,0,2026-08-06T08:54:09,
DRAXX-1,2016-01-01,2016-12-31,success,0,2026-08-06T08:54:09,
DRAXX-1,2017-01-01,2017-12-31,success,0,2026-08-06T08:54:09,
DRAXX-1,2018-01-01,2018-12-31,success,0,2026-08-06T08:54:09,
DRAXX-1,2019-01-01,2019-12-31,success,15985,2026-08-06T08:54:10,
DRAXX-1,2020-01-01,2020-12-31,success,17473,2026-08-06T08:54:11,
DRAXX-1,2021-01-01,2021-12-31,success,17473,2026-08-06T08:54:12,
DRAXX-1,2022-01-01,2022-12-31,success,17473,2026-08-06T08:54:12,
DRAXX-1,2023-01-01,2023-12-31,success,17473,2026-08-06T08:54:13,
DRAXX-1,2024-01-01,2024-12-31,success,17521,2026-08-06T08:54:13,
DRAXX-1,2025-01-01,2025-12-31,success,17473,2026-08-06T08:54:13,
DRAXX-1,2026-01-01,2026-07-27,success,9937,2026-08-06T08:54:14,
DRAXX-10G,2015-01-01,2015-12-31,success,0,2026-08-06T08:54:14,
DRAXX-10G,2016-01-01,2016-12-31,success,0,2026-08-06T08:54:14,
DRAXX-10G,2017-01-01,2017-12-31,success,0,2026-08-06T08:54:14,
DRAXX-10G,2018-01-01,2018-12-31,success,0,2026-08-06T08:54:14,
DRAXX-10G,2019-01-01,2019-12-31,success,15985,2026-08-06T08:54:15,
DRAXX-10G,2020-01-01,2020-12-31,success,17473,2026-08-06T08:54:16,
DRAXX-10G,2021-01-01,2021-12-31,success,17473,2026-08-06T08:54:17,
DRAXX-10G,2022-01-01,2022-12-31,success,17473,2026-08-06T08:54:18,
DRAXX-10G,2023-01-01,2023-12-31,success,17473,2026-08-06T08:54:19,
DRAXX-10G,2024-01-01,2024-12-31,success,17521,2026-08-06T08:54:19,
DRAXX-10G,2025-01-01,2025-12-31,success,17473,2026-08-06T08:54:20,
DRAXX-10G,2026-01-01,2026-07-27,success,9937,2026-08-06T08:54:21,
DRAXX-12G,2015-01-01,2015-12-31,success,0,2026-08-06T08:54:21,
DRAXX-12G,2016-01-01,2016-12-31,success,0,2026-08-06T08:54:21,
DRAXX-12G,2017-01-01,2017-12-31,success,0,2026-08-06T08:54:21,
DRAXX-12G,2018-01-01,2018-12-31,success,0,2026-08-06T08:54:21,
DRAXX-12G,2019-01-01,2019-12-31,success,15985,2026-08-06T08:54:22,
DRAXX-12G,2020-01-01,2020-12-31,success,17473,2026-08-06T08:54:23,
DRAXX-12G,2021-01-01,2021-12-31,success,17473,2026-08-06T08:54:24,
DRAXX-12G,2022-01-01,2022-12-31,success,17473,2026-08-06T08:54:24,
DRAXX-12G,2023-01-01,2023-12-31,success,17473,2026-08-06T08:54:25,
DRAXX-12G,2024-01-01,2024-12-31,success,17521,2026-08-06T08:54:26,
DRAXX-12G,2025-01-01,2025-12-31,success,17473,2026-08-06T08:54:27,
DRAXX-12G,2026-01-01,2026-07-27,success,9937,2026-08-06T08:54:27,
DRAXX-2,2015-01-01,2015-12-31,success,0,2026-08-06T08:54:28,
DRAXX-2,2016-01-01,2016-12-31,success,0,2026-08-06T08:54:28,
DRAXX-2,2017-01-01,2017-12-31,success,0,2026-08-06T08:54:28,
DRAXX-2,2018-01-01,2018-12-31,success,0,2026-08-06T08:54:28,
DRAXX-2,2019-01-01,2019-12-31,success,15985,2026-08-06T08:54:29,
DRAXX-2,2020-01-01,2020-12-31,success,17473,2026-08-06T08:54:30,
DRAXX-2,2021-01-01,2021-12-31,success,17473,2026-08-06T08:54:31,
DRAXX-2,2022-01-01,2022-12-31,success,17473,2026-08-06T08:54:31,
DRAXX-2,2023-01-01,2023-12-31,success,17473,2026-08-06T08:54:32,
DRAXX-2,2024-01-01,2024-12-31,success,17521,2026-08-06T08:54:32,
DRAXX-2,2025-01-01,2025-12-31,success,17473,2026-08-06T08:54:32,
DRAXX-2,2026-01-01,2026-07-27,success,9937,2026-08-06T08:54:33,
DRAXX-3,2015-01-01,2015-12-31,success,0,2026-08-06T08:54:33,
DRAXX-3,2016-01-01,2016-12-31,success,0,2026-08-06T08:54:33,
DRAXX-3,2017-01-01,2017-12-31,success,0,2026-08-06T08:54:33,
DRAXX-3,2018-01-01,2018-12-31,success,0,2026-08-06T08:54:33,
DRAXX-3,2019-01-01,2019-12-31,success,15985,2026-08-06T08:54:34,
DRAXX-3,2020-01-01,2020-12-31,success,17473,2026-08-06T08:54:35,
DRAXX-3,2021-01-01,2021-12-31,success,17473,2026-08-06T08:54:36,
DRAXX-3,2022-01-01,2022-12-31,success,17473,2026-08-06T08:54:36,
DRAXX-3,2023-01-01,2023-12-31,success,17473,2026-08-06T08:54:37,
DRAXX-3,2024-01-01,2024-12-31,success,17521,2026-08-06T08:54:37,
DRAXX-3,2025-01-01,2025-12-31,success,17473,2026-08-06T08:54:38,
DRAXX-3,2026-01-01,2026-07-27,success,9937,2026-08-06T08:54:38,
DRAXX-4,2015-01-01,2015-12-31,success,0,2026-08-06T08:54:39,
DRAXX-4,2016-01-01,2016-12-31,success,0,2026-08-06T08:54:39,
DRAXX-4,2017-01-01,2017-12-31,success,0,2026-08-06T08:54:39,
DRAXX-4,2018-01-01,2018-12-31,success,0,2026-08-06T08:54:39,
DRAXX-4,2019-01-01,2019-12-31,success,15985,2026-08-06T08:54:40,
DRAXX-4,2020-01-01,2020-12-31,success,17473,2026-08-06T08:54:41,
DRAXX-4,2021-01-01,2021-12-31,success,17473,2026-08-06T08:54:42,
DRAXX-4,2022-01-01,2022-12-31,success,17473,2026-08-06T08:54:42,
DRAXX-4,2023-01-01,2023-12-31,success,17473,2026-08-06T08:54:43,
DRAXX-4,2024-01-01,2024-12-31,success,17521,2026-08-06T08:54:43,
DRAXX-4,2025-01-01,2025-12-31,success,17473,2026-08-06T08:54:44,
DRAXX-4,2026-01-01,2026-07-27,success,9937,2026-08-06T08:54:44,
DRAXX-5,2015-01-01,2015-12-31,success,0,2026-08-06T08:54:45,
DRAXX-5,2016-01-01,2016-12-31,success,0,2026-08-06T08:54:45,
DRAXX-5,2017-01-01,2017-12-31,success,0,2026-08-06T08:54:45,
DRAXX-5,2018-01-01,2018-12-31,success,0,2026-08-06T08:54:45,
DRAXX-5,2019-01-01,2019-12-31,success,15985,2026-08-06T08:54:46,
DRAXX-5,2020-01-01,2020-12-31,success,17473,2026-08-06T08:54:46,
DRAXX-5,2021-01-01,2021-12-31,success,17473,2026-08-06T08:54:47,
DRAXX-5,2022-01-01,2022-12-31,success,17473,2026-08-06T08:54:48,
DRAXX-5,2023-01-01,2023-12-31,success,17473,2026-08-06T08:54:49,
DRAXX-5,2024-01-01,2024-12-31,success,17521,2026-08-06T08:54:50,
DRAXX-5,2025-01-01,2025-12-31,success,17473,2026-08-06T08:54:51,
DRAXX-5,2026-01-01,2026-07-27,success,9937,2026-08-06T08:54:51,
DRAXX-6,2015-01-01,2015-12-31,success,0,2026-08-06T08:54:51,
DRAXX-6,2016-01-01,2016-12-31,success,0,2026-08-06T08:54:52,
DRAXX-6,2017-01-01,2017-12-31,success,0,2026-08-06T08:54:52,
DRAXX-6,2018-01-01,2018-12-31,success,0,2026-08-06T08:54:52,
DRAXX-6,2019-01-01,2019-12-31,success,15985,2026-08-06T08:54:53,
DRAXX-6,2020-01-01,2020-12-31,success,17473,2026-08-06T08:54:54,
DRAXX-6,2021-01-01,2021-12-31,success,17473,2026-08-06T08:54:55,
DRAXX-6,2022-01-01,2022-12-31,success,17473,2026-08-06T08:54:56,
DRAXX-6,2023-01-01,2023-12-31,success,17473,2026-08-06T08:54:57,
DRAXX-6,2024-01-01,2024-12-31,success,17521,2026-08-06T08:54:57,
DRAXX-6,2025-01-01,2025-12-31,success,17473,2026-08-06T08:54:58,
DRAXX-6,2026-01-01,2026-07-27,success,9937,2026-08-06T08:54:59,
DRAXX-9G,2015-01-01,2015-12-31,success,0,2026-08-06T08:54:59,
DRAXX-9G,2016-01-01,2016-12-31,success,0,2026-08-06T08:54:59,
DRAXX-9G,2017-01-01,2017-12-31,success,0,2026-08-06T08:54:59,
DRAXX-9G,2018-01-01,2018-12-31,success,0,2026-08-06T08:54:59,
DRAXX-9G,2019-01-01,2019-12-31,success,15985,2026-08-06T08:55:00,
DRAXX-9G,2020-01-01,2020-12-31,success,17473,2026-08-06T08:55:01,
DRAXX-9G,2021-01-01,2021-12-31,success,17473,2026-08-06T08:55:02,
DRAXX-9G,2022-01-01,2022-12-31,success,17473,2026-08-06T08:55:03,
DRAXX-9G,2023-01-01,2023-12-31,success,17473,2026-08-06T08:55:04,
DRAXX-9G,2024-01-01,2024-12-31,success,17521,2026-08-06T08:55:05,
DRAXX-9G,2025-01-01,2025-12-31,success,17473,2026-08-06T08:55:05,
DRAXX-9G,2026-01-01,2026-07-27,success,9937,2026-08-06T08:55:06,
DRDGW-1,2015-01-01,2015-12-31,success,0,2026-08-06T08:55:06,
DRDGW-1,2016-01-01,2016-12-31,success,0,2026-08-06T08:55:06,
DRDGW-1,2017-01-01,2017-12-31,success,0,2026-08-06T08:55:06,
DRDGW-1,2018-01-01,2018-12-31,success,0,2026-08-06T08:55:07,
DRDGW-1,2019-01-01,2019-12-31,success,0,2026-08-06T08:55:07,
DRDGW-1,2020-01-01,2020-12-31,success,0,2026-08-06T08:55:07,
DRDGW-1,2021-01-01,2021-12-31,success,0,2026-08-06T08:55:07,
DRDGW-1,2022-01-01,2022-12-31,success,0,2026-08-06T08:55:07,
DRDGW-1,2023-01-01,2023-12-31,success,0,2026-08-06T08:55:08,
DRDGW-1,2024-01-01,2024-12-31,success,0,2026-08-06T08:55:08,
DRDGW-1,2025-01-01,2025-12-31,success,0,2026-08-06T08:55:08,
DRDGW-1,2026-01-01,2026-07-27,success,0,2026-08-06T08:55:08,
DRSLW-1,2015-01-01,2015-12-31,success,0,2026-08-06T08:55:08,
DRSLW-1,2016-01-01,2016-12-31,success,0,2026-08-06T08:55:09,
DRSLW-1,2017-01-01,2017-12-31,success,0,2026-08-06T08:55:09,
DRSLW-1,2018-01-01,2018-12-31,success,0,2026-08-06T08:55:09,
DRSLW-1,2019-01-01,2019-12-31,success,15985,2026-08-06T08:55:10,
DRSLW-1,2020-01-01,2020-12-31,success,17473,2026-08-06T08:55:11,
DRSLW-1,2021-01-01,2021-12-31,success,17473,2026-08-06T08:55:13,
DRSLW-1,2022-01-01,2022-12-31,success,17473,2026-08-06T08:55:14,
DRSLW-1,2023-01-01,2023-12-31,success,17473,2026-08-06T08:55:14,
DRSLW-1,2024-01-01,2024-12-31,success,17521,2026-08-06T08:55:15,
DRSLW-1,2025-01-01,2025-12-31,success,17473,2026-08-06T08:55:15,
DRSLW-1,2026-01-01,2026-07-27,success,9937,2026-08-06T08:55:16,
DUMMW-1,2015-01-01,2015-12-31,success,0,2026-08-06T08:55:16,
DUMMW-1,2016-01-01,2016-12-31,success,0,2026-08-06T08:55:16,
DUMMW-1,2017-01-01,2017-12-31,success,0,2026-08-06T08:55:16,
DUMMW-1,2018-01-01,2018-12-31,success,0,2026-08-06T08:55:17,
DUMMW-1,2019-01-01,2019-12-31,success,0,2026-08-06T08:55:17,
DUMMW-1,2020-01-01,2020-12-31,success,0,2026-08-06T08:55:17,
DUMMW-1,2021-01-01,2021-12-31,success,0,2026-08-06T08:55:17,
DUMMW-1,2022-01-01,2022-12-31,success,0,2026-08-06T08:55:17,
DUMMW-1,2023-01-01,2023-12-31,success,0,2026-08-06T08:55:18,
DUMMW-1,2024-01-01,2024-12-31,success,0,2026-08-06T08:55:18,
DUMMW-1,2025-01-01,2025-12-31,success,0,2026-08-06T08:55:18,
DUMMW-1,2026-01-01,2026-07-27,success,0,2026-08-06T08:55:18,
DUNGW-1,2015-01-01,2015-12-31,success,0,2026-08-06T08:55:18,
DUNGW-1,2016-01-01,2016-12-31,success,0,2026-08-06T08:55:18,
DUNGW-1,2017-01-01,2017-12-31,success,0,2026-08-06T08:55:19,
DUNGW-1,2018-01-01,2018-12-31,success,0,2026-08-06T08:55:19,
DUNGW-1,2019-01-01,2019-12-31,success,15985,2026-08-06T08:55:20,
DUNGW-1,2020-01-01,2020-12-31,success,17473,2026-08-06T08:55:21,
DUNGW-1,2021-01-01,2021-12-31,success,17473,2026-08-06T08:55:22,
DUNGW-1,2022-01-01,2022-12-31,success,17473,2026-08-06T08:55:23,
DUNGW-1,2023-01-01,2023-12-31,success,17473,2026-08-06T08:55:24,
DUNGW-1,2024-01-01,2024-12-31,success,17521,2026-08-06T08:55:24,
DUNGW-1,2025-01-01,2025-12-31,success,17473,2026-08-06T08:55:25,
DUNGW-1,2026-01-01,2026-07-27,success,9937,2026-08-06T08:55:25,
EAAO-1,2015-01-01,2015-12-31,success,0,2026-08-06T08:55:25,
EAAO-1,2016-01-01,2016-12-31,success,0,2026-08-06T08:55:26,
EAAO-1,2017-01-01,2017-12-31,success,0,2026-08-06T08:55:26,
EAAO-1,2018-01-01,2018-12-31,success,0,2026-08-06T08:55:26,
EAAO-1,2019-01-01,2019-12-31,success,8451,2026-08-06T08:55:27,
EAAO-1,2020-01-01,2020-12-31,success,17473,2026-08-06T08:55:27,
EAAO-1,2021-01-01,2021-12-31,success,17473,2026-08-06T08:55:28,
EAAO-1,2022-01-01,2022-12-31,success,17473,2026-08-06T08:55:29,
EAAO-1,2023-01-01,2023-12-31,success,17473,2026-08-06T08:55:31,
EAAO-1,2024-01-01,2024-12-31,success,17521,2026-08-06T08:55:31,
EAAO-1,2025-01-01,2025-12-31,success,17473,2026-08-06T08:55:32,
EAAO-1,2026-01-01,2026-07-27,success,9937,2026-08-06T08:55:32,
EAAO-2,2015-01-01,2015-12-31,success,0,2026-08-06T08:55:33,
EAAO-2,2016-01-01,2016-12-31,success,0,2026-08-06T08:55:33,
EAAO-2,2017-01-01,2017-12-31,success,0,2026-08-06T08:55:33,
EAAO-2,2018-01-01,2018-12-31,success,0,2026-08-06T08:55:33,
EAAO-2,2019-01-01,2019-12-31,success,8451,2026-08-06T08:55:34,
EAAO-2,2020-01-01,2020-12-31,success,17473,2026-08-06T08:55:35,
EAAO-2,2021-01-01,2021-12-31,success,17473,2026-08-06T08:55:36,
EAAO-2,2022-01-01,2022-12-31,success,17473,2026-08-06T08:55:37,
EAAO-2,2023-01-01,2023-12-31,success,17473,2026-08-06T08:55:38,
EAAO-2,2024-01-01,2024-12-31,success,17521,2026-08-06T08:55:39,
EAAO-2,2025-01-01,2025-12-31,success,17473,2026-08-06T08:55:39,
EAAO-2,2026-01-01,2026-07-27,success,9937,2026-08-06T08:55:40,
EARBW-1,2015-01-01,2015-12-31,success,0,2026-08-06T08:55:40,
EARBW-1,2016-01-01,2016-12-31,success,0,2026-08-06T08:55:40,
EARBW-1,2017-01-01,2017-12-31,success,0,2026-08-06T08:55:40,
EARBW-1,2018-01-01,2018-12-31,success,0,2026-08-06T08:55:40,
EARBW-1,2019-01-01,2019-12-31,success,0,2026-08-06T08:55:41,
EARBW-1,2020-01-01,2020-12-31,success,0,2026-08-06T08:55:41,
EARBW-1,2021-01-01,2021-12-31,success,0,2026-08-06T08:55:41,
EARBW-1,2022-01-01,2022-12-31,success,0,2026-08-06T08:55:41,
EARBW-1,2023-01-01,2023-12-31,success,0,2026-08-06T08:55:41,
EARBW-1,2024-01-01,2024-12-31,success,0,2026-08-06T08:55:42,
EARBW-1,2025-01-01,2025-12-31,success,0,2026-08-06T08:55:42,
EARBW-1,2026-01-01,2026-07-27,success,0,2026-08-06T08:55:42,
EDINW-1,2015-01-01,2015-12-31,success,0,2026-08-06T08:55:42,
EDINW-1,2016-01-01,2016-12-31,success,0,2026-08-06T08:55:42,
EDINW-1,2017-01-01,2017-12-31,success,0,2026-08-06T08:55:42,
EDINW-1,2018-01-01,2018-12-31,success,0,2026-08-06T08:55:43,
EDINW-1,2019-01-01,2019-12-31,success,15985,2026-08-06T08:55:43,
EDINW-1,2020-01-01,2020-12-31,success,17473,2026-08-06T08:55:44,
EDINW-1,2021-01-01,2021-12-31,success,17473,2026-08-06T08:55:45,
EDINW-1,2022-01-01,2022-12-31,success,17473,2026-08-06T08:55:46,
EDINW-1,2023-01-01,2023-12-31,success,17473,2026-08-06T08:55:47,
EDINW-1,2024-01-01,2024-12-31,success,17521,2026-08-06T08:55:47,
EDINW-1,2025-01-01,2025-12-31,success,17473,2026-08-06T08:55:48,
EDINW-1,2026-01-01,2026-07-27,success,9937,2026-08-06T08:55:48,
EDTRW-1,2015-01-01,2015-12-31,success,0,2026-08-06T08:55:49,
EDTRW-1,2016-01-01,2016-12-31,success,0,2026-08-06T08:55:49,
EDTRW-1,2017-01-01,2017-12-31,success,0,2026-08-06T08:55:49,
EDTRW-1,2018-01-01,2018-12-31,success,0,2026-08-06T08:55:49,
EDTRW-1,2019-01-01,2019-12-31,success,0,2026-08-06T08:55:49,
EDTRW-1,2020-01-01,2020-12-31,success,0,2026-08-06T08:55:49,
EDTRW-1,2021-01-01,2021-12-31,success,0,2026-08-06T08:55:50,
EDTRW-1,2022-01-01,2022-12-31,success,0,2026-08-06T08:55:50,
EDTRW-1,2023-01-01,2023-12-31,success,0,2026-08-06T08:55:50,
EDTRW-1,2024-01-01,2024-12-31,success,0,2026-08-06T08:55:50,
EDTRW-1,2025-01-01,2025-12-31,success,0,2026-08-06T08:55:50,
EDTRW-1,2026-01-01,2026-07-27,success,0,2026-08-06T08:55:51,
EECL-1,2015-01-01,2015-12-31,success,0,2026-08-06T08:55:51,
EECL-1,2016-01-01,2016-12-31,success,0,2026-08-06T08:55:51,
EECL-1,2017-01-01,2017-12-31,success,0,2026-08-06T08:55:51,
EECL-1,2018-01-01,2018-12-31,success,0,2026-08-06T08:55:51,
EECL-1,2019-01-01,2019-12-31,success,15985,2026-08-06T08:55:52,
EECL-1,2020-01-01,2020-12-31,success,17473,2026-08-06T08:55:53,
EECL-1,2021-01-01,2021-12-31,success,17473,2026-08-06T08:55:54,
EECL-1,2022-01-01,2022-12-31,success,17473,2026-08-06T08:55:55,
EECL-1,2023-01-01,2023-12-31,success,17473,2026-08-06T08:55:55,
EECL-1,2024-01-01,2024-12-31,success,17521,2026-08-06T08:55:56,
EECL-1,2025-01-01,2025-12-31,success,17473,2026-08-06T08:55:57,
EECL-1,2026-01-01,2026-07-27,success,9937,2026-08-06T08:55:57,
EGGPS-1,2015-01-01,2015-12-31,success,0,2026-08-06T08:55:57,
EGGPS-1,2016-01-01,2016-12-31,success,0,2026-08-06T08:55:58,
EGGPS-1,2017-01-01,2017-12-31,success,0,2026-08-06T08:55:58,
EGGPS-1,2018-01-01,2018-12-31,success,0,2026-08-06T08:55:58,
EGGPS-1,2019-01-01,2019-12-31,success,0,2026-08-06T08:55:58,
EGGPS-1,2020-01-01,2020-12-31,success,0,2026-08-06T08:55:58,
EGGPS-1,2021-01-01,2021-12-31,success,0,2026-08-06T08:55:59,
EGGPS-1,2022-01-01,2022-12-31,success,0,2026-08-06T08:55:59,
EGGPS-1,2023-01-01,2023-12-31,success,0,2026-08-06T08:55:59,
EGGPS-1,2024-01-01,2024-12-31,success,0,2026-08-06T08:55:59,
EGGPS-1,2025-01-01,2025-12-31,success,0,2026-08-06T08:55:59,
EGGPS-1,2026-01-01,2026-07-27,success,0,2026-08-06T08:56:00,
EGGPS-2,2015-01-01,2015-12-31,success,0,2026-08-06T08:56:00,
EGGPS-2,2016-01-01,2016-12-31,success,0,2026-08-06T08:56:00,
EGGPS-2,2017-01-01,2017-12-31,success,0,2026-08-06T08:56:00,
EGGPS-2,2018-01-01,2018-12-31,success,0,2026-08-06T08:56:00,
EGGPS-2,2019-01-01,2019-12-31,success,0,2026-08-06T08:56:00,
EGGPS-2,2020-01-01,2020-12-31,success,0,2026-08-06T08:56:01,
EGGPS-2,2021-01-01,2021-12-31,success,0,2026-08-06T08:56:01,
EGGPS-2,2022-01-01,2022-12-31,success,0,2026-08-06T08:56:01,
EGGPS-2,2023-01-01,2023-12-31,success,0,2026-08-06T08:56:01,
EGGPS-2,2024-01-01,2024-12-31,success,0,2026-08-06T08:56:01,
EGGPS-2,2025-01-01,2025-12-31,success,0,2026-08-06T08:56:02,
EGGPS-2,2026-01-01,2026-07-27,success,0,2026-08-06T08:56:02,
EGGPS-3,2015-01-01,2015-12-31,success,0,2026-08-06T08:56:02,
EGGPS-3,2016-01-01,2016-12-31,success,0,2026-08-06T08:56:02,
EGGPS-3,2017-01-01,2017-12-31,success,0,2026-08-06T08:56:02,
EGGPS-3,2018-01-01,2018-12-31,success,0,2026-08-06T08:56:03,
EGGPS-3,2019-01-01,2019-12-31,success,0,2026-08-06T08:56:03,
EGGPS-3,2020-01-01,2020-12-31,success,0,2026-08-06T08:56:03,
EGGPS-3,2021-01-01,2021-12-31,success,0,2026-08-06T08:56:03,
EGGPS-3,2022-01-01,2022-12-31,success,0,2026-08-06T08:56:03,
EGGPS-3,2023-01-01,2023-12-31,success,0,2026-08-06T08:56:03,
EGGPS-3,2024-01-01,2024-12-31,success,0,2026-08-06T08:56:04,
EGGPS-3,2025-01-01,2025-12-31,success,0,2026-08-06T08:56:04,
EGGPS-3,2026-01-01,2026-07-27,success,0,2026-08-06T08:56:04,
EGGPS-4,2015-01-01,2015-12-31,success,0,2026-08-06T08:56:04,
EGGPS-4,2016-01-01,2016-12-31,success,0,2026-08-06T08:56:04,
EGGPS-4,2017-01-01,2017-12-31,success,0,2026-08-06T08:56:05,
EGGPS-4,2018-01-01,2018-12-31,success,0,2026-08-06T08:56:05,
EGGPS-4,2019-01-01,2019-12-31,success,0,2026-08-06T08:56:05,
EGGPS-4,2020-01-01,2020-12-31,success,0,2026-08-06T08:56:05,
EGGPS-4,2021-01-01,2021-12-31,success,0,2026-08-06T08:56:05,
EGGPS-4,2022-01-01,2022-12-31,success,0,2026-08-06T08:56:06,
EGGPS-4,2023-01-01,2023-12-31,success,0,2026-08-06T08:56:06,
EGGPS-4,2024-01-01,2024-12-31,success,0,2026-08-06T08:56:06,
EGGPS-4,2025-01-01,2025-12-31,success,0,2026-08-06T08:56:06,
EGGPS-4,2026-01-01,2026-07-27,success,0,2026-08-06T08:56:06,
ERRO-1,2015-01-01,2015-12-31,success,0,2026-08-06T08:56:06,
ERRO-1,2016-01-01,2016-12-31,success,0,2026-08-06T08:56:07,
ERRO-1,2017-01-01,2017-12-31,success,0,2026-08-06T08:56:07,
ERRO-1,2018-01-01,2018-12-31,success,0,2026-08-06T08:56:07,
ERRO-1,2019-01-01,2019-12-31,success,15985,2026-08-06T08:56:08,
ERRO-1,2020-01-01,2020-12-31,success,17473,2026-08-06T08:56:09,
ERRO-1,2021-01-01,2021-12-31,success,17473,2026-08-06T08:56:10,
ERRO-1,2022-01-01,2022-12-31,success,17473,2026-08-06T08:56:11,
ERRO-1,2023-01-01,2023-12-31,success,17473,2026-08-06T08:56:11,
ERRO-1,2024-01-01,2024-12-31,success,17521,2026-08-06T08:56:12,
ERRO-1,2025-01-01,2025-12-31,success,17473,2026-08-06T08:56:13,
ERRO-1,2026-01-01,2026-07-27,success,9937,2026-08-06T08:56:13,
ERRO-2,2015-01-01,2015-12-31,success,0,2026-08-06T08:56:14,
ERRO-2,2016-01-01,2016-12-31,success,0,2026-08-06T08:56:14,
ERRO-2,2017-01-01,2017-12-31,success,0,2026-08-06T08:56:14,
ERRO-2,2018-01-01,2018-12-31,success,0,2026-08-06T08:56:14,
ERRO-2,2019-01-01,2019-12-31,success,15985,2026-08-06T08:56:15,
ERRO-2,2020-01-01,2020-12-31,success,17473,2026-08-06T08:56:16,
ERRO-2,2021-01-01,2021-12-31,success,17473,2026-08-06T08:56:17,
ERRO-2,2022-01-01,2022-12-31,success,17473,2026-08-06T08:56:17,
ERRO-2,2023-01-01,2023-12-31,success,17473,2026-08-06T08:56:18,
ERRO-2,2024-01-01,2024-12-31,success,17521,2026-08-06T08:56:19,
ERRO-2,2025-01-01,2025-12-31,success,17473,2026-08-06T08:56:20,
ERRO-2,2026-01-01,2026-07-27,success,9937,2026-08-06T08:56:20,
ERRO-3,2015-01-01,2015-12-31,success,0,2026-08-06T08:56:20,
ERRO-3,2016-01-01,2016-12-31,success,0,2026-08-06T08:56:20,
ERRO-3,2017-01-01,2017-12-31,success,0,2026-08-06T08:56:21,
ERRO-3,2018-01-01,2018-12-31,success,0,2026-08-06T08:56:21,
ERRO-3,2019-01-01,2019-12-31,success,15985,2026-08-06T08:56:22,
ERRO-3,2020-01-01,2020-12-31,success,17473,2026-08-06T08:56:23,
ERRO-3,2021-01-01,2021-12-31,success,17473,2026-08-06T08:56:23,
ERRO-3,2022-01-01,2022-12-31,success,17473,2026-08-06T08:56:24,
ERRO-3,2023-01-01,2023-12-31,success,17473,2026-08-06T08:56:25,
ERRO-3,2024-01-01,2024-12-31,success,17521,2026-08-06T08:56:26,
ERRO-3,2025-01-01,2025-12-31,success,17473,2026-08-06T08:56:27,
ERRO-3,2026-01-01,2026-07-27,success,9937,2026-08-06T08:56:27,
EWHLW-1,2015-01-01,2015-12-31,success,0,2026-08-06T08:56:27,
EWHLW-1,2016-01-01,2016-12-31,success,0,2026-08-06T08:56:27,
EWHLW-1,2017-01-01,2017-12-31,success,0,2026-08-06T08:56:27,
EWHLW-1,2018-01-01,2018-12-31,success,0,2026-08-06T08:56:28,
EWHLW-1,2019-01-01,2019-12-31,success,15985,2026-08-06T08:56:29,
EWHLW-1,2020-01-01,2020-12-31,success,17473,2026-08-06T08:56:29,
EWHLW-1,2021-01-01,2021-12-31,success,17473,2026-08-06T08:56:30,
EWHLW-1,2022-01-01,2022-12-31,success,17473,2026-08-06T08:56:31,
EWHLW-1,2023-01-01,2023-12-31,success,17473,2026-08-06T08:56:32,
EWHLW-1,2024-01-01,2024-12-31,success,17521,2026-08-06T08:56:33,
EWHLW-1,2025-01-01,2025-12-31,success,17473,2026-08-06T08:56:33,
EWHLW-1,2026-01-01,2026-07-27,success,9937,2026-08-06T08:56:34,
FAARW-1,2015-01-01,2015-12-31,success,0,2026-08-06T08:56:34,
FAARW-1,2016-01-01,2016-12-31,success,0,2026-08-06T08:56:34,
FAARW-1,2017-01-01,2017-12-31,success,0,2026-08-06T08:56:34,
FAARW-1,2018-01-01,2018-12-31,success,0,2026-08-06T08:56:34,
FAARW-1,2019-01-01,2019-12-31,success,15985,2026-08-06T08:56:35,
FAARW-1,2020-01-01,2020-12-31,success,17473,2026-08-06T08:56:36,
FAARW-1,2021-01-01,2021-12-31,success,17473,2026-08-06T08:56:37,
FAARW-1,2022-01-01,2022-12-31,success,17473,2026-08-06T08:56:38,
FAARW-1,2023-01-01,2023-12-31,success,17473,2026-08-06T08:56:39,
FAARW-1,2024-01-01,2024-12-31,success,17521,2026-08-06T08:56:40,
FAARW-1,2025-01-01,2025-12-31,success,17473,2026-08-06T08:56:40,
FAARW-1,2026-01-01,2026-07-27,success,9937,2026-08-06T08:56:41,
FAARW-2,2015-01-01,2015-12-31,success,0,2026-08-06T08:56:41,
FAARW-2,2016-01-01,2016-12-31,success,0,2026-08-06T08:56:42,
FAARW-2,2017-01-01,2017-12-31,success,0,2026-08-06T08:56:42,
FAARW-2,2018-01-01,2018-12-31,success,0,2026-08-06T08:56:43,
FAARW-2,2019-01-01,2019-12-31,success,15985,2026-08-06T08:56:46,
FAARW-2,2020-01-01,2020-12-31,success,17473,2026-08-06T08:56:52,
FAARW-2,2021-01-01,2021-12-31,success,17473,2026-08-06T08:56:52,
FAARW-2,2022-01-01,2022-12-31,success,17473,2026-08-06T08:56:53,
FAARW-2,2023-01-01,2023-12-31,success,17473,2026-08-06T08:56:54,
FAARW-2,2024-01-01,2024-12-31,success,17521,2026-08-06T08:56:54,
FAARW-2,2025-01-01,2025-12-31,success,17473,2026-08-06T08:56:55,
FAARW-2,2026-01-01,2026-07-27,success,9937,2026-08-06T08:56:55,
FALGW-1,2015-01-01,2015-12-31,success,0,2026-08-06T08:56:55,
FALGW-1,2016-01-01,2016-12-31,success,0,2026-08-06T08:56:56,
FALGW-1,2017-01-01,2017-12-31,success,0,2026-08-06T08:56:56,
FALGW-1,2018-01-01,2018-12-31,success,0,2026-08-06T08:56:56,
FALGW-1,2019-01-01,2019-12-31,success,15985,2026-08-06T08:56:57,
FALGW-1,2020-01-01,2020-12-31,success,17473,2026-08-06T08:56:58,
FALGW-1,2021-01-01,2021-12-31,success,17473,2026-08-06T08:56:58,
FALGW-1,2022-01-01,2022-12-31,success,17473,2026-08-06T08:56:59,
FALGW-1,2023-01-01,2023-12-31,success,17473,2026-08-06T08:57:00,
FALGW-1,2024-01-01,2024-12-31,success,17521,2026-08-06T08:57:01,
FALGW-1,2025-01-01,2025-12-31,success,17473,2026-08-06T08:57:01,
FALGW-1,2026-01-01,2026-07-27,success,9937,2026-08-06T08:57:02,
FASN-1,2015-01-01,2015-12-31,success,0,2026-08-06T08:57:02,
FASN-1,2016-01-01,2016-12-31,success,0,2026-08-06T08:57:02,
FASN-1,2017-01-01,2017-12-31,success,0,2026-08-06T08:57:02,
FASN-1,2018-01-01,2018-12-31,success,0,2026-08-06T08:57:03,
FASN-1,2019-01-01,2019-12-31,success,15985,2026-08-06T08:57:03,
FASN-1,2020-01-01,2020-12-31,success,17473,2026-08-06T08:57:04,
FASN-1,2021-01-01,2021-12-31,success,17473,2026-08-06T08:57:05,
FASN-1,2022-01-01,2022-12-31,success,17473,2026-08-06T08:57:07,
FASN-1,2023-01-01,2023-12-31,success,17473,2026-08-06T08:57:08,
FASN-1,2024-01-01,2024-12-31,success,17521,2026-08-06T08:57:09,
FASN-1,2025-01-01,2025-12-31,success,17473,2026-08-06T08:57:10,
FASN-1,2026-01-01,2026-07-27,success,9937,2026-08-06T08:57:10,
FASN-4,2015-01-01,2015-12-31,success,0,2026-08-06T08:57:11,
FASN-4,2016-01-01,2016-12-31,success,0,2026-08-06T08:57:11,
FASN-4,2017-01-01,2017-12-31,success,0,2026-08-06T08:57:11,
FASN-4,2018-01-01,2018-12-31,success,0,2026-08-06T08:57:11,
FASN-4,2019-01-01,2019-12-31,success,15985,2026-08-06T08:57:12,
FASN-4,2020-01-01,2020-12-31,success,17473,2026-08-06T08:57:13,
FASN-4,2021-01-01,2021-12-31,success,17473,2026-08-06T08:57:14,
FASN-4,2022-01-01,2022-12-31,success,17473,2026-08-06T08:57:15,
FASN-4,2023-01-01,2023-12-31,success,17473,2026-08-06T08:57:15,
FASN-4,2024-01-01,2024-12-31,success,17521,2026-08-06T08:57:16,
FASN-4,2025-01-01,2025-12-31,success,17473,2026-08-06T08:57:18,
FASN-4,2026-01-01,2026-07-27,success,9937,2026-08-06T08:57:18,
FASN2,2015-01-01,2015-12-31,success,0,2026-08-06T08:57:18,
FASN2,2016-01-01,2016-12-31,success,0,2026-08-06T08:57:19,
FASN2,2017-01-01,2017-12-31,success,0,2026-08-06T08:57:19,
FASN2,2018-01-01,2018-12-31,success,0,2026-08-06T08:57:19,
FASN2,2019-01-01,2019-12-31,success,15985,2026-08-06T08:57:20,
FASN2,2020-01-01,2020-12-31,success,17473,2026-08-06T08:57:21,
FASN2,2021-01-01,2021-12-31,success,17473,2026-08-06T08:57:21,
FASN2,2022-01-01,2022-12-31,success,17473,2026-08-06T08:57:22,
FASN2,2023-01-01,2023-12-31,success,17473,2026-08-06T08:57:23,
FASN2,2024-01-01,2024-12-31,success,17521,2026-08-06T08:57:24,
FASN2,2025-01-01,2025-12-31,success,17473,2026-08-06T08:57:24,
FASN2,2026-01-01,2026-07-27,success,9937,2026-08-06T08:57:25,
FASN3,2015-01-01,2015-12-31,success,0,2026-08-06T08:57:25,
FASN3,2016-01-01,2016-12-31,success,0,2026-08-06T08:57:25,
FASN3,2017-01-01,2017-12-31,success,0,2026-08-06T08:57:25,
FASN3,2018-01-01,2018-12-31,success,0,2026-08-06T08:57:26,
FASN3,2019-01-01,2019-12-31,success,15985,2026-08-06T08:57:26,
FASN3,2020-01-01,2020-12-31,success,17473,2026-08-06T08:57:27,
FASN3,2021-01-01,2021-12-31,success,17473,2026-08-06T08:57:28,
FASN3,2022-01-01,2022-12-31,success,17473,2026-08-06T08:57:29,
FASN3,2023-01-01,2023-12-31,success,17473,2026-08-06T08:57:30,
FASN3,2024-01-01,2024-12-31,success,17521,2026-08-06T08:57:31,
FASN3,2025-01-01,2025-12-31,success,17473,2026-08-06T08:57:32,
FASN3,2026-01-01,2026-07-27,success,9937,2026-08-06T08:57:32,
FAWL1,2015-01-01,2015-12-31,success,0,2026-08-06T08:57:33,
FAWL1,2016-01-01,2016-12-31,success,0,2026-08-06T08:57:33,
FAWL1,2017-01-01,2017-12-31,success,0,2026-08-06T08:57:33,
FAWL1,2018-01-01,2018-12-31,success,0,2026-08-06T08:57:33,
FAWL1,2019-01-01,2019-12-31,success,0,2026-08-06T08:57:33,
FAWL1,2020-01-01,2020-12-31,success,0,2026-08-06T08:57:34,
FAWL1,2021-01-01,2021-12-31,success,0,2026-08-06T08:57:34,
FAWL1,2022-01-01,2022-12-31,success,0,2026-08-06T08:57:34,
FAWL1,2023-01-01,2023-12-31,success,0,2026-08-06T08:57:34,
FAWL1,2024-01-01,2024-12-31,success,0,2026-08-06T08:57:34,
FAWL1,2025-01-01,2025-12-31,success,0,2026-08-06T08:57:35,
FAWL1,2026-01-01,2026-07-27,success,0,2026-08-06T08:57:35,
FAWL1G,2015-01-01,2015-12-31,success,0,2026-08-06T08:57:35,
FAWL1G,2016-01-01,2016-12-31,success,0,2026-08-06T08:57:35,
FAWL1G,2017-01-01,2017-12-31,success,0,2026-08-06T08:57:35,
FAWL1G,2018-01-01,2018-12-31,success,0,2026-08-06T08:57:36,
FAWL1G,2019-01-01,2019-12-31,success,0,2026-08-06T08:57:36,
FAWL1G,2020-01-01,2020-12-31,success,0,2026-08-06T08:57:36,
FAWL1G,2021-01-01,2021-12-31,success,0,2026-08-06T08:57:36,
FAWL1G,2022-01-01,2022-12-31,success,0,2026-08-06T08:57:36,
FAWL1G,2023-01-01,2023-12-31,success,0,2026-08-06T08:57:37,
FAWL1G,2024-01-01,2024-12-31,success,0,2026-08-06T08:57:37,
FAWL1G,2025-01-01,2025-12-31,success,0,2026-08-06T08:57:37,
FAWL1G,2026-01-01,2026-07-27,success,0,2026-08-06T08:57:37,
FAWL2G,2015-01-01,2015-12-31,success,0,2026-08-06T08:57:37,
FAWL2G,2016-01-01,2016-12-31,success,0,2026-08-06T08:57:38,
FAWL2G,2017-01-01,2017-12-31,success,0,2026-08-06T08:57:38,
FAWL2G,2018-01-01,2018-12-31,success,0,2026-08-06T08:57:38,
FAWL2G,2019-01-01,2019-12-31,success,0,2026-08-06T08:57:38,
FAWL2G,2020-01-01,2020-12-31,success,0,2026-08-06T08:57:38,
FAWL2G,2021-01-01,2021-12-31,success,0,2026-08-06T08:57:38,
FAWL2G,2022-01-01,2022-12-31,success,0,2026-08-06T08:57:39,
FAWL2G,2023-01-01,2023-12-31,success,0,2026-08-06T08:57:39,
FAWL2G,2024-01-01,2024-12-31,success,0,2026-08-06T08:57:39,
FAWL2G,2025-01-01,2025-12-31,success,0,2026-08-06T08:57:39,
FAWL2G,2026-01-01,2026-07-27,success,0,2026-08-06T08:57:39,
FAWL3,2015-01-01,2015-12-31,success,0,2026-08-06T08:57:40,
FAWL3,2016-01-01,2016-12-31,success,0,2026-08-06T08:57:40,
FAWL3,2017-01-01,2017-12-31,success,0,2026-08-06T08:57:40,
FAWL3,2018-01-01,2018-12-31,success,0,2026-08-06T08:57:40,
FAWL3,2019-01-01,2019-12-31,success,0,2026-08-06T08:57:40,
FAWL3,2020-01-01,2020-12-31,success,0,2026-08-06T08:57:41,
FAWL3,2021-01-01,2021-12-31,success,0,2026-08-06T08:57:41,
FAWL3,2022-01-01,2022-12-31,success,0,2026-08-06T08:57:41,
FAWL3,2023-01-01,2023-12-31,success,0,2026-08-06T08:57:41,
FAWL3,2024-01-01,2024-12-31,success,0,2026-08-06T08:57:41,
FAWL3,2025-01-01,2025-12-31,success,0,2026-08-06T08:57:42,
FAWL3,2026-01-01,2026-07-27,success,0,2026-08-06T08:57:42,
FAWL3G,2015-01-01,2015-12-31,success,0,2026-08-06T08:57:42,
FAWL3G,2016-01-01,2016-12-31,success,0,2026-08-06T08:57:42,
FAWL3G,2017-01-01,2017-12-31,success,0,2026-08-06T08:57:42,
FAWL3G,2018-01-01,2018-12-31,success,0,2026-08-06T08:57:42,
FAWL3G,2019-01-01,2019-12-31,success,0,2026-08-06T08:57:43,
FAWL3G,2020-01-01,2020-12-31,success,0,2026-08-06T08:57:43,
FAWL3G,2021-01-01,2021-12-31,success,0,2026-08-06T08:57:43,
FAWL3G,2022-01-01,2022-12-31,success,0,2026-08-06T08:57:43,
FAWL3G,2023-01-01,2023-12-31,success,0,2026-08-06T08:57:43,
FAWL3G,2024-01-01,2024-12-31,success,0,2026-08-06T08:57:44,
FAWL3G,2025-01-01,2025-12-31,success,0,2026-08-06T08:57:44,
FAWL3G,2026-01-01,2026-07-27,success,0,2026-08-06T08:57:44,
FAWL4G,2015-01-01,2015-12-31,success,0,2026-08-06T08:57:44,
FAWL4G,2016-01-01,2016-12-31,success,0,2026-08-06T08:57:44,
FAWL4G,2017-01-01,2017-12-31,success,0,2026-08-06T08:57:45,
FAWL4G,2018-01-01,2018-12-31,success,0,2026-08-06T08:57:45,
FAWL4G,2019-01-01,2019-12-31,success,0,2026-08-06T08:57:45,
FAWL4G,2020-01-01,2020-12-31,success,0,2026-08-06T08:57:45,
FAWL4G,2021-01-01,2021-12-31,success,0,2026-08-06T08:57:45,
FAWL4G,2022-01-01,2022-12-31,success,0,2026-08-06T08:57:45,
FAWL4G,2023-01-01,2023-12-31,success,0,2026-08-06T08:57:46,
FAWL4G,2024-01-01,2024-12-31,success,0,2026-08-06T08:57:46,
FAWL4G,2025-01-01,2025-12-31,success,0,2026-08-06T08:57:46,
FAWL4G,2026-01-01,2026-07-27,success,0,2026-08-06T08:57:46,
FAWN-1,2015-01-01,2015-12-31,success,0,2026-08-06T08:57:46,
FAWN-1,2016-01-01,2016-12-31,success,0,2026-08-06T08:57:47,
FAWN-1,2017-01-01,2017-12-31,success,0,2026-08-06T08:57:47,
FAWN-1,2018-01-01,2018-12-31,success,0,2026-08-06T08:57:47,
FAWN-1,2019-01-01,2019-12-31,success,15985,2026-08-06T08:57:48,
FAWN-1,2020-01-01,2020-12-31,success,17473,2026-08-06T08:57:49,
FAWN-1,2021-01-01,2021-12-31,success,17473,2026-08-06T08:57:50,
FAWN-1,2022-01-01,2022-12-31,success,17473,2026-08-06T08:57:51,
FAWN-1,2023-01-01,2023-12-31,success,17473,2026-08-06T08:57:51,
FAWN-1,2024-01-01,2024-12-31,success,17521,2026-08-06T08:57:52,
FAWN-1,2025-01-01,2025-12-31,success,17473,2026-08-06T08:57:53,
FAWN-1,2026-01-01,2026-07-27,success,9937,2026-08-06T08:57:53,
FDUNT-1,2015-01-01,2015-12-31,success,0,2026-08-06T08:57:54,
FDUNT-1,2016-01-01,2016-12-31,success,0,2026-08-06T08:57:54,
FDUNT-1,2017-01-01,2017-12-31,success,0,2026-08-06T08:57:54,
FDUNT-1,2018-01-01,2018-12-31,success,0,2026-08-06T08:57:54,
FDUNT-1,2019-01-01,2019-12-31,success,15985,2026-08-06T08:57:55,
FDUNT-1,2020-01-01,2020-12-31,success,17473,2026-08-06T08:57:56,
FDUNT-1,2021-01-01,2021-12-31,success,17473,2026-08-06T08:57:57,
FDUNT-1,2022-01-01,2022-12-31,success,17473,2026-08-06T08:57:57,
FDUNT-1,2023-01-01,2023-12-31,success,17473,2026-08-06T08:57:58,
FDUNT-1,2024-01-01,2024-12-31,success,17521,2026-08-06T08:57:59,
FDUNT-1,2025-01-01,2025-12-31,success,17473,2026-08-06T08:58:00,
FDUNT-1,2026-01-01,2026-07-27,success,9937,2026-08-06T08:58:00,
FELL-1,2015-01-01,2015-12-31,success,0,2026-08-06T08:58:00,
FELL-1,2016-01-01,2016-12-31,success,0,2026-08-06T08:58:01,
FELL-1,2017-01-01,2017-12-31,success,0,2026-08-06T08:58:01,
FELL-1,2018-01-01,2018-12-31,success,0,2026-08-06T08:58:01,
FELL-1,2019-01-01,2019-12-31,success,15985,2026-08-06T08:58:02,
FELL-1,2020-01-01,2020-12-31,success,17473,2026-08-06T08:58:03,
FELL-1,2021-01-01,2021-12-31,success,17473,2026-08-06T08:58:03,
FELL-1,2022-01-01,2022-12-31,success,17473,2026-08-06T08:58:04,
FELL-1,2023-01-01,2023-12-31,success,17473,2026-08-06T08:58:05,
FELL-1,2024-01-01,2024-12-31,success,17521,2026-08-06T08:58:06,
FELL-1,2025-01-01,2025-12-31,success,17473,2026-08-06T08:58:07,
FELL-1,2026-01-01,2026-07-27,success,9937,2026-08-06T08:58:08,
FERR-1,2015-01-01,2015-12-31,success,0,2026-08-06T08:58:08,
FERR-1,2016-01-01,2016-12-31,success,0,2026-08-06T08:58:08,
FERR-1,2017-01-01,2017-12-31,success,0,2026-08-06T08:58:08,
FERR-1,2018-01-01,2018-12-31,success,0,2026-08-06T08:58:08,
FERR-1,2019-01-01,2019-12-31,success,0,2026-08-06T08:58:09,
FERR-1,2020-01-01,2020-12-31,success,0,2026-08-06T08:58:09,
FERR-1,2021-01-01,2021-12-31,success,0,2026-08-06T08:58:09,
FERR-1,2022-01-01,2022-12-31,success,0,2026-08-06T08:58:09,
FERR-1,2023-01-01,2023-12-31,success,0,2026-08-06T08:58:09,
FERR-1,2024-01-01,2024-12-31,success,0,2026-08-06T08:58:09,
FERR-1,2025-01-01,2025-12-31,success,0,2026-08-06T08:58:10,
FERR-1,2026-01-01,2026-07-27,success,0,2026-08-06T08:58:10,
FERR-2,2015-01-01,2015-12-31,success,0,2026-08-06T08:58:10,
FERR-2,2016-01-01,2016-12-31,success,0,2026-08-06T08:58:10,
FERR-2,2017-01-01,2017-12-31,success,0,2026-08-06T08:58:10,
FERR-2,2018-01-01,2018-12-31,success,0,2026-08-06T08:58:11,
FERR-2,2019-01-01,2019-12-31,success,0,2026-08-06T08:58:11,
FERR-2,2020-01-01,2020-12-31,success,0,2026-08-06T08:58:11,
FERR-2,2021-01-01,2021-12-31,success,0,2026-08-06T08:58:11,
FERR-2,2022-01-01,2022-12-31,success,0,2026-08-06T08:58:11,
FERR-2,2023-01-01,2023-12-31,success,0,2026-08-06T08:58:12,
FERR-2,2024-01-01,2024-12-31,success,0,2026-08-06T08:58:12,
FERR-2,2025-01-01,2025-12-31,success,0,2026-08-06T08:58:12,
FERR-2,2026-01-01,2026-07-27,success,0,2026-08-06T08:58:12,
FERR-3,2015-01-01,2015-12-31,success,0,2026-08-06T08:58:12,
FERR-3,2016-01-01,2016-12-31,success,0,2026-08-06T08:58:13,
FERR-3,2017-01-01,2017-12-31,success,0,2026-08-06T08:58:13,
FERR-3,2018-01-01,2018-12-31,success,0,2026-08-06T08:58:13,
FERR-3,2019-01-01,2019-12-31,success,0,2026-08-06T08:58:13,
FERR-3,2020-01-01,2020-12-31,success,0,2026-08-06T08:58:13,
FERR-3,2021-01-01,2021-12-31,success,0,2026-08-06T08:58:13,
FERR-3,2022-01-01,2022-12-31,success,0,2026-08-06T08:58:14,
FERR-3,2023-01-01,2023-12-31,success,0,2026-08-06T08:58:14,
FERR-3,2024-01-01,2024-12-31,success,0,2026-08-06T08:58:14,
FERR-3,2025-01-01,2025-12-31,success,0,2026-08-06T08:58:14,
FERR-3,2026-01-01,2026-07-27,success,0,2026-08-06T08:58:14,
FERR-4,2015-01-01,2015-12-31,success,0,2026-08-06T08:58:15,
FERR-4,2016-01-01,2016-12-31,success,0,2026-08-06T08:58:15,
FERR-4,2017-01-01,2017-12-31,success,0,2026-08-06T08:58:15,
FERR-4,2018-01-01,2018-12-31,success,0,2026-08-06T08:58:15,
FERR-4,2019-01-01,2019-12-31,success,0,2026-08-06T08:58:15,
FERR-4,2020-01-01,2020-12-31,success,0,2026-08-06T08:58:16,
FERR-4,2021-01-01,2021-12-31,success,0,2026-08-06T08:58:16,
FERR-4,2022-01-01,2022-12-31,success,0,2026-08-06T08:58:16,
FERR-4,2023-01-01,2023-12-31,success,0,2026-08-06T08:58:16,
FERR-4,2024-01-01,2024-12-31,success,0,2026-08-06T08:58:16,
FERR-4,2025-01-01,2025-12-31,success,0,2026-08-06T08:58:17,
FERR-4,2026-01-01,2026-07-27,success,0,2026-08-06T08:58:17,
FERR-5G,2015-01-01,2015-12-31,success,0,2026-08-06T08:58:17,
FERR-5G,2016-01-01,2016-12-31,success,0,2026-08-06T08:58:17,
FERR-5G,2017-01-01,2017-12-31,success,0,2026-08-06T08:58:17,
FERR-5G,2018-01-01,2018-12-31,success,0,2026-08-06T08:58:18,
FERR-5G,2019-01-01,2019-12-31,success,0,2026-08-06T08:58:18,
FERR-5G,2020-01-01,2020-12-31,success,0,2026-08-06T08:58:18,
FERR-5G,2021-01-01,2021-12-31,success,0,2026-08-06T08:58:18,
FERR-5G,2022-01-01,2022-12-31,success,0,2026-08-06T08:58:18,
FERR-5G,2023-01-01,2023-12-31,success,0,2026-08-06T08:58:18,
FERR-5G,2024-01-01,2024-12-31,success,0,2026-08-06T08:58:19,
FERR-5G,2025-01-01,2025-12-31,success,0,2026-08-06T08:58:19,
FERR-5G,2026-01-01,2026-07-27,success,0,2026-08-06T08:58:19,
FERR-8G,2015-01-01,2015-12-31,success,0,2026-08-06T08:58:19,
FERR-8G,2016-01-01,2016-12-31,success,0,2026-08-06T08:58:19,
FERR-8G,2017-01-01,2017-12-31,success,0,2026-08-06T08:58:20,
FERR-8G,2018-01-01,2018-12-31,success,0,2026-08-06T08:58:20,
FERR-8G,2019-01-01,2019-12-31,success,0,2026-08-06T08:58:20,
FERR-8G,2020-01-01,2020-12-31,success,0,2026-08-06T08:58:20,
FERR-8G,2021-01-01,2021-12-31,success,0,2026-08-06T08:58:20,
FERR-8G,2022-01-01,2022-12-31,success,0,2026-08-06T08:58:21,
FERR-8G,2023-01-01,2023-12-31,success,0,2026-08-06T08:58:21,
FERR-8G,2024-01-01,2024-12-31,success,0,2026-08-06T08:58:21,
FERR-8G,2025-01-01,2025-12-31,success,0,2026-08-06T08:58:21,
FERR-8G,2026-01-01,2026-07-27,success,0,2026-08-06T08:58:21,
FFES-1,2015-01-01,2015-12-31,success,0,2026-08-06T08:58:22,
FFES-1,2016-01-01,2016-12-31,success,0,2026-08-06T08:58:22,
FFES-1,2017-01-01,2017-12-31,success,0,2026-08-06T08:58:22,
FFES-1,2018-01-01,2018-12-31,success,0,2026-08-06T08:58:22,
FFES-1,2019-01-01,2019-12-31,success,15985,2026-08-06T08:58:23,
FFES-1,2020-01-01,2020-12-31,success,17473,2026-08-06T08:58:24,
FFES-1,2021-01-01,2021-12-31,success,17473,2026-08-06T08:58:25,
FFES-1,2022-01-01,2022-12-31,success,17473,2026-08-06T08:58:26,
FFES-1,2023-01-01,2023-12-31,success,17473,2026-08-06T08:58:27,
FFES-1,2024-01-01,2024-12-31,success,17521,2026-08-06T08:58:28,
FFES-1,2025-01-01,2025-12-31,success,17473,2026-08-06T08:58:28,
FFES-1,2026-01-01,2026-07-27,success,9937,2026-08-06T08:58:29,
FFES-2,2015-01-01,2015-12-31,success,0,2026-08-06T08:58:29,
FFES-2,2016-01-01,2016-12-31,success,0,2026-08-06T08:58:29,
FFES-2,2017-01-01,2017-12-31,success,0,2026-08-06T08:58:29,
FFES-2,2018-01-01,2018-12-31,success,0,2026-08-06T08:58:29,
FFES-2,2019-01-01,2019-12-31,success,15985,2026-08-06T08:58:30,
FFES-2,2020-01-01,2020-12-31,success,17473,2026-08-06T08:58:31,
FFES-2,2021-01-01,2021-12-31,success,17473,2026-08-06T08:58:32,
FFES-2,2022-01-01,2022-12-31,success,17473,2026-08-06T08:58:33,
FFES-2,2023-01-01,2023-12-31,success,17473,2026-08-06T08:58:33,
FFES-2,2024-01-01,2024-12-31,success,17521,2026-08-06T08:58:34,
FFES-2,2025-01-01,2025-12-31,success,17473,2026-08-06T08:58:35,
FFES-2,2026-01-01,2026-07-27,success,9937,2026-08-06T08:58:35,
FFES-3,2015-01-01,2015-12-31,success,0,2026-08-06T08:58:35,
FFES-3,2016-01-01,2016-12-31,success,0,2026-08-06T08:58:36,
FFES-3,2017-01-01,2017-12-31,success,0,2026-08-06T08:58:36,
FFES-3,2018-01-01,2018-12-31,success,0,2026-08-06T08:58:36,
FFES-3,2019-01-01,2019-12-31,success,15985,2026-08-06T08:58:37,
FFES-3,2020-01-01,2020-12-31,success,17473,2026-08-06T08:58:38,
FFES-3,2021-01-01,2021-12-31,success,17473,2026-08-06T08:58:38,
FFES-3,2022-01-01,2022-12-31,success,17473,2026-08-06T08:58:39,
FFES-3,2023-01-01,2023-12-31,success,17473,2026-08-06T08:58:40,
FFES-3,2024-01-01,2024-12-31,success,17521,2026-08-06T08:58:41,
FFES-3,2025-01-01,2025-12-31,success,17473,2026-08-06T08:58:41,
FFES-3,2026-01-01,2026-07-27,success,9937,2026-08-06T08:58:42,
FFES-4,2015-01-01,2015-12-31,success,0,2026-08-06T08:58:42,
FFES-4,2016-01-01,2016-12-31,success,0,2026-08-06T08:58:42,
FFES-4,2017-01-01,2017-12-31,success,0,2026-08-06T08:58:42,
FFES-4,2018-01-01,2018-12-31,success,0,2026-08-06T08:58:43,
FFES-4,2019-01-01,2019-12-31,success,15985,2026-08-06T08:58:43,
FFES-4,2020-01-01,2020-12-31,success,17473,2026-08-06T08:58:44,
FFES-4,2021-01-01,2021-12-31,success,17473,2026-08-06T08:58:45,
FFES-4,2022-01-01,2022-12-31,success,17473,2026-08-06T08:58:46,
FFES-4,2023-01-01,2023-12-31,success,17473,2026-08-06T08:58:47,
FFES-4,2024-01-01,2024-12-31,success,17521,2026-08-06T08:58:48,
FFES-4,2025-01-01,2025-12-31,success,17473,2026-08-06T08:58:49,
FFES-4,2026-01-01,2026-07-27,success,9937,2026-08-06T08:58:49,
FIDL-1,2015-01-01,2015-12-31,success,0,2026-08-06T08:58:49,
FIDL-1,2016-01-01,2016-12-31,success,0,2026-08-06T08:58:49,
FIDL-1,2017-01-01,2017-12-31,success,0,2026-08-06T08:58:50,
FIDL-1,2018-01-01,2018-12-31,success,0,2026-08-06T08:58:50,
FIDL-1,2019-01-01,2019-12-31,success,15985,2026-08-06T08:58:51,
FIDL-1,2020-01-01,2020-12-31,success,17473,2026-08-06T08:58:52,
FIDL-1,2021-01-01,2021-12-31,success,13102,2026-08-06T08:58:52,
FIDL-1,2022-01-01,2022-12-31,success,0,2026-08-06T08:58:52,
FIDL-1,2023-01-01,2023-12-31,success,0,2026-08-06T08:58:53,
FIDL-1,2024-01-01,2024-12-31,success,0,2026-08-06T08:58:53,
FIDL-1,2025-01-01,2025-12-31,success,0,2026-08-06T08:58:53,
FIDL-1,2026-01-01,2026-07-27,success,0,2026-08-06T08:58:53,
FIDL-2,2015-01-01,2015-12-31,success,0,2026-08-06T08:58:53,
FIDL-2,2016-01-01,2016-12-31,success,0,2026-08-06T08:58:53,
FIDL-2,2017-01-01,2017-12-31,success,0,2026-08-06T08:58:54,
FIDL-2,2018-01-01,2018-12-31,success,0,2026-08-06T08:58:54,
FIDL-2,2019-01-01,2019-12-31,success,15985,2026-08-06T08:58:55,
FIDL-2,2020-01-01,2020-12-31,success,17473,2026-08-06T08:58:55,
FIDL-2,2021-01-01,2021-12-31,success,13102,2026-08-06T08:58:56,
FIDL-2,2022-01-01,2022-12-31,success,0,2026-08-06T08:58:56,
FIDL-2,2023-01-01,2023-12-31,success,0,2026-08-06T08:58:57,
FIDL-2,2024-01-01,2024-12-31,success,0,2026-08-06T08:58:57,
FIDL-2,2025-01-01,2025-12-31,success,0,2026-08-06T08:58:57,
FIDL-2,2026-01-01,2026-07-27,success,0,2026-08-06T08:58:57,
FIDL-2G,2015-01-01,2015-12-31,success,0,2026-08-06T08:58:57,
FIDL-2G,2016-01-01,2016-12-31,success,0,2026-08-06T08:58:58,
FIDL-2G,2017-01-01,2017-12-31,success,0,2026-08-06T08:58:58,
FIDL-2G,2018-01-01,2018-12-31,success,0,2026-08-06T08:58:58,
FIDL-2G,2019-01-01,2019-12-31,success,15985,2026-08-06T08:58:59,
FIDL-2G,2020-01-01,2020-12-31,success,17473,2026-08-06T08:58:59,
FIDL-2G,2021-01-01,2021-12-31,success,13102,2026-08-06T08:59:00,
FIDL-2G,2022-01-01,2022-12-31,success,0,2026-08-06T08:59:00,
FIDL-2G,2023-01-01,2023-12-31,success,0,2026-08-06T08:59:00,
FIDL-2G,2024-01-01,2024-12-31,success,0,2026-08-06T08:59:01,
FIDL-2G,2025-01-01,2025-12-31,success,0,2026-08-06T08:59:01,
FIDL-2G,2026-01-01,2026-07-27,success,0,2026-08-06T08:59:01,
FIDL-3,2015-01-01,2015-12-31,success,0,2026-08-06T08:59:01,
FIDL-3,2016-01-01,2016-12-31,success,0,2026-08-06T08:59:01,
FIDL-3,2017-01-01,2017-12-31,success,0,2026-08-06T08:59:01,
FIDL-3,2018-01-01,2018-12-31,success,0,2026-08-06T08:59:02,
FIDL-3,2019-01-01,2019-12-31,success,15985,2026-08-06T08:59:02,
FIDL-3,2020-01-01,2020-12-31,success,17473,2026-08-06T08:59:03,
FIDL-3,2021-01-01,2021-12-31,success,13102,2026-08-06T08:59:04,
FIDL-3,2022-01-01,2022-12-31,success,0,2026-08-06T08:59:04,
FIDL-3,2023-01-01,2023-12-31,success,0,2026-08-06T08:59:04,
FIDL-3,2024-01-01,2024-12-31,success,0,2026-08-06T08:59:04,
FIDL-3,2025-01-01,2025-12-31,success,0,2026-08-06T08:59:04,
FIDL-3,2026-01-01,2026-07-27,success,0,2026-08-06T08:59:05,
FIDL-3G,2015-01-01,2015-12-31,success,0,2026-08-06T08:59:05,
FIDL-3G,2016-01-01,2016-12-31,success,0,2026-08-06T08:59:05,
FIDL-3G,2017-01-01,2017-12-31,success,0,2026-08-06T08:59:05,
FIDL-3G,2018-01-01,2018-12-31,success,0,2026-08-06T08:59:05,
FIDL-3G,2019-01-01,2019-12-31,success,15985,2026-08-06T08:59:06,
FIDL-3G,2020-01-01,2020-12-31,success,17473,2026-08-06T08:59:07,
FIDL-3G,2021-01-01,2021-12-31,success,13102,2026-08-06T08:59:08,
FIDL-3G,2022-01-01,2022-12-31,success,0,2026-08-06T08:59:08,
FIDL-3G,2023-01-01,2023-12-31,success,0,2026-08-06T08:59:08,
FIDL-3G,2024-01-01,2024-12-31,success,0,2026-08-06T08:59:09,
FIDL-3G,2025-01-01,2025-12-31,success,0,2026-08-06T08:59:09,
FIDL-3G,2026-01-01,2026-07-27,success,0,2026-08-06T08:59:09,
FIDL-4,2015-01-01,2015-12-31,success,0,2026-08-06T08:59:09,
FIDL-4,2016-01-01,2016-12-31,success,0,2026-08-06T08:59:09,
FIDL-4,2017-01-01,2017-12-31,success,0,2026-08-06T08:59:10,
FIDL-4,2018-01-01,2018-12-31,success,0,2026-08-06T08:59:10,
FIDL-4,2019-01-01,2019-12-31,success,15985,2026-08-06T08:59:11,
FIDL-4,2020-01-01,2020-12-31,success,17473,2026-08-06T08:59:11,
FIDL-4,2021-01-01,2021-12-31,success,13102,2026-08-06T08:59:12,
FIDL-4,2022-01-01,2022-12-31,success,0,2026-08-06T08:59:12,
FIDL-4,2023-01-01,2023-12-31,success,0,2026-08-06T08:59:13,
FIDL-4,2024-01-01,2024-12-31,success,0,2026-08-06T08:59:13,
FIDL-4,2025-01-01,2025-12-31,success,0,2026-08-06T08:59:13,
FIDL-4,2026-01-01,2026-07-27,success,0,2026-08-06T08:59:13,
FIFE-1,2015-01-01,2015-12-31,success,0,2026-08-06T08:59:13,
FIFE-1,2016-01-01,2016-12-31,success,0,2026-08-06T08:59:14,
FIFE-1,2017-01-01,2017-12-31,success,0,2026-08-06T08:59:14,
FIFE-1,2018-01-01,2018-12-31,success,0,2026-08-06T08:59:14,
FIFE-1,2019-01-01,2019-12-31,success,0,2026-08-06T08:59:14,
FIFE-1,2020-01-01,2020-12-31,success,0,2026-08-06T08:59:14,
FIFE-1,2021-01-01,2021-12-31,success,0,2026-08-06T08:59:15,
FIFE-1,2022-01-01,2022-12-31,success,0,2026-08-06T08:59:15,
FIFE-1,2023-01-01,2023-12-31,success,0,2026-08-06T08:59:15,
FIFE-1,2024-01-01,2024-12-31,success,0,2026-08-06T08:59:15,
FIFE-1,2025-01-01,2025-12-31,success,0,2026-08-06T08:59:15,
FIFE-1,2026-01-01,2026-07-27,success,0,2026-08-06T08:59:15,
FINL-1,2015-01-01,2015-12-31,success,0,2026-08-06T08:59:16,
FINL-1,2016-01-01,2016-12-31,success,0,2026-08-06T08:59:16,
FINL-1,2017-01-01,2017-12-31,success,0,2026-08-06T08:59:16,
FINL-1,2018-01-01,2018-12-31,success,0,2026-08-06T08:59:16,
FINL-1,2019-01-01,2019-12-31,success,15985,2026-08-06T08:59:17,
FINL-1,2020-01-01,2020-12-31,success,17473,2026-08-06T08:59:18,
FINL-1,2021-01-01,2021-12-31,success,17473,2026-08-06T08:59:18,
FINL-1,2022-01-01,2022-12-31,success,17473,2026-08-06T08:59:19,
FINL-1,2023-01-01,2023-12-31,success,17473,2026-08-06T08:59:20,
FINL-1,2024-01-01,2024-12-31,success,17521,2026-08-06T08:59:21,
FINL-1,2025-01-01,2025-12-31,success,17473,2026-08-06T08:59:21,
FINL-1,2026-01-01,2026-07-27,success,9937,2026-08-06T08:59:22,
FOYE-1,2015-01-01,2015-12-31,success,0,2026-08-06T08:59:22,
FOYE-1,2016-01-01,2016-12-31,success,0,2026-08-06T08:59:22,
FOYE-1,2017-01-01,2017-12-31,success,0,2026-08-06T08:59:22,
FOYE-1,2018-01-01,2018-12-31,success,0,2026-08-06T08:59:23,
FOYE-1,2019-01-01,2019-12-31,success,15985,2026-08-06T08:59:23,
FOYE-1,2020-01-01,2020-12-31,success,17473,2026-08-06T08:59:24,
FOYE-1,2021-01-01,2021-12-31,success,17473,2026-08-06T08:59:25,
FOYE-1,2022-01-01,2022-12-31,success,17473,2026-08-06T08:59:26,
FOYE-1,2023-01-01,2023-12-31,success,17473,2026-08-06T08:59:26,
FOYE-1,2024-01-01,2024-12-31,success,17521,2026-08-06T08:59:27,
FOYE-1,2025-01-01,2025-12-31,success,17473,2026-08-06T08:59:27,
FOYE-1,2026-01-01,2026-07-27,success,9937,2026-08-06T08:59:28,
FOYE-2,2015-01-01,2015-12-31,success,0,2026-08-06T08:59:28,
FOYE-2,2016-01-01,2016-12-31,success,0,2026-08-06T08:59:28,
FOYE-2,2017-01-01,2017-12-31,success,0,2026-08-06T08:59:28,
FOYE-2,2018-01-01,2018-12-31,success,0,2026-08-06T08:59:28,
FOYE-2,2019-01-01,2019-12-31,success,15985,2026-08-06T08:59:29,
FOYE-2,2020-01-01,2020-12-31,success,17473,2026-08-06T08:59:30,
FOYE-2,2021-01-01,2021-12-31,success,17473,2026-08-06T08:59:31,
FOYE-2,2022-01-01,2022-12-31,success,17473,2026-08-06T08:59:32,
FOYE-2,2023-01-01,2023-12-31,success,17473,2026-08-06T08:59:32,
FOYE-2,2024-01-01,2024-12-31,success,17521,2026-08-06T08:59:33,
FOYE-2,2025-01-01,2025-12-31,success,17473,2026-08-06T08:59:33,
FOYE-2,2026-01-01,2026-07-27,success,9937,2026-08-06T08:59:33,
FRBRW-1,2015-01-01,2015-12-31,success,0,2026-08-06T08:59:34,
FRBRW-1,2016-01-01,2016-12-31,success,0,2026-08-06T08:59:34,
FRBRW-1,2017-01-01,2017-12-31,success,0,2026-08-06T08:59:34,
FRBRW-1,2018-01-01,2018-12-31,success,0,2026-08-06T08:59:34,
FRBRW-1,2019-01-01,2019-12-31,success,0,2026-08-06T08:59:34,
FRBRW-1,2020-01-01,2020-12-31,success,0,2026-08-06T08:59:35,
FRBRW-1,2021-01-01,2021-12-31,success,0,2026-08-06T08:59:35,
FRBRW-1,2022-01-01,2022-12-31,success,0,2026-08-06T08:59:35,
FRBRW-1,2023-01-01,2023-12-31,success,0,2026-08-06T08:59:35,
FRBRW-1,2024-01-01,2024-12-31,success,0,2026-08-06T08:59:35,
FRBRW-1,2025-01-01,2025-12-31,success,0,2026-08-06T08:59:35,
FRBRW-1,2026-01-01,2026-07-27,success,0,2026-08-06T08:59:36,
FSDLW-1,2015-01-01,2015-12-31,success,0,2026-08-06T08:59:36,
FSDLW-1,2016-01-01,2016-12-31,success,0,2026-08-06T08:59:36,
FSDLW-1,2017-01-01,2017-12-31,success,0,2026-08-06T08:59:36,
FSDLW-1,2018-01-01,2018-12-31,success,0,2026-08-06T08:59:36,
FSDLW-1,2019-01-01,2019-12-31,success,15985,2026-08-06T08:59:38,
FSDLW-1,2020-01-01,2020-12-31,success,17473,2026-08-06T08:59:39,
FSDLW-1,2021-01-01,2021-12-31,success,17473,2026-08-06T08:59:39,
FSDLW-1,2022-01-01,2022-12-31,success,17473,2026-08-06T08:59:40,
FSDLW-1,2023-01-01,2023-12-31,success,17473,2026-08-06T08:59:41,
FSDLW-1,2024-01-01,2024-12-31,success,17521,2026-08-06T08:59:41,
FSDLW-1,2025-01-01,2025-12-31,success,17473,2026-08-06T08:59:42,
FSDLW-1,2026-01-01,2026-07-27,success,9937,2026-08-06T08:59:42,
GAOFO-1,2015-01-01,2015-12-31,success,0,2026-08-06T08:59:43,
GAOFO-1,2016-01-01,2016-12-31,success,0,2026-08-06T08:59:43,
GAOFO-1,2017-01-01,2017-12-31,success,0,2026-08-06T08:59:43,
GAOFO-1,2018-01-01,2018-12-31,success,0,2026-08-06T08:59:43,
GAOFO-1,2019-01-01,2019-12-31,success,15985,2026-08-06T08:59:44,
GAOFO-1,2020-01-01,2020-12-31,success,17473,2026-08-06T08:59:45,
GAOFO-1,2021-01-01,2021-12-31,success,17473,2026-08-06T08:59:45,
GAOFO-1,2022-01-01,2022-12-31,success,17473,2026-08-06T08:59:46,
GAOFO-1,2023-01-01,2023-12-31,success,17473,2026-08-06T08:59:47,
GAOFO-1,2024-01-01,2024-12-31,success,17521,2026-08-06T08:59:47,
GAOFO-1,2025-01-01,2025-12-31,success,17473,2026-08-06T08:59:48,
GAOFO-1,2026-01-01,2026-07-27,success,9937,2026-08-06T08:59:48,
GAOFO-2,2015-01-01,2015-12-31,success,0,2026-08-06T08:59:48,
GAOFO-2,2016-01-01,2016-12-31,success,0,2026-08-06T08:59:49,
GAOFO-2,2017-01-01,2017-12-31,success,0,2026-08-06T08:59:49,
GAOFO-2,2018-01-01,2018-12-31,success,0,2026-08-06T08:59:49,
GAOFO-2,2019-01-01,2019-12-31,success,15985,2026-08-06T08:59:50,
GAOFO-2,2020-01-01,2020-12-31,success,17473,2026-08-06T08:59:51,
GAOFO-2,2021-01-01,2021-12-31,success,17473,2026-08-06T08:59:51,
GAOFO-2,2022-01-01,2022-12-31,success,17473,2026-08-06T08:59:52,
GAOFO-2,2023-01-01,2023-12-31,success,17473,2026-08-06T08:59:52,
GAOFO-2,2024-01-01,2024-12-31,success,17521,2026-08-06T08:59:53,
GAOFO-2,2025-01-01,2025-12-31,success,17473,2026-08-06T08:59:53,
GAOFO-2,2026-01-01,2026-07-27,success,9937,2026-08-06T08:59:54,
GAOFO-3,2015-01-01,2015-12-31,success,0,2026-08-06T08:59:54,
GAOFO-3,2016-01-01,2016-12-31,success,0,2026-08-06T08:59:54,
GAOFO-3,2017-01-01,2017-12-31,success,0,2026-08-06T08:59:54,
GAOFO-3,2018-01-01,2018-12-31,success,0,2026-08-06T08:59:54,
GAOFO-3,2019-01-01,2019-12-31,success,15985,2026-08-06T08:59:55,
GAOFO-3,2020-01-01,2020-12-31,success,17473,2026-08-06T08:59:56,
GAOFO-3,2021-01-01,2021-12-31,success,17473,2026-08-06T08:59:57,
GAOFO-3,2022-01-01,2022-12-31,success,17473,2026-08-06T08:59:57,
GAOFO-3,2023-01-01,2023-12-31,success,17473,2026-08-06T08:59:58,
GAOFO-3,2024-01-01,2024-12-31,success,17521,2026-08-06T08:59:58,
GAOFO-3,2025-01-01,2025-12-31,success,17473,2026-08-06T08:59:59,
GAOFO-3,2026-01-01,2026-07-27,success,9937,2026-08-06T08:59:59,
GAOFO-4,2015-01-01,2015-12-31,success,0,2026-08-06T08:59:59,
GAOFO-4,2016-01-01,2016-12-31,success,0,2026-08-06T08:59:59,
GAOFO-4,2017-01-01,2017-12-31,success,0,2026-08-06T08:59:59,
GAOFO-4,2018-01-01,2018-12-31,success,0,2026-08-06T09:00:00,
GAOFO-4,2019-01-01,2019-12-31,success,15985,2026-08-06T09:00:01,
GAOFO-4,2020-01-01,2020-12-31,success,17473,2026-08-06T09:00:02,
GAOFO-4,2021-01-01,2021-12-31,success,17473,2026-08-06T09:00:04,
GAOFO-4,2022-01-01,2022-12-31,success,17473,2026-08-06T09:00:04,
GAOFO-4,2023-01-01,2023-12-31,success,17473,2026-08-06T09:00:05,
GAOFO-4,2024-01-01,2024-12-31,success,17521,2026-08-06T09:00:06,
GAOFO-4,2025-01-01,2025-12-31,success,17473,2026-08-06T09:00:06,
GAOFO-4,2026-01-01,2026-07-27,success,9937,2026-08-06T09:00:07,
GDSTW-1,2015-01-01,2015-12-31,success,0,2026-08-06T09:00:07,
GDSTW-1,2016-01-01,2016-12-31,success,0,2026-08-06T09:00:07,
GDSTW-1,2017-01-01,2017-12-31,success,0,2026-08-06T09:00:07,
GDSTW-1,2018-01-01,2018-12-31,success,0,2026-08-06T09:00:08,
GDSTW-1,2019-01-01,2019-12-31,success,15985,2026-08-06T09:00:08,
GDSTW-1,2020-01-01,2020-12-31,success,17473,2026-08-06T09:00:10,
GDSTW-1,2021-01-01,2021-12-31,success,17473,2026-08-06T09:00:11,
GDSTW-1,2022-01-01,2022-12-31,success,17473,2026-08-06T09:00:12,
GDSTW-1,2023-01-01,2023-12-31,success,17473,2026-08-06T09:00:13,
GDSTW-1,2024-01-01,2024-12-31,success,17521,2026-08-06T09:00:14,
GDSTW-1,2025-01-01,2025-12-31,success,17473,2026-08-06T09:00:16,
GDSTW-1,2026-01-01,2026-07-27,success,9937,2026-08-06T09:00:17,
GFLDW-1,2015-01-01,2015-12-31,success,0,2026-08-06T09:00:17,
GFLDW-1,2016-01-01,2016-12-31,success,0,2026-08-06T09:00:17,
GFLDW-1,2017-01-01,2017-12-31,success,0,2026-08-06T09:00:18,
GFLDW-1,2018-01-01,2018-12-31,success,0,2026-08-06T09:00:18,
GFLDW-1,2019-01-01,2019-12-31,success,15985,2026-08-06T09:00:19,
GFLDW-1,2020-01-01,2020-12-31,success,17473,2026-08-06T09:00:20,
GFLDW-1,2021-01-01,2021-12-31,success,17473,2026-08-06T09:00:20,
GFLDW-1,2022-01-01,2022-12-31,success,17473,2026-08-06T09:00:21,
GFLDW-1,2023-01-01,2023-12-31,success,17473,2026-08-06T09:00:22,
GFLDW-1,2024-01-01,2024-12-31,success,17521,2026-08-06T09:00:23,
GFLDW-1,2025-01-01,2025-12-31,success,17473,2026-08-06T09:00:24,
GFLDW-1,2026-01-01,2026-07-27,success,9937,2026-08-06T09:00:25,
GLCHW-1,2015-01-01,2015-12-31,success,0,2026-08-06T09:00:25,
GLCHW-1,2016-01-01,2016-12-31,success,0,2026-08-06T09:00:25,
GLCHW-1,2017-01-01,2017-12-31,success,0,2026-08-06T09:00:25,
GLCHW-1,2018-01-01,2018-12-31,success,0,2026-08-06T09:00:26,
GLCHW-1,2019-01-01,2019-12-31,success,15985,2026-08-06T09:00:26,
GLCHW-1,2020-01-01,2020-12-31,success,17473,2026-08-06T09:00:27,
GLCHW-1,2021-01-01,2021-12-31,success,17473,2026-08-06T09:00:28,
GLCHW-1,2022-01-01,2022-12-31,success,17473,2026-08-06T09:00:29,
GLCHW-1,2023-01-01,2023-12-31,success,17473,2026-08-06T09:00:30,
GLCHW-1,2024-01-01,2024-12-31,success,17521,2026-08-06T09:00:31,
GLCHW-1,2025-01-01,2025-12-31,success,17473,2026-08-06T09:00:32,
GLCHW-1,2026-01-01,2026-07-27,success,9937,2026-08-06T09:00:33,
GLNDO-1,2015-01-01,2015-12-31,success,0,2026-08-06T09:00:33,
GLNDO-1,2016-01-01,2016-12-31,success,0,2026-08-06T09:00:33,
GLNDO-1,2017-01-01,2017-12-31,success,0,2026-08-06T09:00:33,
GLNDO-1,2018-01-01,2018-12-31,success,0,2026-08-06T09:00:34,
GLNDO-1,2019-01-01,2019-12-31,success,15985,2026-08-06T09:00:34,
GLNDO-1,2020-01-01,2020-12-31,success,17473,2026-08-06T09:00:35,
GLNDO-1,2021-01-01,2021-12-31,success,17473,2026-08-06T09:00:36,
GLNDO-1,2022-01-01,2022-12-31,success,17473,2026-08-06T09:00:37,
GLNDO-1,2023-01-01,2023-12-31,success,17473,2026-08-06T09:00:38,
GLNDO-1,2024-01-01,2024-12-31,success,17521,2026-08-06T09:00:39,
GLNDO-1,2025-01-01,2025-12-31,success,17473,2026-08-06T09:00:39,
GLNDO-1,2026-01-01,2026-07-27,success,9937,2026-08-06T09:00:40,
GLOFW-1,2015-01-01,2015-12-31,success,0,2026-08-06T09:00:40,
GLOFW-1,2016-01-01,2016-12-31,success,0,2026-08-06T09:00:40,
GLOFW-1,2017-01-01,2017-12-31,success,0,2026-08-06T09:00:40,
GLOFW-1,2018-01-01,2018-12-31,success,0,2026-08-06T09:00:40,
GLOFW-1,2019-01-01,2019-12-31,success,15985,2026-08-06T09:00:42,
GLOFW-1,2020-01-01,2020-12-31,success,17473,2026-08-06T09:00:43,
GLOFW-1,2021-01-01,2021-12-31,success,17473,2026-08-06T09:00:44,
GLOFW-1,2022-01-01,2022-12-31,success,17473,2026-08-06T09:00:44,
GLOFW-1,2023-01-01,2023-12-31,success,17473,2026-08-06T09:00:45,
GLOFW-1,2024-01-01,2024-12-31,success,17521,2026-08-06T09:00:46,
GLOFW-1,2025-01-01,2025-12-31,success,17473,2026-08-06T09:00:48,
GLOFW-1,2026-01-01,2026-07-27,success,9937,2026-08-06T09:00:48,
GLWSW-1,2015-01-01,2015-12-31,success,0,2026-08-06T09:00:48,
GLWSW-1,2016-01-01,2016-12-31,success,0,2026-08-06T09:00:48,
GLWSW-1,2017-01-01,2017-12-31,success,0,2026-08-06T09:00:48,
GLWSW-1,2018-01-01,2018-12-31,success,0,2026-08-06T09:00:49,
GLWSW-1,2019-01-01,2019-12-31,success,15985,2026-08-06T09:00:50,
GLWSW-1,2020-01-01,2020-12-31,success,17473,2026-08-06T09:00:50,
GLWSW-1,2021-01-01,2021-12-31,success,17473,2026-08-06T09:00:51,
GLWSW-1,2022-01-01,2022-12-31,success,17473,2026-08-06T09:00:52,
GLWSW-1,2023-01-01,2023-12-31,success,17473,2026-08-06T09:00:53,
GLWSW-1,2024-01-01,2024-12-31,success,17521,2026-08-06T09:00:54,
GLWSW-1,2025-01-01,2025-12-31,success,17473,2026-08-06T09:00:56,
GLWSW-1,2026-01-01,2026-07-27,success,9937,2026-08-06T09:00:56,
GNAPW-1,2015-01-01,2015-12-31,success,0,2026-08-06T09:00:56,
GNAPW-1,2016-01-01,2016-12-31,success,0,2026-08-06T09:00:57,
GNAPW-1,2017-01-01,2017-12-31,success,0,2026-08-06T09:00:57,
GNAPW-1,2018-01-01,2018-12-31,success,0,2026-08-06T09:00:57,
GNAPW-1,2019-01-01,2019-12-31,success,15985,2026-08-06T09:00:58,
GNAPW-1,2020-01-01,2020-12-31,success,17473,2026-08-06T09:00:59,
GNAPW-1,2021-01-01,2021-12-31,success,17473,2026-08-06T09:01:00,
GNAPW-1,2022-01-01,2022-12-31,success,17473,2026-08-06T09:01:01,
GNAPW-1,2023-01-01,2023-12-31,success,17473,2026-08-06T09:01:01,
GNAPW-1,2024-01-01,2024-12-31,success,17521,2026-08-06T09:01:02,
GNAPW-1,2025-01-01,2025-12-31,success,17473,2026-08-06T09:01:03,
GNAPW-1,2026-01-01,2026-07-27,success,9937,2026-08-06T09:01:03,
GNFSW-1,2015-01-01,2015-12-31,success,0,2026-08-06T09:01:04,
GNFSW-1,2016-01-01,2016-12-31,success,0,2026-08-06T09:01:04,
GNFSW-1,2017-01-01,2017-12-31,success,0,2026-08-06T09:01:04,
GNFSW-1,2018-01-01,2018-12-31,success,0,2026-08-06T09:01:04,
GNFSW-1,2019-01-01,2019-12-31,success,15985,2026-08-06T09:01:05,
GNFSW-1,2020-01-01,2020-12-31,success,17473,2026-08-06T09:01:06,
GNFSW-1,2021-01-01,2021-12-31,success,17473,2026-08-06T09:01:07,
GNFSW-1,2022-01-01,2022-12-31,success,17473,2026-08-06T09:01:09,
GNFSW-1,2023-01-01,2023-12-31,success,17473,2026-08-06T09:01:09,
GNFSW-1,2024-01-01,2024-12-31,success,17521,2026-08-06T09:01:10,
GNFSW-1,2025-01-01,2025-12-31,success,17473,2026-08-06T09:01:11,
GNFSW-1,2026-01-01,2026-07-27,success,9937,2026-08-06T09:01:11,
GNFSW-2,2015-01-01,2015-12-31,success,0,2026-08-06T09:01:12,
GNFSW-2,2016-01-01,2016-12-31,success,0,2026-08-06T09:01:12,
GNFSW-2,2017-01-01,2017-12-31,success,0,2026-08-06T09:01:12,
GNFSW-2,2018-01-01,2018-12-31,success,0,2026-08-06T09:01:13,
GNFSW-2,2019-01-01,2019-12-31,success,15985,2026-08-06T09:01:14,
GNFSW-2,2020-01-01,2020-12-31,success,17473,2026-08-06T09:01:14,
GNFSW-2,2021-01-01,2021-12-31,success,17473,2026-08-06T09:01:16,
GNFSW-2,2022-01-01,2022-12-31,success,17473,2026-08-06T09:01:17,
GNFSW-2,2023-01-01,2023-12-31,success,17473,2026-08-06T09:01:18,
GNFSW-2,2024-01-01,2024-12-31,success,17521,2026-08-06T09:01:19,
GNFSW-2,2025-01-01,2025-12-31,success,17473,2026-08-06T09:01:20,
GNFSW-2,2026-01-01,2026-07-27,success,9937,2026-08-06T09:01:20,
GORDW-1,2015-01-01,2015-12-31,success,0,2026-08-06T09:01:20,
GORDW-1,2016-01-01,2016-12-31,success,0,2026-08-06T09:01:20,
GORDW-1,2017-01-01,2017-12-31,success,0,2026-08-06T09:01:21,
GORDW-1,2018-01-01,2018-12-31,success,0,2026-08-06T09:01:21,
GORDW-1,2019-01-01,2019-12-31,success,15985,2026-08-06T09:01:23,
GORDW-1,2020-01-01,2020-12-31,success,17473,2026-08-06T09:01:23,
GORDW-1,2021-01-01,2021-12-31,success,17473,2026-08-06T09:01:24,
GORDW-1,2022-01-01,2022-12-31,success,17473,2026-08-06T09:01:25,
GORDW-1,2023-01-01,2023-12-31,success,17473,2026-08-06T09:01:26,
GORDW-1,2024-01-01,2024-12-31,success,17521,2026-08-06T09:01:27,
GORDW-1,2025-01-01,2025-12-31,success,17473,2026-08-06T09:01:27,
GORDW-1,2026-01-01,2026-07-27,success,9937,2026-08-06T09:01:28,
GORDW-2,2015-01-01,2015-12-31,success,0,2026-08-06T09:01:28,
GORDW-2,2016-01-01,2016-12-31,success,0,2026-08-06T09:01:28,
GORDW-2,2017-01-01,2017-12-31,success,0,2026-08-06T09:01:28,
GORDW-2,2018-01-01,2018-12-31,success,0,2026-08-06T09:01:29,
GORDW-2,2019-01-01,2019-12-31,success,0,2026-08-06T09:01:29,
GORDW-2,2020-01-01,2020-12-31,success,0,2026-08-06T09:01:29,
GORDW-2,2021-01-01,2021-12-31,success,13873,2026-08-06T09:01:30,
GORDW-2,2022-01-01,2022-12-31,success,17473,2026-08-06T09:01:31,
GORDW-2,2023-01-01,2023-12-31,success,17473,2026-08-06T09:01:31,
GORDW-2,2024-01-01,2024-12-31,success,17521,2026-08-06T09:01:32,
GORDW-2,2025-01-01,2025-12-31,success,17473,2026-08-06T09:01:34,
GORDW-2,2026-01-01,2026-07-27,success,9937,2026-08-06T09:01:34,
GRAI-6,2015-01-01,2015-12-31,success,0,2026-08-06T09:01:34,
GRAI-6,2016-01-01,2016-12-31,success,0,2026-08-06T09:01:35,
GRAI-6,2017-01-01,2017-12-31,success,0,2026-08-06T09:01:35,
GRAI-6,2018-01-01,2018-12-31,success,0,2026-08-06T09:01:35,
GRAI-6,2019-01-01,2019-12-31,success,15985,2026-08-06T09:01:36,
GRAI-6,2020-01-01,2020-12-31,success,17473,2026-08-06T09:01:37,
GRAI-6,2021-01-01,2021-12-31,success,17473,2026-08-06T09:01:37,
GRAI-6,2022-01-01,2022-12-31,success,17473,2026-08-06T09:01:39,
GRAI-6,2023-01-01,2023-12-31,success,17473,2026-08-06T09:01:40,
GRAI-6,2024-01-01,2024-12-31,success,17521,2026-08-06T09:01:42,
GRAI-6,2025-01-01,2025-12-31,success,17473,2026-08-06T09:01:42,
GRAI-6,2026-01-01,2026-07-27,success,9937,2026-08-06T09:01:43,
GRAI-7,2015-01-01,2015-12-31,success,0,2026-08-06T09:01:43,
GRAI-7,2016-01-01,2016-12-31,success,0,2026-08-06T09:01:43,
GRAI-7,2017-01-01,2017-12-31,success,0,2026-08-06T09:01:43,
GRAI-7,2018-01-01,2018-12-31,success,0,2026-08-06T09:01:43,
GRAI-7,2019-01-01,2019-12-31,success,15985,2026-08-06T09:01:44,
GRAI-7,2020-01-01,2020-12-31,success,17473,2026-08-06T09:01:45,
GRAI-7,2021-01-01,2021-12-31,success,17473,2026-08-06T09:01:46,
GRAI-7,2022-01-01,2022-12-31,success,17473,2026-08-06T09:01:47,
GRAI-7,2023-01-01,2023-12-31,success,17473,2026-08-06T09:01:47,
GRAI-7,2024-01-01,2024-12-31,success,17521,2026-08-06T09:01:48,
GRAI-7,2025-01-01,2025-12-31,success,17473,2026-08-06T09:01:49,
GRAI-7,2026-01-01,2026-07-27,success,9937,2026-08-06T09:01:49,
GRAI-8,2015-01-01,2015-12-31,success,0,2026-08-06T09:01:50,
GRAI-8,2016-01-01,2016-12-31,success,0,2026-08-06T09:01:50,
GRAI-8,2017-01-01,2017-12-31,success,0,2026-08-06T09:01:51,
GRAI-8,2018-01-01,2018-12-31,success,0,2026-08-06T09:01:51,
GRAI-8,2019-01-01,2019-12-31,success,15985,2026-08-06T09:01:55,
GRAI-8,2020-01-01,2020-12-31,success,17473,2026-08-06T09:01:59,
GRAI-8,2021-01-01,2021-12-31,success,17473,2026-08-06T09:02:00,
GRAI-8,2022-01-01,2022-12-31,success,17473,2026-08-06T09:02:01,
GRAI-8,2023-01-01,2023-12-31,success,17473,2026-08-06T09:02:01,
GRAI-8,2024-01-01,2024-12-31,success,17521,2026-08-06T09:02:02,
GRAI-8,2025-01-01,2025-12-31,success,17473,2026-08-06T09:02:03,
GRAI-8,2026-01-01,2026-07-27,success,9937,2026-08-06T09:02:03,
GRAI1G,2015-01-01,2015-12-31,success,0,2026-08-06T09:02:03,
GRAI1G,2016-01-01,2016-12-31,success,0,2026-08-06T09:02:03,
GRAI1G,2017-01-01,2017-12-31,success,0,2026-08-06T09:02:04,
GRAI1G,2018-01-01,2018-12-31,success,0,2026-08-06T09:02:04,
GRAI1G,2019-01-01,2019-12-31,success,15985,2026-08-06T09:02:05,
GRAI1G,2020-01-01,2020-12-31,success,17473,2026-08-06T09:02:05,
GRAI1G,2021-01-01,2021-12-31,success,17473,2026-08-06T09:02:06,
GRAI1G,2022-01-01,2022-12-31,success,17473,2026-08-06T09:02:06,
GRAI1G,2023-01-01,2023-12-31,success,17473,2026-08-06T09:02:07,
GRAI1G,2024-01-01,2024-12-31,success,17521,2026-08-06T09:02:08,
GRAI1G,2025-01-01,2025-12-31,success,17473,2026-08-06T09:02:08,
GRAI1G,2026-01-01,2026-07-27,success,9937,2026-08-06T09:02:09,
GRAI4G,2015-01-01,2015-12-31,success,0,2026-08-06T09:02:09,
GRAI4G,2016-01-01,2016-12-31,success,0,2026-08-06T09:02:09,
GRAI4G,2017-01-01,2017-12-31,success,0,2026-08-06T09:02:10,
GRAI4G,2018-01-01,2018-12-31,success,0,2026-08-06T09:02:10,
GRAI4G,2019-01-01,2019-12-31,success,15985,2026-08-06T09:02:10,
GRAI4G,2020-01-01,2020-12-31,success,17473,2026-08-06T09:02:11,
GRAI4G,2021-01-01,2021-12-31,success,17473,2026-08-06T09:02:12,
GRAI4G,2022-01-01,2022-12-31,success,17473,2026-08-06T09:02:12,
GRAI4G,2023-01-01,2023-12-31,success,17473,2026-08-06T09:02:13,
GRAI4G,2024-01-01,2024-12-31,success,17521,2026-08-06T09:02:14,
GRAI4G,2025-01-01,2025-12-31,success,17473,2026-08-06T09:02:14,
GRAI4G,2026-01-01,2026-07-27,success,9937,2026-08-06T09:02:15,
GRGBW-1,2015-01-01,2015-12-31,success,0,2026-08-06T09:02:15,
GRGBW-1,2016-01-01,2016-12-31,success,0,2026-08-06T09:02:15,
GRGBW-1,2017-01-01,2017-12-31,success,0,2026-08-06T09:02:15,
GRGBW-1,2018-01-01,2018-12-31,success,0,2026-08-06T09:02:16,
GRGBW-1,2019-01-01,2019-12-31,success,15985,2026-08-06T09:02:16,
GRGBW-1,2020-01-01,2020-12-31,success,17473,2026-08-06T09:02:18,
GRGBW-1,2021-01-01,2021-12-31,success,17473,2026-08-06T09:02:18,
GRGBW-1,2022-01-01,2022-12-31,success,17473,2026-08-06T09:02:19,
GRGBW-1,2023-01-01,2023-12-31,success,17473,2026-08-06T09:02:19,
GRGBW-1,2024-01-01,2024-12-31,success,17521,2026-08-06T09:02:20,
GRGBW-1,2025-01-01,2025-12-31,success,17473,2026-08-06T09:02:21,
GRGBW-1,2026-01-01,2026-07-27,success,9937,2026-08-06T09:02:21,
GRGBW-2,2015-01-01,2015-12-31,success,0,2026-08-06T09:02:21,
GRGBW-2,2016-01-01,2016-12-31,success,0,2026-08-06T09:02:22,
GRGBW-2,2017-01-01,2017-12-31,success,0,2026-08-06T09:02:22,
GRGBW-2,2018-01-01,2018-12-31,success,0,2026-08-06T09:02:22,
GRGBW-2,2019-01-01,2019-12-31,success,15985,2026-08-06T09:02:23,
GRGBW-2,2020-01-01,2020-12-31,success,17473,2026-08-06T09:02:23,
GRGBW-2,2021-01-01,2021-12-31,success,17473,2026-08-06T09:02:24,
GRGBW-2,2022-01-01,2022-12-31,success,17473,2026-08-06T09:02:25,
GRGBW-2,2023-01-01,2023-12-31,success,17473,2026-08-06T09:02:25,
GRGBW-2,2024-01-01,2024-12-31,success,17521,2026-08-06T09:02:26,
GRGBW-2,2025-01-01,2025-12-31,success,17473,2026-08-06T09:02:27,
GRGBW-2,2026-01-01,2026-07-27,success,9937,2026-08-06T09:02:27,
GRGBW-3,2015-01-01,2015-12-31,success,0,2026-08-06T09:02:27,
GRGBW-3,2016-01-01,2016-12-31,success,0,2026-08-06T09:02:27,
GRGBW-3,2017-01-01,2017-12-31,success,0,2026-08-06T09:02:27,
GRGBW-3,2018-01-01,2018-12-31,success,0,2026-08-06T09:02:28,
GRGBW-3,2019-01-01,2019-12-31,success,15985,2026-08-06T09:02:28,
GRGBW-3,2020-01-01,2020-12-31,success,17473,2026-08-06T09:02:29,
GRGBW-3,2021-01-01,2021-12-31,success,17473,2026-08-06T09:02:29,
GRGBW-3,2022-01-01,2022-12-31,success,17473,2026-08-06T09:02:30,
GRGBW-3,2023-01-01,2023-12-31,success,17473,2026-08-06T09:02:31,
GRGBW-3,2024-01-01,2024-12-31,success,17521,2026-08-06T09:02:32,
GRGBW-3,2025-01-01,2025-12-31,success,17473,2026-08-06T09:02:33,
GRGBW-3,2026-01-01,2026-07-27,success,9937,2026-08-06T09:02:33,
GRIFW-1,2015-01-01,2015-12-31,success,0,2026-08-06T09:02:34,
GRIFW-1,2016-01-01,2016-12-31,success,0,2026-08-06T09:02:34,
GRIFW-1,2017-01-01,2017-12-31,success,0,2026-08-06T09:02:34,
GRIFW-1,2018-01-01,2018-12-31,success,0,2026-08-06T09:02:34,
GRIFW-1,2019-01-01,2019-12-31,success,15985,2026-08-06T09:02:35,
GRIFW-1,2020-01-01,2020-12-31,success,17473,2026-08-06T09:02:35,
GRIFW-1,2021-01-01,2021-12-31,success,17473,2026-08-06T09:02:36,
GRIFW-1,2022-01-01,2022-12-31,success,17473,2026-08-06T09:02:37,
GRIFW-1,2023-01-01,2023-12-31,success,17473,2026-08-06T09:02:38,
GRIFW-1,2024-01-01,2024-12-31,success,17521,2026-08-06T09:02:39,
GRIFW-1,2025-01-01,2025-12-31,success,17473,2026-08-06T09:02:40,
GRIFW-1,2026-01-01,2026-07-27,success,9937,2026-08-06T09:02:40,
GRIFW-2,2015-01-01,2015-12-31,success,0,2026-08-06T09:02:40,
GRIFW-2,2016-01-01,2016-12-31,success,0,2026-08-06T09:02:41,
GRIFW-2,2017-01-01,2017-12-31,success,0,2026-08-06T09:02:41,
GRIFW-2,2018-01-01,2018-12-31,success,0,2026-08-06T09:02:41,
GRIFW-2,2019-01-01,2019-12-31,success,15985,2026-08-06T09:02:42,
GRIFW-2,2020-01-01,2020-12-31,success,17473,2026-08-06T09:02:42,
GRIFW-2,2021-01-01,2021-12-31,success,17473,2026-08-06T09:02:43,
GRIFW-2,2022-01-01,2022-12-31,success,17473,2026-08-06T09:02:44,
GRIFW-2,2023-01-01,2023-12-31,success,17473,2026-08-06T09:02:45,
GRIFW-2,2024-01-01,2024-12-31,success,17521,2026-08-06T09:02:46,
GRIFW-2,2025-01-01,2025-12-31,success,17473,2026-08-06T09:02:46,
GRIFW-2,2026-01-01,2026-07-27,success,9937,2026-08-06T09:02:47,
GRMO-1,2015-01-01,2015-12-31,success,0,2026-08-06T09:02:47,
GRMO-1,2016-01-01,2016-12-31,success,0,2026-08-06T09:02:47,
GRMO-1,2017-01-01,2017-12-31,success,0,2026-08-06T09:02:47,
GRMO-1,2018-01-01,2018-12-31,success,0,2026-08-06T09:02:48,
GRMO-1,2019-01-01,2019-12-31,success,15985,2026-08-06T09:02:48,
GRMO-1,2020-01-01,2020-12-31,success,17473,2026-08-06T09:02:49,
GRMO-1,2021-01-01,2021-12-31,success,17473,2026-08-06T09:02:49,
GRMO-1,2022-01-01,2022-12-31,success,17473,2026-08-06T09:02:50,
GRMO-1,2023-01-01,2023-12-31,success,17473,2026-08-06T09:02:51,
GRMO-1,2024-01-01,2024-12-31,success,17521,2026-08-06T09:02:52,
GRMO-1,2025-01-01,2025-12-31,success,17473,2026-08-06T09:02:52,
GRMO-1,2026-01-01,2026-07-27,success,9937,2026-08-06T09:02:53,
GRUB-1,2015-01-01,2015-12-31,success,0,2026-08-06T09:02:53,
GRUB-1,2016-01-01,2016-12-31,success,0,2026-08-06T09:02:53,
GRUB-1,2017-01-01,2017-12-31,success,0,2026-08-06T09:02:53,
GRUB-1,2018-01-01,2018-12-31,success,0,2026-08-06T09:02:53,
GRUB-1,2019-01-01,2019-12-31,success,0,2026-08-06T09:02:54,
GRUB-1,2020-01-01,2020-12-31,success,0,2026-08-06T09:02:54,
GRUB-1,2021-01-01,2021-12-31,success,0,2026-08-06T09:02:54,
GRUB-1,2022-01-01,2022-12-31,success,0,2026-08-06T09:02:54,
GRUB-1,2023-01-01,2023-12-31,success,0,2026-08-06T09:02:55,
GRUB-1,2024-01-01,2024-12-31,success,0,2026-08-06T09:02:55,
GRUB-1,2025-01-01,2025-12-31,success,0,2026-08-06T09:02:55,
GRUB-1,2026-01-01,2026-07-27,success,0,2026-08-06T09:02:55,
GRUB-2,2015-01-01,2015-12-31,success,0,2026-08-06T09:02:55,
GRUB-2,2016-01-01,2016-12-31,success,0,2026-08-06T09:02:56,
GRUB-2,2017-01-01,2017-12-31,success,0,2026-08-06T09:02:56,
GRUB-2,2018-01-01,2018-12-31,success,0,2026-08-06T09:02:56,
GRUB-2,2019-01-01,2019-12-31,success,0,2026-08-06T09:02:56,
GRUB-2,2020-01-01,2020-12-31,success,0,2026-08-06T09:02:56,
GRUB-2,2021-01-01,2021-12-31,success,0,2026-08-06T09:02:56,
GRUB-2,2022-01-01,2022-12-31,success,0,2026-08-06T09:02:57,
GRUB-2,2023-01-01,2023-12-31,success,0,2026-08-06T09:02:57,
GRUB-2,2024-01-01,2024-12-31,success,0,2026-08-06T09:02:57,
GRUB-2,2025-01-01,2025-12-31,success,0,2026-08-06T09:02:57,
GRUB-2,2026-01-01,2026-07-27,success,0,2026-08-06T09:02:57,
GYAR-1,2015-01-01,2015-12-31,success,0,2026-08-06T09:02:58,
GYAR-1,2016-01-01,2016-12-31,success,0,2026-08-06T09:02:58,
GYAR-1,2017-01-01,2017-12-31,success,0,2026-08-06T09:02:58,
GYAR-1,2018-01-01,2018-12-31,success,0,2026-08-06T09:02:58,
GYAR-1,2019-01-01,2019-12-31,success,15985,2026-08-06T09:02:59,
GYAR-1,2020-01-01,2020-12-31,success,17473,2026-08-06T09:03:00,
GYAR-1,2021-01-01,2021-12-31,success,17473,2026-08-06T09:03:00,
GYAR-1,2022-01-01,2022-12-31,success,17473,2026-08-06T09:03:01,
GYAR-1,2023-01-01,2023-12-31,success,17473,2026-08-06T09:03:02,
GYAR-1,2024-01-01,2024-12-31,success,17521,2026-08-06T09:03:02,
GYAR-1,2025-01-01,2025-12-31,success,17473,2026-08-06T09:03:03,
GYAR-1,2026-01-01,2026-07-27,success,9937,2026-08-06T09:03:04,
GYMRO-15,2015-01-01,2015-12-31,success,0,2026-08-06T09:03:04,
GYMRO-15,2016-01-01,2016-12-31,success,0,2026-08-06T09:03:04,
GYMRO-15,2017-01-01,2017-12-31,success,0,2026-08-06T09:03:05,
GYMRO-15,2018-01-01,2018-12-31,success,0,2026-08-06T09:03:05,
GYMRO-15,2019-01-01,2019-12-31,success,15985,2026-08-06T09:03:05,
GYMRO-15,2020-01-01,2020-12-31,success,17473,2026-08-06T09:03:06,
GYMRO-15,2021-01-01,2021-12-31,success,17473,2026-08-06T09:03:06,
GYMRO-15,2022-01-01,2022-12-31,success,17473,2026-08-06T09:03:07,
GYMRO-15,2023-01-01,2023-12-31,success,17473,2026-08-06T09:03:08,
GYMRO-15,2024-01-01,2024-12-31,success,17521,2026-08-06T09:03:08,
GYMRO-15,2025-01-01,2025-12-31,success,17473,2026-08-06T09:03:09,
GYMRO-15,2026-01-01,2026-07-27,success,9937,2026-08-06T09:03:09,
GYMRO-17,2015-01-01,2015-12-31,success,0,2026-08-06T09:03:09,
GYMRO-17,2016-01-01,2016-12-31,success,0,2026-08-06T09:03:09,
GYMRO-17,2017-01-01,2017-12-31,success,0,2026-08-06T09:03:10,
GYMRO-17,2018-01-01,2018-12-31,success,0,2026-08-06T09:03:10,
GYMRO-17,2019-01-01,2019-12-31,success,15985,2026-08-06T09:03:10,
GYMRO-17,2020-01-01,2020-12-31,success,17473,2026-08-06T09:03:11,
GYMRO-17,2021-01-01,2021-12-31,success,17473,2026-08-06T09:03:12,
GYMRO-17,2022-01-01,2022-12-31,success,17473,2026-08-06T09:03:12,
GYMRO-17,2023-01-01,2023-12-31,success,17473,2026-08-06T09:03:13,
GYMRO-17,2024-01-01,2024-12-31,success,17521,2026-08-06T09:03:14,
GYMRO-17,2025-01-01,2025-12-31,success,17473,2026-08-06T09:03:14,
GYMRO-17,2026-01-01,2026-07-27,success,9937,2026-08-06T09:03:15,
GYMRO-26,2015-01-01,2015-12-31,success,0,2026-08-06T09:03:15,
GYMRO-26,2016-01-01,2016-12-31,success,0,2026-08-06T09:03:15,
GYMRO-26,2017-01-01,2017-12-31,success,0,2026-08-06T09:03:15,
GYMRO-26,2018-01-01,2018-12-31,success,0,2026-08-06T09:03:16,
GYMRO-26,2019-01-01,2019-12-31,success,15985,2026-08-06T09:03:17,
GYMRO-26,2020-01-01,2020-12-31,success,17473,2026-08-06T09:03:17,
GYMRO-26,2021-01-01,2021-12-31,success,17473,2026-08-06T09:03:18,
GYMRO-26,2022-01-01,2022-12-31,success,17473,2026-08-06T09:03:18,
GYMRO-26,2023-01-01,2023-12-31,success,17473,2026-08-06T09:03:19,
GYMRO-26,2024-01-01,2024-12-31,success,17521,2026-08-06T09:03:20,
GYMRO-26,2025-01-01,2025-12-31,success,17473,2026-08-06T09:03:21,
GYMRO-26,2026-01-01,2026-07-27,success,9937,2026-08-06T09:03:21,
GYMRO-28,2015-01-01,2015-12-31,success,0,2026-08-06T09:03:21,
GYMRO-28,2016-01-01,2016-12-31,success,0,2026-08-06T09:03:21,
GYMRO-28,2017-01-01,2017-12-31,success,0,2026-08-06T09:03:22,
GYMRO-28,2018-01-01,2018-12-31,success,0,2026-08-06T09:03:22,
GYMRO-28,2019-01-01,2019-12-31,success,15985,2026-08-06T09:03:22,
GYMRO-28,2020-01-01,2020-12-31,success,17473,2026-08-06T09:03:23,
GYMRO-28,2021-01-01,2021-12-31,success,17473,2026-08-06T09:03:24,
GYMRO-28,2022-01-01,2022-12-31,success,17473,2026-08-06T09:03:24,
GYMRO-28,2023-01-01,2023-12-31,success,17473,2026-08-06T09:03:25,
GYMRO-28,2024-01-01,2024-12-31,success,17521,2026-08-06T09:03:25,
GYMRO-28,2025-01-01,2025-12-31,success,17473,2026-08-06T09:03:26,
GYMRO-28,2026-01-01,2026-07-27,success,9937,2026-08-06T09:03:27,
HADHW-1,2015-01-01,2015-12-31,success,0,2026-08-06T09:03:27,
HADHW-1,2016-01-01,2016-12-31,success,0,2026-08-06T09:03:27,
HADHW-1,2017-01-01,2017-12-31,success,0,2026-08-06T09:03:27,
HADHW-1,2018-01-01,2018-12-31,success,0,2026-08-06T09:03:27,
HADHW-1,2019-01-01,2019-12-31,success,15985,2026-08-06T09:03:28,
HADHW-1,2020-01-01,2020-12-31,success,17473,2026-08-06T09:03:29,
HADHW-1,2021-01-01,2021-12-31,success,17473,2026-08-06T09:03:29,
HADHW-1,2022-01-01,2022-12-31,success,17473,2026-08-06T09:03:30,
HADHW-1,2023-01-01,2023-12-31,success,17473,2026-08-06T09:03:31,
HADHW-1,2024-01-01,2024-12-31,success,17521,2026-08-06T09:03:32,
HADHW-1,2025-01-01,2025-12-31,success,17473,2026-08-06T09:03:32,
HADHW-1,2026-01-01,2026-07-27,success,9937,2026-08-06T09:03:33,
HALSW-1,2015-01-01,2015-12-31,success,0,2026-08-06T09:03:33,
HALSW-1,2016-01-01,2016-12-31,success,0,2026-08-06T09:03:33,
HALSW-1,2017-01-01,2017-12-31,success,0,2026-08-06T09:03:33,
HALSW-1,2018-01-01,2018-12-31,success,0,2026-08-06T09:03:34,
HALSW-1,2019-01-01,2019-12-31,success,0,2026-08-06T09:03:34,
HALSW-1,2020-01-01,2020-12-31,success,1729,2026-08-06T09:03:34,
HALSW-1,2021-01-01,2021-12-31,success,17473,2026-08-06T09:03:35,
HALSW-1,2022-01-01,2022-12-31,success,17473,2026-08-06T09:03:36,
HALSW-1,2023-01-01,2023-12-31,success,17473,2026-08-06T09:03:36,
HALSW-1,2024-01-01,2024-12-31,success,17521,2026-08-06T09:03:37,
HALSW-1,2025-01-01,2025-12-31,success,17473,2026-08-06T09:03:38,
HALSW-1,2026-01-01,2026-07-27,success,9937,2026-08-06T09:03:38,
HAWFW-1,2015-01-01,2015-12-31,success,0,2026-08-06T09:03:38,
HAWFW-1,2016-01-01,2016-12-31,success,0,2026-08-06T09:03:39,
HAWFW-1,2017-01-01,2017-12-31,success,0,2026-08-06T09:03:39,
HAWFW-1,2018-01-01,2018-12-31,success,0,2026-08-06T09:03:39,
HAWFW-1,2019-01-01,2019-12-31,success,0,2026-08-06T09:03:39,
HAWFW-1,2020-01-01,2020-12-31,success,0,2026-08-06T09:03:40,
HAWFW-1,2021-01-01,2021-12-31,success,0,2026-08-06T09:03:40,
HAWFW-1,2022-01-01,2022-12-31,success,0,2026-08-06T09:03:40,
HAWFW-1,2023-01-01,2023-12-31,success,0,2026-08-06T09:03:40,
HAWFW-1,2024-01-01,2024-12-31,success,0,2026-08-06T09:03:40,
HAWFW-1,2025-01-01,2025-12-31,success,0,2026-08-06T09:03:41,
HAWFW-1,2026-01-01,2026-07-27,success,0,2026-08-06T09:03:41,
HBHDW-1,2015-01-01,2015-12-31,success,0,2026-08-06T09:03:41,
HBHDW-1,2016-01-01,2016-12-31,success,0,2026-08-06T09:03:41,
HBHDW-1,2017-01-01,2017-12-31,success,0,2026-08-06T09:03:41,
HBHDW-1,2018-01-01,2018-12-31,success,0,2026-08-06T09:03:42,
HBHDW-1,2019-01-01,2019-12-31,success,15985,2026-08-06T09:03:42,
HBHDW-1,2020-01-01,2020-12-31,success,17473,2026-08-06T09:03:43,
HBHDW-1,2021-01-01,2021-12-31,success,17473,2026-08-06T09:03:44,
HBHDW-1,2022-01-01,2022-12-31,success,17473,2026-08-06T09:03:44,
HBHDW-1,2023-01-01,2023-12-31,success,17473,2026-08-06T09:03:45,
HBHDW-1,2024-01-01,2024-12-31,success,17521,2026-08-06T09:03:46,
HBHDW-1,2025-01-01,2025-12-31,success,17473,2026-08-06T09:03:47,
HBHDW-1,2026-01-01,2026-07-27,success,9937,2026-08-06T09:03:48,
HEYM11,2015-01-01,2015-12-31,success,0,2026-08-06T09:03:48,
HEYM11,2016-01-01,2016-12-31,success,0,2026-08-06T09:03:48,
HEYM11,2017-01-01,2017-12-31,success,0,2026-08-06T09:03:48,
HEYM11,2018-01-01,2018-12-31,success,0,2026-08-06T09:03:49,
HEYM11,2019-01-01,2019-12-31,success,15985,2026-08-06T09:03:49,
HEYM11,2020-01-01,2020-12-31,success,17473,2026-08-06T09:03:50,
HEYM11,2021-01-01,2021-12-31,success,17473,2026-08-06T09:03:51,
HEYM11,2022-01-01,2022-12-31,success,17473,2026-08-06T09:03:52,
HEYM11,2023-01-01,2023-12-31,success,17473,2026-08-06T09:03:52,
HEYM11,2024-01-01,2024-12-31,success,17521,2026-08-06T09:03:53,
HEYM11,2025-01-01,2025-12-31,success,17473,2026-08-06T09:03:54,
HEYM11,2026-01-01,2026-07-27,success,9937,2026-08-06T09:03:54,
HEYM12,2015-01-01,2015-12-31,success,0,2026-08-06T09:03:55,
HEYM12,2016-01-01,2016-12-31,success,0,2026-08-06T09:03:55,
HEYM12,2017-01-01,2017-12-31,success,0,2026-08-06T09:03:55,
HEYM12,2018-01-01,2018-12-31,success,0,2026-08-06T09:03:55,
HEYM12,2019-01-01,2019-12-31,success,15985,2026-08-06T09:03:56,
HEYM12,2020-01-01,2020-12-31,success,17473,2026-08-06T09:03:57,
HEYM12,2021-01-01,2021-12-31,success,17473,2026-08-06T09:03:57,
HEYM12,2022-01-01,2022-12-31,success,17473,2026-08-06T09:03:58,
HEYM12,2023-01-01,2023-12-31,success,17473,2026-08-06T09:03:59,
HEYM12,2024-01-01,2024-12-31,success,17521,2026-08-06T09:03:59,
HEYM12,2025-01-01,2025-12-31,success,17473,2026-08-06T09:04:00,
HEYM12,2026-01-01,2026-07-27,success,9937,2026-08-06T09:04:00,
HEYM27,2015-01-01,2015-12-31,success,0,2026-08-06T09:04:01,
HEYM27,2016-01-01,2016-12-31,success,0,2026-08-06T09:04:01,
HEYM27,2017-01-01,2017-12-31,success,0,2026-08-06T09:04:01,
HEYM27,2018-01-01,2018-12-31,success,0,2026-08-06T09:04:01,
HEYM27,2019-01-01,2019-12-31,success,15985,2026-08-06T09:04:02,
HEYM27,2020-01-01,2020-12-31,success,17473,2026-08-06T09:04:03,
HEYM27,2021-01-01,2021-12-31,success,17473,2026-08-06T09:04:04,
HEYM27,2022-01-01,2022-12-31,success,17473,2026-08-06T09:04:05,
HEYM27,2023-01-01,2023-12-31,success,17473,2026-08-06T09:04:05,
HEYM27,2024-01-01,2024-12-31,success,17521,2026-08-06T09:04:06,
HEYM27,2025-01-01,2025-12-31,success,17473,2026-08-06T09:04:07,
HEYM27,2026-01-01,2026-07-27,success,9937,2026-08-06T09:04:08,
HEYM28,2015-01-01,2015-12-31,success,0,2026-08-06T09:04:08,
HEYM28,2016-01-01,2016-12-31,success,0,2026-08-06T09:04:08,
HEYM28,2017-01-01,2017-12-31,success,0,2026-08-06T09:04:08,
HEYM28,2018-01-01,2018-12-31,success,0,2026-08-06T09:04:08,
HEYM28,2019-01-01,2019-12-31,success,15985,2026-08-06T09:04:09,
HEYM28,2020-01-01,2020-12-31,success,17473,2026-08-06T09:04:09,
HEYM28,2021-01-01,2021-12-31,success,17473,2026-08-06T09:04:10,
HEYM28,2022-01-01,2022-12-31,success,17473,2026-08-06T09:04:11,
HEYM28,2023-01-01,2023-12-31,success,17473,2026-08-06T09:04:11,
HEYM28,2024-01-01,2024-12-31,success,17521,2026-08-06T09:04:12,
HEYM28,2025-01-01,2025-12-31,success,17473,2026-08-06T09:04:13,
HEYM28,2026-01-01,2026-07-27,success,9937,2026-08-06T09:04:13,
HINB-7,2015-01-01,2015-12-31,success,0,2026-08-06T09:04:13,
HINB-7,2016-01-01,2016-12-31,success,0,2026-08-06T09:04:13,
HINB-7,2017-01-01,2017-12-31,success,0,2026-08-06T09:04:14,
HINB-7,2018-01-01,2018-12-31,success,0,2026-08-06T09:04:14,
HINB-7,2019-01-01,2019-12-31,success,15985,2026-08-06T09:04:14,
HINB-7,2020-01-01,2020-12-31,success,17473,2026-08-06T09:04:15,
HINB-7,2021-01-01,2021-12-31,success,17473,2026-08-06T09:04:16,
HINB-7,2022-01-01,2022-12-31,success,17473,2026-08-06T09:04:16,
HINB-7,2023-01-01,2023-12-31,success,17473,2026-08-06T09:04:17,
HINB-7,2024-01-01,2024-12-31,success,17521,2026-08-06T09:04:18,
HINB-7,2025-01-01,2025-12-31,success,17473,2026-08-06T09:04:19,
HINB-7,2026-01-01,2026-07-27,success,9937,2026-08-06T09:04:19,
HINB-8,2015-01-01,2015-12-31,success,0,2026-08-06T09:04:19,
HINB-8,2016-01-01,2016-12-31,success,0,2026-08-06T09:04:19,
HINB-8,2017-01-01,2017-12-31,success,0,2026-08-06T09:04:20,
HINB-8,2018-01-01,2018-12-31,success,0,2026-08-06T09:04:20,
HINB-8,2019-01-01,2019-12-31,success,15985,2026-08-06T09:04:20,
HINB-8,2020-01-01,2020-12-31,success,17473,2026-08-06T09:04:21,
HINB-8,2021-01-01,2021-12-31,success,17473,2026-08-06T09:04:22,
HINB-8,2022-01-01,2022-12-31,success,17473,2026-08-06T09:04:22,
HINB-8,2023-01-01,2023-12-31,success,17473,2026-08-06T09:04:23,
HINB-8,2024-01-01,2024-12-31,success,17521,2026-08-06T09:04:23,
HINB-8,2025-01-01,2025-12-31,success,17473,2026-08-06T09:04:24,
HINB-8,2026-01-01,2026-07-27,success,9937,2026-08-06T09:04:24,
HLGLW-1,2015-01-01,2015-12-31,success,0,2026-08-06T09:04:25,
HLGLW-1,2016-01-01,2016-12-31,success,0,2026-08-06T09:04:25,
HLGLW-1,2017-01-01,2017-12-31,success,0,2026-08-06T09:04:25,
HLGLW-1,2018-01-01,2018-12-31,success,0,2026-08-06T09:04:25,
HLGLW-1,2019-01-01,2019-12-31,success,15985,2026-08-06T09:04:26,
HLGLW-1,2020-01-01,2020-12-31,success,17473,2026-08-06T09:04:26,
HLGLW-1,2021-01-01,2021-12-31,success,17473,2026-08-06T09:04:27,
HLGLW-1,2022-01-01,2022-12-31,success,17473,2026-08-06T09:04:28,
HLGLW-1,2023-01-01,2023-12-31,success,17473,2026-08-06T09:04:28,
HLGLW-1,2024-01-01,2024-12-31,success,17521,2026-08-06T09:04:29,
HLGLW-1,2025-01-01,2025-12-31,success,17473,2026-08-06T09:04:30,
HLGLW-1,2026-01-01,2026-07-27,success,9937,2026-08-06T09:04:30,
HLTWW-1,2015-01-01,2015-12-31,success,0,2026-08-06T09:04:30,
HLTWW-1,2016-01-01,2016-12-31,success,0,2026-08-06T09:04:31,
HLTWW-1,2017-01-01,2017-12-31,success,0,2026-08-06T09:04:31,
HLTWW-1,2018-01-01,2018-12-31,success,0,2026-08-06T09:04:31,
HLTWW-1,2019-01-01,2019-12-31,success,15985,2026-08-06T09:04:32,
HLTWW-1,2020-01-01,2020-12-31,success,17473,2026-08-06T09:04:32,
HLTWW-1,2021-01-01,2021-12-31,success,17473,2026-08-06T09:04:33,
HLTWW-1,2022-01-01,2022-12-31,success,17473,2026-08-06T09:04:34,
HLTWW-1,2023-01-01,2023-12-31,success,17473,2026-08-06T09:04:34,
HLTWW-1,2024-01-01,2024-12-31,success,17521,2026-08-06T09:04:35,
HLTWW-1,2025-01-01,2025-12-31,success,17473,2026-08-06T09:04:36,
HLTWW-1,2026-01-01,2026-07-27,success,9937,2026-08-06T09:04:36,
HMGTO-1,2015-01-01,2015-12-31,success,0,2026-08-06T09:04:36,
HMGTO-1,2016-01-01,2016-12-31,success,0,2026-08-06T09:04:37,
HMGTO-1,2017-01-01,2017-12-31,success,0,2026-08-06T09:04:37,
HMGTO-1,2018-01-01,2018-12-31,success,0,2026-08-06T09:04:37,
HMGTO-1,2019-01-01,2019-12-31,success,15985,2026-08-06T09:04:37,
HMGTO-1,2020-01-01,2020-12-31,success,17473,2026-08-06T09:04:38,
HMGTO-1,2021-01-01,2021-12-31,success,17473,2026-08-06T09:04:39,
HMGTO-1,2022-01-01,2022-12-31,success,17473,2026-08-06T09:04:39,
HMGTO-1,2023-01-01,2023-12-31,success,17473,2026-08-06T09:04:40,
HMGTO-1,2024-01-01,2024-12-31,success,17521,2026-08-06T09:04:40,
HMGTO-1,2025-01-01,2025-12-31,success,17473,2026-08-06T09:04:41,
HMGTO-1,2026-01-01,2026-07-27,success,9937,2026-08-06T09:04:42,
HMGTO-2,2015-01-01,2015-12-31,success,0,2026-08-06T09:04:42,
HMGTO-2,2016-01-01,2016-12-31,success,0,2026-08-06T09:04:42,
HMGTO-2,2017-01-01,2017-12-31,success,0,2026-08-06T09:04:42,
HMGTO-2,2018-01-01,2018-12-31,success,0,2026-08-06T09:04:42,
HMGTO-2,2019-01-01,2019-12-31,success,15985,2026-08-06T09:04:43,
HMGTO-2,2020-01-01,2020-12-31,success,17473,2026-08-06T09:04:44,
HMGTO-2,2021-01-01,2021-12-31,success,17473,2026-08-06T09:04:44,
HMGTO-2,2022-01-01,2022-12-31,success,17473,2026-08-06T09:04:45,
HMGTO-2,2023-01-01,2023-12-31,success,17473,2026-08-06T09:04:46,
HMGTO-2,2024-01-01,2024-12-31,success,17521,2026-08-06T09:04:46,
HMGTO-2,2025-01-01,2025-12-31,success,17473,2026-08-06T09:04:47,
HMGTO-2,2026-01-01,2026-07-27,success,9937,2026-08-06T09:04:47,
HOWAO-1,2015-01-01,2015-12-31,success,0,2026-08-06T09:04:47,
HOWAO-1,2016-01-01,2016-12-31,success,0,2026-08-06T09:04:48,
HOWAO-1,2017-01-01,2017-12-31,success,0,2026-08-06T09:04:48,
HOWAO-1,2018-01-01,2018-12-31,success,0,2026-08-06T09:04:48,
HOWAO-1,2019-01-01,2019-12-31,success,15985,2026-08-06T09:04:49,
HOWAO-1,2020-01-01,2020-12-31,success,17473,2026-08-06T09:04:49,
HOWAO-1,2021-01-01,2021-12-31,success,17473,2026-08-06T09:04:50,
HOWAO-1,2022-01-01,2022-12-31,success,17473,2026-08-06T09:04:51,
HOWAO-1,2023-01-01,2023-12-31,success,17473,2026-08-06T09:04:52,
HOWAO-1,2024-01-01,2024-12-31,success,17521,2026-08-06T09:04:53,
HOWAO-1,2025-01-01,2025-12-31,success,17473,2026-08-06T09:04:54,
HOWAO-1,2026-01-01,2026-07-27,success,9937,2026-08-06T09:04:54,
HOWAO-2,2015-01-01,2015-12-31,success,0,2026-08-06T09:04:54,
HOWAO-2,2016-01-01,2016-12-31,success,0,2026-08-06T09:04:54,
HOWAO-2,2017-01-01,2017-12-31,success,0,2026-08-06T09:04:55,
HOWAO-2,2018-01-01,2018-12-31,success,0,2026-08-06T09:04:55,
HOWAO-2,2019-01-01,2019-12-31,success,15985,2026-08-06T09:04:55,
HOWAO-2,2020-01-01,2020-12-31,success,17473,2026-08-06T09:04:56,
HOWAO-2,2021-01-01,2021-12-31,success,17473,2026-08-06T09:04:56,
HOWAO-2,2022-01-01,2022-12-31,success,17473,2026-08-06T09:04:57,
HOWAO-2,2023-01-01,2023-12-31,success,17473,2026-08-06T09:04:58,
HOWAO-2,2024-01-01,2024-12-31,success,17521,2026-08-06T09:04:58,
HOWAO-2,2025-01-01,2025-12-31,success,17473,2026-08-06T09:04:59,
HOWAO-2,2026-01-01,2026-07-27,success,9937,2026-08-06T09:05:00,
HOWAO-3,2015-01-01,2015-12-31,success,0,2026-08-06T09:05:00,
HOWAO-3,2016-01-01,2016-12-31,success,0,2026-08-06T09:05:00,
HOWAO-3,2017-01-01,2017-12-31,success,0,2026-08-06T09:05:00,
HOWAO-3,2018-01-01,2018-12-31,success,0,2026-08-06T09:05:01,
HOWAO-3,2019-01-01,2019-12-31,success,15985,2026-08-06T09:05:01,
HOWAO-3,2020-01-01,2020-12-31,success,17473,2026-08-06T09:05:02,
HOWAO-3,2021-01-01,2021-12-31,success,17473,2026-08-06T09:05:03,
HOWAO-3,2022-01-01,2022-12-31,success,17473,2026-08-06T09:05:03,
HOWAO-3,2023-01-01,2023-12-31,success,17473,2026-08-06T09:05:04,
HOWAO-3,2024-01-01,2024-12-31,success,17521,2026-08-06T09:05:05,
HOWAO-3,2025-01-01,2025-12-31,success,17473,2026-08-06T09:05:05,
HOWAO-3,2026-01-01,2026-07-27,success,9937,2026-08-06T09:05:06,
HRHLW-1,2015-01-01,2015-12-31,success,0,2026-08-06T09:05:06,
HRHLW-1,2016-01-01,2016-12-31,success,0,2026-08-06T09:05:06,
HRHLW-1,2017-01-01,2017-12-31,success,0,2026-08-06T09:05:06,
HRHLW-1,2018-01-01,2018-12-31,success,0,2026-08-06T09:05:06,
HRHLW-1,2019-01-01,2019-12-31,success,15985,2026-08-06T09:05:07,
HRHLW-1,2020-01-01,2020-12-31,success,17473,2026-08-06T09:05:07,
HRHLW-1,2021-01-01,2021-12-31,success,17473,2026-08-06T09:05:08,
HRHLW-1,2022-01-01,2022-12-31,success,17473,2026-08-06T09:05:09,
HRHLW-1,2023-01-01,2023-12-31,success,17473,2026-08-06T09:05:09,
HRHLW-1,2024-01-01,2024-12-31,success,17521,2026-08-06T09:05:10,
HRHLW-1,2025-01-01,2025-12-31,success,17473,2026-08-06T09:05:10,
HRHLW-1,2026-01-01,2026-07-27,success,9937,2026-08-06T09:05:11,
HRSTW-1,2015-01-01,2015-12-31,success,0,2026-08-06T09:05:12,
HRSTW-1,2016-01-01,2016-12-31,success,0,2026-08-06T09:05:12,
HRSTW-1,2017-01-01,2017-12-31,success,0,2026-08-06T09:05:12,
HRSTW-1,2018-01-01,2018-12-31,success,0,2026-08-06T09:05:12,
HRSTW-1,2019-01-01,2019-12-31,success,15985,2026-08-06T09:05:13,
HRSTW-1,2020-01-01,2020-12-31,success,17473,2026-08-06T09:05:14,
HRSTW-1,2021-01-01,2021-12-31,success,17473,2026-08-06T09:05:15,
HRSTW-1,2022-01-01,2022-12-31,success,17473,2026-08-06T09:05:15,
HRSTW-1,2023-01-01,2023-12-31,success,17473,2026-08-06T09:05:16,
HRSTW-1,2024-01-01,2024-12-31,success,17521,2026-08-06T09:05:16,
HRSTW-1,2025-01-01,2025-12-31,success,17473,2026-08-06T09:05:17,
HRSTW-1,2026-01-01,2026-07-27,success,9937,2026-08-06T09:05:17,
HRTL-1,2015-01-01,2015-12-31,success,0,2026-08-06T09:05:18,
HRTL-1,2016-01-01,2016-12-31,success,0,2026-08-06T09:05:18,
HRTL-1,2017-01-01,2017-12-31,success,0,2026-08-06T09:05:18,
HRTL-1,2018-01-01,2018-12-31,success,0,2026-08-06T09:05:18,
HRTL-1,2019-01-01,2019-12-31,success,15985,2026-08-06T09:05:19,
HRTL-1,2020-01-01,2020-12-31,success,17473,2026-08-06T09:05:19,
HRTL-1,2021-01-01,2021-12-31,success,17473,2026-08-06T09:05:20,
HRTL-1,2022-01-01,2022-12-31,success,17473,2026-08-06T09:05:20,
HRTL-1,2023-01-01,2023-12-31,success,17473,2026-08-06T09:05:21,
HRTL-1,2024-01-01,2024-12-31,success,17521,2026-08-06T09:05:22,
HRTL-1,2025-01-01,2025-12-31,success,17473,2026-08-06T09:05:22,
HRTL-1,2026-01-01,2026-07-27,success,9937,2026-08-06T09:05:23,
HRTL-2,2015-01-01,2015-12-31,success,0,2026-08-06T09:05:23,
HRTL-2,2016-01-01,2016-12-31,success,0,2026-08-06T09:05:23,
HRTL-2,2017-01-01,2017-12-31,success,0,2026-08-06T09:05:23,
HRTL-2,2018-01-01,2018-12-31,success,0,2026-08-06T09:05:23,
HRTL-2,2019-01-01,2019-12-31,success,15985,2026-08-06T09:05:24,
HRTL-2,2020-01-01,2020-12-31,success,17473,2026-08-06T09:05:25,
HRTL-2,2021-01-01,2021-12-31,success,17473,2026-08-06T09:05:25,
HRTL-2,2022-01-01,2022-12-31,success,17473,2026-08-06T09:05:26,
HRTL-2,2023-01-01,2023-12-31,success,17473,2026-08-06T09:05:26,
HRTL-2,2024-01-01,2024-12-31,success,17521,2026-08-06T09:05:27,
HRTL-2,2025-01-01,2025-12-31,success,17473,2026-08-06T09:05:28,
HRTL-2,2026-01-01,2026-07-27,success,9937,2026-08-06T09:05:28,
HUMR-1,2015-01-01,2015-12-31,success,0,2026-08-06T09:05:28,
HUMR-1,2016-01-01,2016-12-31,success,0,2026-08-06T09:05:29,
HUMR-1,2017-01-01,2017-12-31,success,0,2026-08-06T09:05:29,
HUMR-1,2018-01-01,2018-12-31,success,0,2026-08-06T09:05:29,
HUMR-1,2019-01-01,2019-12-31,success,15985,2026-08-06T09:05:30,
HUMR-1,2020-01-01,2020-12-31,success,17473,2026-08-06T09:05:30,
HUMR-1,2021-01-01,2021-12-31,success,17473,2026-08-06T09:05:31,
HUMR-1,2022-01-01,2022-12-31,success,17473,2026-08-06T09:05:32,
HUMR-1,2023-01-01,2023-12-31,success,17473,2026-08-06T09:05:33,
HUMR-1,2024-01-01,2024-12-31,success,17521,2026-08-06T09:05:34,
HUMR-1,2025-01-01,2025-12-31,success,17473,2026-08-06T09:05:35,
HUMR-1,2026-01-01,2026-07-27,success,9937,2026-08-06T09:05:35,
HUNB-7,2015-01-01,2015-12-31,success,0,2026-08-06T09:05:35,
HUNB-7,2016-01-01,2016-12-31,success,0,2026-08-06T09:05:35,
HUNB-7,2017-01-01,2017-12-31,success,0,2026-08-06T09:05:36,
HUNB-7,2018-01-01,2018-12-31,success,0,2026-08-06T09:05:36,
HUNB-7,2019-01-01,2019-12-31,success,15985,2026-08-06T09:05:36,
HUNB-7,2020-01-01,2020-12-31,success,17473,2026-08-06T09:05:37,
HUNB-7,2021-01-01,2021-12-31,success,17473,2026-08-06T09:05:38,
HUNB-7,2022-01-01,2022-12-31,success,336,2026-08-06T09:05:38,
HUNB-7,2023-01-01,2023-12-31,success,0,2026-08-06T09:05:38,
HUNB-7,2024-01-01,2024-12-31,success,0,2026-08-06T09:05:38,
HUNB-7,2025-01-01,2025-12-31,success,0,2026-08-06T09:05:38,
HUNB-7,2026-01-01,2026-07-27,success,0,2026-08-06T09:05:39,
HUNB-8,2015-01-01,2015-12-31,success,0,2026-08-06T09:05:39,
HUNB-8,2016-01-01,2016-12-31,success,0,2026-08-06T09:05:39,
HUNB-8,2017-01-01,2017-12-31,success,0,2026-08-06T09:05:39,
HUNB-8,2018-01-01,2018-12-31,success,0,2026-08-06T09:05:39,
HUNB-8,2019-01-01,2019-12-31,success,15985,2026-08-06T09:05:40,
HUNB-8,2020-01-01,2020-12-31,success,17473,2026-08-06T09:05:41,
HUNB-8,2021-01-01,2021-12-31,success,17473,2026-08-06T09:05:41,
HUNB-8,2022-01-01,2022-12-31,success,336,2026-08-06T09:05:42,
HUNB-8,2023-01-01,2023-12-31,success,0,2026-08-06T09:05:42,
HUNB-8,2024-01-01,2024-12-31,success,0,2026-08-06T09:05:42,
HUNB-8,2025-01-01,2025-12-31,success,0,2026-08-06T09:05:42,
HUNB-8,2026-01-01,2026-07-27,success,0,2026-08-06T09:05:42,
HYWDW-1,2015-01-01,2015-12-31,success,0,2026-08-06T09:05:43,
HYWDW-1,2016-01-01,2016-12-31,success,0,2026-08-06T09:05:43,
HYWDW-1,2017-01-01,2017-12-31,success,0,2026-08-06T09:05:43,
HYWDW-1,2018-01-01,2018-12-31,success,0,2026-08-06T09:05:43,
HYWDW-1,2019-01-01,2019-12-31,success,15985,2026-08-06T09:05:44,
HYWDW-1,2020-01-01,2020-12-31,success,17473,2026-08-06T09:05:44,
HYWDW-1,2021-01-01,2021-12-31,success,17473,2026-08-06T09:05:45,
HYWDW-1,2022-01-01,2022-12-31,success,17473,2026-08-06T09:05:45,
HYWDW-1,2023-01-01,2023-12-31,success,17473,2026-08-06T09:05:46,
HYWDW-1,2024-01-01,2024-12-31,success,17521,2026-08-06T09:05:47,
HYWDW-1,2025-01-01,2025-12-31,success,17473,2026-08-06T09:05:47,
HYWDW-1,2026-01-01,2026-07-27,success,9937,2026-08-06T09:05:48,
INAW-1,2015-01-01,2015-12-31,success,0,2026-08-06T09:05:48,
INAW-1,2016-01-01,2016-12-31,success,0,2026-08-06T09:05:48,
INAW-1,2017-01-01,2017-12-31,success,0,2026-08-06T09:05:48,
INAW-1,2018-01-01,2018-12-31,success,0,2026-08-06T09:05:49,
INAW-1,2019-01-01,2019-12-31,success,0,2026-08-06T09:05:49,
INAW-1,2020-01-01,2020-12-31,success,0,2026-08-06T09:05:49,
INAW-1,2021-01-01,2021-12-31,success,0,2026-08-06T09:05:49,
INAW-1,2022-01-01,2022-12-31,success,0,2026-08-06T09:05:49,
INAW-1,2023-01-01,2023-12-31,success,0,2026-08-06T09:05:49,
INAW-1,2024-01-01,2024-12-31,success,0,2026-08-06T09:05:50,
INAW-1,2025-01-01,2025-12-31,success,0,2026-08-06T09:05:50,
INAW-1,2026-01-01,2026-07-27,success,0,2026-08-06T09:05:50,
INDQ-1,2015-01-01,2015-12-31,success,0,2026-08-06T09:05:50,
INDQ-1,2016-01-01,2016-12-31,success,0,2026-08-06T09:05:50,
INDQ-1,2017-01-01,2017-12-31,success,0,2026-08-06T09:05:51,
INDQ-1,2018-01-01,2018-12-31,success,0,2026-08-06T09:05:51,
INDQ-1,2019-01-01,2019-12-31,success,15985,2026-08-06T09:05:51,
INDQ-1,2020-01-01,2020-12-31,success,17473,2026-08-06T09:05:52,
INDQ-1,2021-01-01,2021-12-31,success,17473,2026-08-06T09:05:53,
INDQ-1,2022-01-01,2022-12-31,success,17473,2026-08-06T09:05:53,
INDQ-1,2023-01-01,2023-12-31,success,17473,2026-08-06T09:05:54,
INDQ-1,2024-01-01,2024-12-31,success,17521,2026-08-06T09:05:55,
INDQ-1,2025-01-01,2025-12-31,success,17473,2026-08-06T09:05:55,
INDQ-1,2026-01-01,2026-07-27,success,9937,2026-08-06T09:05:56,
IRNPS-1,2015-01-01,2015-12-31,success,0,2026-08-06T09:05:56,
IRNPS-1,2016-01-01,2016-12-31,success,0,2026-08-06T09:05:56,
IRNPS-1,2017-01-01,2017-12-31,success,0,2026-08-06T09:05:56,
IRNPS-1,2018-01-01,2018-12-31,success,0,2026-08-06T09:05:56,
IRNPS-1,2019-01-01,2019-12-31,success,0,2026-08-06T09:05:57,
IRNPS-1,2020-01-01,2020-12-31,success,0,2026-08-06T09:05:57,
IRNPS-1,2021-01-01,2021-12-31,success,0,2026-08-06T09:05:57,
IRNPS-1,2022-01-01,2022-12-31,success,0,2026-08-06T09:05:57,
IRNPS-1,2023-01-01,2023-12-31,success,0,2026-08-06T09:05:58,
IRNPS-1,2024-01-01,2024-12-31,success,0,2026-08-06T09:05:58,
IRNPS-1,2025-01-01,2025-12-31,success,0,2026-08-06T09:05:58,
IRNPS-1,2026-01-01,2026-07-27,success,0,2026-08-06T09:05:58,
IRNPS-2,2015-01-01,2015-12-31,success,0,2026-08-06T09:05:58,
IRNPS-2,2016-01-01,2016-12-31,success,0,2026-08-06T09:05:58,
IRNPS-2,2017-01-01,2017-12-31,success,0,2026-08-06T09:05:59,
IRNPS-2,2018-01-01,2018-12-31,success,0,2026-08-06T09:05:59,
IRNPS-2,2019-01-01,2019-12-31,success,0,2026-08-06T09:05:59,
IRNPS-2,2020-01-01,2020-12-31,success,0,2026-08-06T09:05:59,
IRNPS-2,2021-01-01,2021-12-31,success,0,2026-08-06T09:05:59,
IRNPS-2,2022-01-01,2022-12-31,success,0,2026-08-06T09:06:00,
IRNPS-2,2023-01-01,2023-12-31,success,0,2026-08-06T09:06:00,
IRNPS-2,2024-01-01,2024-12-31,success,0,2026-08-06T09:06:00,
IRNPS-2,2025-01-01,2025-12-31,success,0,2026-08-06T09:06:01,
IRNPS-2,2026-01-01,2026-07-27,success,0,2026-08-06T09:06:01,
JGPR-1,2015-01-01,2015-12-31,success,0,2026-08-06T09:06:01,
JGPR-1,2016-01-01,2016-12-31,success,0,2026-08-06T09:06:01,
JGPR-1,2017-01-01,2017-12-31,success,0,2026-08-06T09:06:01,
JGPR-1,2018-01-01,2018-12-31,success,0,2026-08-06T09:06:02,
JGPR-1,2019-01-01,2019-12-31,success,15985,2026-08-06T09:06:02,
JGPR-1,2020-01-01,2020-12-31,success,17473,2026-08-06T09:06:03,
JGPR-1,2021-01-01,2021-12-31,success,17473,2026-08-06T09:06:03,
JGPR-1,2022-01-01,2022-12-31,success,17473,2026-08-06T09:06:04,
JGPR-1,2023-01-01,2023-12-31,success,17473,2026-08-06T09:06:04,
JGPR-1,2024-01-01,2024-12-31,success,17521,2026-08-06T09:06:05,
JGPR-1,2025-01-01,2025-12-31,success,17473,2026-08-06T09:06:06,
JGPR-1,2026-01-01,2026-07-27,success,9937,2026-08-06T09:06:06,
KEAD-1,2015-01-01,2015-12-31,success,0,2026-08-06T09:06:06,
KEAD-1,2016-01-01,2016-12-31,success,0,2026-08-06T09:06:06,
KEAD-1,2017-01-01,2017-12-31,success,0,2026-08-06T09:06:07,
KEAD-1,2018-01-01,2018-12-31,success,0,2026-08-06T09:06:07,
KEAD-1,2019-01-01,2019-12-31,success,15985,2026-08-06T09:06:08,
KEAD-1,2020-01-01,2020-12-31,success,17473,2026-08-06T09:06:08,
KEAD-1,2021-01-01,2021-12-31,success,17473,2026-08-06T09:06:09,
KEAD-1,2022-01-01,2022-12-31,success,17473,2026-08-06T09:06:09,
KEAD-1,2023-01-01,2023-12-31,success,17473,2026-08-06T09:06:10,
KEAD-1,2024-01-01,2024-12-31,success,17521,2026-08-06T09:06:11,
KEAD-1,2025-01-01,2025-12-31,success,17473,2026-08-06T09:06:11,
KEAD-1,2026-01-01,2026-07-27,success,9937,2026-08-06T09:06:11,
KEAD-2,2015-01-01,2015-12-31,success,0,2026-08-06T09:06:12,
KEAD-2,2016-01-01,2016-12-31,success,0,2026-08-06T09:06:12,
KEAD-2,2017-01-01,2017-12-31,success,0,2026-08-06T09:06:12,
KEAD-2,2018-01-01,2018-12-31,success,0,2026-08-06T09:06:12,
KEAD-2,2019-01-01,2019-12-31,success,0,2026-08-06T09:06:12,
KEAD-2,2020-01-01,2020-12-31,success,1969,2026-08-06T09:06:13,
KEAD-2,2021-01-01,2021-12-31,success,17473,2026-08-06T09:06:13,
KEAD-2,2022-01-01,2022-12-31,success,17473,2026-08-06T09:06:14,
KEAD-2,2023-01-01,2023-12-31,success,17473,2026-08-06T09:06:14,
KEAD-2,2024-01-01,2024-12-31,success,17521,2026-08-06T09:06:15,
KEAD-2,2025-01-01,2025-12-31,success,17473,2026-08-06T09:06:16,
KEAD-2,2026-01-01,2026-07-27,success,9937,2026-08-06T09:06:16,
KEADGT-3,2015-01-01,2015-12-31,success,0,2026-08-06T09:06:16,
KEADGT-3,2016-01-01,2016-12-31,success,0,2026-08-06T09:06:17,
KEADGT-3,2017-01-01,2017-12-31,success,0,2026-08-06T09:06:17,
KEADGT-3,2018-01-01,2018-12-31,success,0,2026-08-06T09:06:17,
KEADGT-3,2019-01-01,2019-12-31,success,15985,2026-08-06T09:06:17,
KEADGT-3,2020-01-01,2020-12-31,success,17473,2026-08-06T09:06:18,
KEADGT-3,2021-01-01,2021-12-31,success,17473,2026-08-06T09:06:19,
KEADGT-3,2022-01-01,2022-12-31,success,17473,2026-08-06T09:06:20,
KEADGT-3,2023-01-01,2023-12-31,success,17473,2026-08-06T09:06:21,
KEADGT-3,2024-01-01,2024-12-31,success,17521,2026-08-06T09:06:21,
KEADGT-3,2025-01-01,2025-12-31,success,17473,2026-08-06T09:06:22,
KEADGT-3,2026-01-01,2026-07-27,success,9937,2026-08-06T09:06:23,
KILBW-1,2015-01-01,2015-12-31,success,0,2026-08-06T09:06:23,
KILBW-1,2016-01-01,2016-12-31,success,0,2026-08-06T09:06:23,
KILBW-1,2017-01-01,2017-12-31,success,0,2026-08-06T09:06:23,
KILBW-1,2018-01-01,2018-12-31,success,0,2026-08-06T09:06:23,
KILBW-1,2019-01-01,2019-12-31,success,15985,2026-08-06T09:06:24,
KILBW-1,2020-01-01,2020-12-31,success,17473,2026-08-06T09:06:25,
KILBW-1,2021-01-01,2021-12-31,success,17473,2026-08-06T09:06:25,
KILBW-1,2022-01-01,2022-12-31,success,17473,2026-08-06T09:06:26,
KILBW-1,2023-01-01,2023-12-31,success,17473,2026-08-06T09:06:27,
KILBW-1,2024-01-01,2024-12-31,success,17521,2026-08-06T09:06:27,
KILBW-1,2025-01-01,2025-12-31,success,17473,2026-08-06T09:06:28,
KILBW-1,2026-01-01,2026-07-27,success,9937,2026-08-06T09:06:28,
KILLPG-1,2015-01-01,2015-12-31,success,0,2026-08-06T09:06:28,
KILLPG-1,2016-01-01,2016-12-31,success,0,2026-08-06T09:06:29,
KILLPG-1,2017-01-01,2017-12-31,success,0,2026-08-06T09:06:29,
KILLPG-1,2018-01-01,2018-12-31,success,0,2026-08-06T09:06:29,
KILLPG-1,2019-01-01,2019-12-31,success,15985,2026-08-06T09:06:30,
KILLPG-1,2020-01-01,2020-12-31,success,17473,2026-08-06T09:06:30,
KILLPG-1,2021-01-01,2021-12-31,success,17473,2026-08-06T09:06:31,
KILLPG-1,2022-01-01,2022-12-31,success,17473,2026-08-06T09:06:32,
KILLPG-1,2023-01-01,2023-12-31,success,17473,2026-08-06T09:06:32,
KILLPG-1,2024-01-01,2024-12-31,success,17521,2026-08-06T09:06:33,
KILLPG-1,2025-01-01,2025-12-31,success,17473,2026-08-06T09:06:33,
KILLPG-1,2026-01-01,2026-07-27,success,9937,2026-08-06T09:06:34,
KILLPG-2,2015-01-01,2015-12-31,success,0,2026-08-06T09:06:34,
KILLPG-2,2016-01-01,2016-12-31,success,0,2026-08-06T09:06:34,
KILLPG-2,2017-01-01,2017-12-31,success,0,2026-08-06T09:06:34,
KILLPG-2,2018-01-01,2018-12-31,success,0,2026-08-06T09:06:35,
KILLPG-2,2019-01-01,2019-12-31,success,15985,2026-08-06T09:06:35,
KILLPG-2,2020-01-01,2020-12-31,success,17473,2026-08-06T09:06:36,
KILLPG-2,2021-01-01,2021-12-31,success,17473,2026-08-06T09:06:37,
KILLPG-2,2022-01-01,2022-12-31,success,17473,2026-08-06T09:06:37,
KILLPG-2,2023-01-01,2023-12-31,success,17473,2026-08-06T09:06:38,
KILLPG-2,2024-01-01,2024-12-31,success,17521,2026-08-06T09:06:39,
KILLPG-2,2025-01-01,2025-12-31,success,17473,2026-08-06T09:06:39,
KILLPG-2,2026-01-01,2026-07-27,success,9937,2026-08-06T09:06:40,
KILNS-1,2015-01-01,2015-12-31,success,0,2026-08-06T09:06:40,
KILNS-1,2016-01-01,2016-12-31,success,0,2026-08-06T09:06:40,
KILNS-1,2017-01-01,2017-12-31,success,0,2026-08-06T09:06:40,
KILNS-1,2018-01-01,2018-12-31,success,0,2026-08-06T09:06:40,
KILNS-1,2019-01-01,2019-12-31,success,0,2026-08-06T09:06:41,
KILNS-1,2020-01-01,2020-12-31,success,0,2026-08-06T09:06:41,
KILNS-1,2021-01-01,2021-12-31,success,0,2026-08-06T09:06:41,
KILNS-1,2022-01-01,2022-12-31,success,0,2026-08-06T09:06:41,
KILNS-1,2023-01-01,2023-12-31,success,0,2026-08-06T09:06:41,
KILNS-1,2024-01-01,2024-12-31,success,0,2026-08-06T09:06:41,
KILNS-1,2025-01-01,2025-12-31,success,0,2026-08-06T09:06:42,
KILNS-1,2026-01-01,2026-07-27,success,0,2026-08-06T09:06:42,
KINCW-1,2015-01-01,2015-12-31,success,0,2026-08-06T09:06:42,
KINCW-1,2016-01-01,2016-12-31,success,0,2026-08-06T09:06:42,
KINCW-1,2017-01-01,2017-12-31,success,0,2026-08-06T09:06:42,
KINCW-1,2018-01-01,2018-12-31,success,0,2026-08-06T09:06:43,
KINCW-1,2019-01-01,2019-12-31,success,15985,2026-08-06T09:06:43,
KINCW-1,2020-01-01,2020-12-31,success,17473,2026-08-06T09:06:44,
KINCW-1,2021-01-01,2021-12-31,success,17473,2026-08-06T09:06:44,
KINCW-1,2022-01-01,2022-12-31,success,17473,2026-08-06T09:06:45,
KINCW-1,2023-01-01,2023-12-31,success,17473,2026-08-06T09:06:46,
KINCW-1,2024-01-01,2024-12-31,success,17521,2026-08-06T09:06:47,
KINCW-1,2025-01-01,2025-12-31,success,17473,2026-08-06T09:06:47,
KINCW-1,2026-01-01,2026-07-27,success,9937,2026-08-06T09:06:48,
KINO-1,2015-01-01,2015-12-31,success,0,2026-08-06T09:06:48,
KINO-1,2016-01-01,2016-12-31,success,0,2026-08-06T09:06:48,
KINO-1,2017-01-01,2017-12-31,success,0,2026-08-06T09:06:48,
KINO-1,2018-01-01,2018-12-31,success,0,2026-08-06T09:06:49,
KINO-1,2019-01-01,2019-12-31,success,0,2026-08-06T09:06:49,
KINO-1,2020-01-01,2020-12-31,success,0,2026-08-06T09:06:49,
KINO-1,2021-01-01,2021-12-31,success,0,2026-08-06T09:06:49,
KINO-1,2022-01-01,2022-12-31,success,0,2026-08-06T09:06:49,
KINO-1,2023-01-01,2023-12-31,success,0,2026-08-06T09:06:50,
KINO-1,2024-01-01,2024-12-31,success,0,2026-08-06T09:06:50,
KINO-1,2025-01-01,2025-12-31,success,0,2026-08-06T09:06:50,
KINO-1,2026-01-01,2026-07-27,success,0,2026-08-06T09:06:50,
KINO-2,2015-01-01,2015-12-31,success,0,2026-08-06T09:06:50,
KINO-2,2016-01-01,2016-12-31,success,0,2026-08-06T09:06:51,
KINO-2,2017-01-01,2017-12-31,success,0,2026-08-06T09:06:51,
KINO-2,2018-01-01,2018-12-31,success,0,2026-08-06T09:06:51,
KINO-2,2019-01-01,2019-12-31,success,0,2026-08-06T09:06:51,
KINO-2,2020-01-01,2020-12-31,success,0,2026-08-06T09:06:51,
KINO-2,2021-01-01,2021-12-31,success,0,2026-08-06T09:06:51,
KINO-2,2022-01-01,2022-12-31,success,0,2026-08-06T09:06:52,
KINO-2,2023-01-01,2023-12-31,success,0,2026-08-06T09:06:52,
KINO-2,2024-01-01,2024-12-31,success,0,2026-08-06T09:06:52,
KINO-2,2025-01-01,2025-12-31,success,0,2026-08-06T09:06:52,
KINO-2,2026-01-01,2026-07-27,success,0,2026-08-06T09:06:52,
KINO-3,2015-01-01,2015-12-31,success,0,2026-08-06T09:06:53,
KINO-3,2016-01-01,2016-12-31,success,0,2026-08-06T09:06:53,
KINO-3,2017-01-01,2017-12-31,success,0,2026-08-06T09:06:53,
KINO-3,2018-01-01,2018-12-31,success,0,2026-08-06T09:06:53,
KINO-3,2019-01-01,2019-12-31,success,0,2026-08-06T09:06:53,
KINO-3,2020-01-01,2020-12-31,success,0,2026-08-06T09:06:54,
KINO-3,2021-01-01,2021-12-31,success,0,2026-08-06T09:06:54,
KINO-3,2022-01-01,2022-12-31,success,0,2026-08-06T09:06:54,
KINO-3,2023-01-01,2023-12-31,success,0,2026-08-06T09:06:54,
KINO-3,2024-01-01,2024-12-31,success,0,2026-08-06T09:06:54,
KINO-3,2025-01-01,2025-12-31,success,0,2026-08-06T09:06:55,
KINO-3,2026-01-01,2026-07-27,success,0,2026-08-06T09:06:55,
KINO-4,2015-01-01,2015-12-31,success,0,2026-08-06T09:06:55,
KINO-4,2016-01-01,2016-12-31,success,0,2026-08-06T09:06:55,
KINO-4,2017-01-01,2017-12-31,success,0,2026-08-06T09:06:55,
KINO-4,2018-01-01,2018-12-31,success,0,2026-08-06T09:06:56,
KINO-4,2019-01-01,2019-12-31,success,0,2026-08-06T09:06:56,
KINO-4,2020-01-01,2020-12-31,success,0,2026-08-06T09:06:56,
KINO-4,2021-01-01,2021-12-31,success,0,2026-08-06T09:06:56,
KINO-4,2022-01-01,2022-12-31,success,0,2026-08-06T09:06:56,
KINO-4,2023-01-01,2023-12-31,success,0,2026-08-06T09:06:57,
KINO-4,2024-01-01,2024-12-31,success,0,2026-08-06T09:06:57,
KINO-4,2025-01-01,2025-12-31,success,0,2026-08-06T09:06:57,
KINO-4,2026-01-01,2026-07-27,success,0,2026-08-06T09:06:57,
KLDMW-1,2015-01-01,2015-12-31,success,0,2026-08-06T09:06:58,
KLDMW-1,2016-01-01,2016-12-31,success,0,2026-08-06T09:06:58,
KLDMW-1,2017-01-01,2017-12-31,success,0,2026-08-06T09:06:58,
KLDMW-1,2018-01-01,2018-12-31,success,0,2026-08-06T09:06:58,
KLDMW-1,2019-01-01,2019-12-31,success,0,2026-08-06T09:06:59,
KLDMW-1,2020-01-01,2020-12-31,success,0,2026-08-06T09:06:59,
KLDMW-1,2021-01-01,2021-12-31,success,0,2026-08-06T09:07:01,
KLDMW-1,2022-01-01,2022-12-31,success,0,2026-08-06T09:07:01,
KLDMW-1,2023-01-01,2023-12-31,success,0,2026-08-06T09:07:02,
KLDMW-1,2024-01-01,2024-12-31,success,0,2026-08-06T09:07:02,
KLDMW-1,2025-01-01,2025-12-31,success,0,2026-08-06T09:07:03,
KLDMW-1,2026-01-01,2026-07-27,success,0,2026-08-06T09:07:04,
KLGLW-1,2015-01-01,2015-12-31,success,0,2026-08-06T09:07:05,
KLGLW-1,2016-01-01,2016-12-31,success,0,2026-08-06T09:07:05,
KLGLW-1,2017-01-01,2017-12-31,success,0,2026-08-06T09:07:06,
KLGLW-1,2018-01-01,2018-12-31,success,0,2026-08-06T09:07:07,
KLGLW-1,2019-01-01,2019-12-31,success,15985,2026-08-06T09:07:08,
KLGLW-1,2020-01-01,2020-12-31,success,17473,2026-08-06T09:07:08,
KLGLW-1,2021-01-01,2021-12-31,success,17473,2026-08-06T09:07:09,
KLGLW-1,2022-01-01,2022-12-31,success,17473,2026-08-06T09:07:10,
KLGLW-1,2023-01-01,2023-12-31,success,17473,2026-08-06T09:07:11,
KLGLW-1,2024-01-01,2024-12-31,success,17521,2026-08-06T09:07:11,
KLGLW-1,2025-01-01,2025-12-31,success,17473,2026-08-06T09:07:12,
KLGLW-1,2026-01-01,2026-07-27,success,9937,2026-08-06T09:07:12,
KLYN-A-1,2015-01-01,2015-12-31,success,0,2026-08-06T09:07:12,
KLYN-A-1,2016-01-01,2016-12-31,success,0,2026-08-06T09:07:13,
KLYN-A-1,2017-01-01,2017-12-31,success,0,2026-08-06T09:07:13,
KLYN-A-1,2018-01-01,2018-12-31,success,0,2026-08-06T09:07:13,
KLYN-A-1,2019-01-01,2019-12-31,success,15985,2026-08-06T09:07:14,
KLYN-A-1,2020-01-01,2020-12-31,success,17473,2026-08-06T09:07:14,
KLYN-A-1,2021-01-01,2021-12-31,success,17473,2026-08-06T09:07:15,
KLYN-A-1,2022-01-01,2022-12-31,success,17473,2026-08-06T09:07:15,
KLYN-A-1,2023-01-01,2023-12-31,success,17473,2026-08-06T09:07:16,
KLYN-A-1,2024-01-01,2024-12-31,success,17521,2026-08-06T09:07:17,
KLYN-A-1,2025-01-01,2025-12-31,success,17473,2026-08-06T09:07:18,
KLYN-A-1,2026-01-01,2026-07-27,success,9937,2026-08-06T09:07:18,
KPMRW-1,2015-01-01,2015-12-31,success,0,2026-08-06T09:07:18,
KPMRW-1,2016-01-01,2016-12-31,success,0,2026-08-06T09:07:18,
KPMRW-1,2017-01-01,2017-12-31,success,0,2026-08-06T09:07:19,
KPMRW-1,2018-01-01,2018-12-31,success,0,2026-08-06T09:07:19,
KPMRW-1,2019-01-01,2019-12-31,success,15985,2026-08-06T09:07:19,
KPMRW-1,2020-01-01,2020-12-31,success,17473,2026-08-06T09:07:20,
KPMRW-1,2021-01-01,2021-12-31,success,17473,2026-08-06T09:07:21,
KPMRW-1,2022-01-01,2022-12-31,success,17473,2026-08-06T09:07:21,
KPMRW-1,2023-01-01,2023-12-31,success,17473,2026-08-06T09:07:22,
KPMRW-1,2024-01-01,2024-12-31,success,17521,2026-08-06T09:07:23,
KPMRW-1,2025-01-01,2025-12-31,success,17473,2026-08-06T09:07:23,
KPMRW-1,2026-01-01,2026-07-27,success,9937,2026-08-06T09:07:24,
KTHLW-1,2015-01-01,2015-12-31,success,0,2026-08-06T09:07:24,
KTHLW-1,2016-01-01,2016-12-31,success,0,2026-08-06T09:07:24,
KTHLW-1,2017-01-01,2017-12-31,success,0,2026-08-06T09:07:24,
KTHLW-1,2018-01-01,2018-12-31,success,0,2026-08-06T09:07:24,
KTHLW-1,2019-01-01,2019-12-31,success,15985,2026-08-06T09:07:25,
KTHLW-1,2020-01-01,2020-12-31,success,17473,2026-08-06T09:07:26,
KTHLW-1,2021-01-01,2021-12-31,success,17473,2026-08-06T09:07:26,
KTHLW-1,2022-01-01,2022-12-31,success,17473,2026-08-06T09:07:27,
KTHLW-1,2023-01-01,2023-12-31,success,17473,2026-08-06T09:07:27,
KTHLW-1,2024-01-01,2024-12-31,success,17521,2026-08-06T09:07:28,
KTHLW-1,2025-01-01,2025-12-31,success,17473,2026-08-06T09:07:28,
KTHLW-1,2026-01-01,2026-07-27,success,9937,2026-08-06T09:07:29,
LAGA-1,2015-01-01,2015-12-31,success,0,2026-08-06T09:07:29,
LAGA-1,2016-01-01,2016-12-31,success,0,2026-08-06T09:07:29,
LAGA-1,2017-01-01,2017-12-31,success,0,2026-08-06T09:07:29,
LAGA-1,2018-01-01,2018-12-31,success,0,2026-08-06T09:07:29,
LAGA-1,2019-01-01,2019-12-31,success,15985,2026-08-06T09:07:30,
LAGA-1,2020-01-01,2020-12-31,success,17473,2026-08-06T09:07:31,
LAGA-1,2021-01-01,2021-12-31,success,17473,2026-08-06T09:07:31,
LAGA-1,2022-01-01,2022-12-31,success,17473,2026-08-06T09:07:32,
LAGA-1,2023-01-01,2023-12-31,success,17473,2026-08-06T09:07:32,
LAGA-1,2024-01-01,2024-12-31,success,17521,2026-08-06T09:07:33,
LAGA-1,2025-01-01,2025-12-31,success,17473,2026-08-06T09:07:34,
LAGA-1,2026-01-01,2026-07-27,success,9937,2026-08-06T09:07:34,
LARYO-1,2015-01-01,2015-12-31,success,0,2026-08-06T09:07:34,
LARYO-1,2016-01-01,2016-12-31,success,0,2026-08-06T09:07:34,
LARYO-1,2017-01-01,2017-12-31,success,0,2026-08-06T09:07:35,
LARYO-1,2018-01-01,2018-12-31,success,0,2026-08-06T09:07:35,
LARYO-1,2019-01-01,2019-12-31,success,15985,2026-08-06T09:07:36,
LARYO-1,2020-01-01,2020-12-31,success,17473,2026-08-06T09:07:36,
LARYO-1,2021-01-01,2021-12-31,success,17473,2026-08-06T09:07:37,
LARYO-1,2022-01-01,2022-12-31,success,17473,2026-08-06T09:07:38,
LARYO-1,2023-01-01,2023-12-31,success,17473,2026-08-06T09:07:38,
LARYO-1,2024-01-01,2024-12-31,success,17521,2026-08-06T09:07:39,
LARYO-1,2025-01-01,2025-12-31,success,17473,2026-08-06T09:07:40,
LARYO-1,2026-01-01,2026-07-27,success,9937,2026-08-06T09:07:40,
LARYO-2,2015-01-01,2015-12-31,success,0,2026-08-06T09:07:40,
LARYO-2,2016-01-01,2016-12-31,success,0,2026-08-06T09:07:40,
LARYO-2,2017-01-01,2017-12-31,success,0,2026-08-06T09:07:41,
LARYO-2,2018-01-01,2018-12-31,success,0,2026-08-06T09:07:41,
LARYO-2,2019-01-01,2019-12-31,success,15985,2026-08-06T09:07:41,
LARYO-2,2020-01-01,2020-12-31,success,17473,2026-08-06T09:07:42,
LARYO-2,2021-01-01,2021-12-31,success,17473,2026-08-06T09:07:43,
LARYO-2,2022-01-01,2022-12-31,success,17473,2026-08-06T09:07:43,
LARYO-2,2023-01-01,2023-12-31,success,17473,2026-08-06T09:07:44,
LARYO-2,2024-01-01,2024-12-31,success,17521,2026-08-06T09:07:44,
LARYO-2,2025-01-01,2025-12-31,success,17473,2026-08-06T09:07:45,
LARYO-2,2026-01-01,2026-07-27,success,9937,2026-08-06T09:07:45,
LARYO-3,2015-01-01,2015-12-31,success,0,2026-08-06T09:07:45,
LARYO-3,2016-01-01,2016-12-31,success,0,2026-08-06T09:07:46,
LARYO-3,2017-01-01,2017-12-31,success,0,2026-08-06T09:07:46,
LARYO-3,2018-01-01,2018-12-31,success,0,2026-08-06T09:07:46,
LARYO-3,2019-01-01,2019-12-31,success,15985,2026-08-06T09:07:47,
LARYO-3,2020-01-01,2020-12-31,success,17473,2026-08-06T09:07:47,
LARYO-3,2021-01-01,2021-12-31,success,17473,2026-08-06T09:07:48,
LARYO-3,2022-01-01,2022-12-31,success,17473,2026-08-06T09:07:48,
LARYO-3,2023-01-01,2023-12-31,success,17473,2026-08-06T09:07:49,
LARYO-3,2024-01-01,2024-12-31,success,17521,2026-08-06T09:07:49,
LARYO-3,2025-01-01,2025-12-31,success,17473,2026-08-06T09:07:50,
LARYO-3,2026-01-01,2026-07-27,success,9937,2026-08-06T09:07:50,
LARYO-4,2015-01-01,2015-12-31,success,0,2026-08-06T09:07:51,
LARYO-4,2016-01-01,2016-12-31,success,0,2026-08-06T09:07:51,
LARYO-4,2017-01-01,2017-12-31,success,0,2026-08-06T09:07:51,
LARYO-4,2018-01-01,2018-12-31,success,0,2026-08-06T09:07:51,
LARYO-4,2019-01-01,2019-12-31,success,15985,2026-08-06T09:07:53,
LARYO-4,2020-01-01,2020-12-31,success,17473,2026-08-06T09:07:54,
LARYO-4,2021-01-01,2021-12-31,success,17473,2026-08-06T09:07:54,
LARYO-4,2022-01-01,2022-12-31,success,17473,2026-08-06T09:07:55,
LARYO-4,2023-01-01,2023-12-31,success,17473,2026-08-06T09:07:55,
LARYO-4,2024-01-01,2024-12-31,success,17521,2026-08-06T09:07:56,
LARYO-4,2025-01-01,2025-12-31,success,17473,2026-08-06T09:07:56,
LARYO-4,2026-01-01,2026-07-27,success,9937,2026-08-06T09:07:57,
LBAR-1,2015-01-01,2015-12-31,success,0,2026-08-06T09:07:57,
LBAR-1,2016-01-01,2016-12-31,success,0,2026-08-06T09:07:57,
LBAR-1,2017-01-01,2017-12-31,success,0,2026-08-06T09:07:57,
LBAR-1,2018-01-01,2018-12-31,success,0,2026-08-06T09:07:58,
LBAR-1,2019-01-01,2019-12-31,success,15985,2026-08-06T09:07:58,
LBAR-1,2020-01-01,2020-12-31,success,17473,2026-08-06T09:07:59,
LBAR-1,2021-01-01,2021-12-31,success,17473,2026-08-06T09:07:59,
LBAR-1,2022-01-01,2022-12-31,success,17473,2026-08-06T09:08:00,
LBAR-1,2023-01-01,2023-12-31,success,17473,2026-08-06T09:08:01,
LBAR-1,2024-01-01,2024-12-31,success,17521,2026-08-06T09:08:01,
LBAR-1,2025-01-01,2025-12-31,success,17473,2026-08-06T09:08:02,
LBAR-1,2026-01-01,2026-07-27,success,9937,2026-08-06T09:08:02,
LBAR-1G,2015-01-01,2015-12-31,success,0,2026-08-06T09:08:02,
LBAR-1G,2016-01-01,2016-12-31,success,0,2026-08-06T09:08:03,
LBAR-1G,2017-01-01,2017-12-31,success,0,2026-08-06T09:08:03,
LBAR-1G,2018-01-01,2018-12-31,success,0,2026-08-06T09:08:03,
LBAR-1G,2019-01-01,2019-12-31,success,15985,2026-08-06T09:08:04,
LBAR-1G,2020-01-01,2020-12-31,success,17473,2026-08-06T09:08:04,
LBAR-1G,2021-01-01,2021-12-31,success,17473,2026-08-06T09:08:05,
LBAR-1G,2022-01-01,2022-12-31,success,17473,2026-08-06T09:08:05,
LBAR-1G,2023-01-01,2023-12-31,success,17473,2026-08-06T09:08:06,
LBAR-1G,2024-01-01,2024-12-31,success,17521,2026-08-06T09:08:06,
LBAR-1G,2025-01-01,2025-12-31,success,17473,2026-08-06T09:08:07,
LBAR-1G,2026-01-01,2026-07-27,success,9937,2026-08-06T09:08:07,
LCLTW-1,2015-01-01,2015-12-31,success,0,2026-08-06T09:08:07,
LCLTW-1,2016-01-01,2016-12-31,success,0,2026-08-06T09:08:08,
LCLTW-1,2017-01-01,2017-12-31,success,0,2026-08-06T09:08:08,
LCLTW-1,2018-01-01,2018-12-31,success,0,2026-08-06T09:08:08,
LCLTW-1,2019-01-01,2019-12-31,success,15985,2026-08-06T09:08:09,
LCLTW-1,2020-01-01,2020-12-31,success,17473,2026-08-06T09:08:10,
LCLTW-1,2021-01-01,2021-12-31,success,17473,2026-08-06T09:08:10,
LCLTW-1,2022-01-01,2022-12-31,success,17473,2026-08-06T09:08:11,
LCLTW-1,2023-01-01,2023-12-31,success,17473,2026-08-06T09:08:12,
LCLTW-1,2024-01-01,2024-12-31,success,17521,2026-08-06T09:08:12,
LCLTW-1,2025-01-01,2025-12-31,success,17473,2026-08-06T09:08:13,
LCLTW-1,2026-01-01,2026-07-27,success,9937,2026-08-06T09:08:14,
LCSMH-1,2015-01-01,2015-12-31,success,0,2026-08-06T09:08:14,
LCSMH-1,2016-01-01,2016-12-31,success,0,2026-08-06T09:08:14,
LCSMH-1,2017-01-01,2017-12-31,success,0,2026-08-06T09:08:14,
LCSMH-1,2018-01-01,2018-12-31,success,0,2026-08-06T09:08:14,
LCSMH-1,2019-01-01,2019-12-31,success,8019,2026-08-06T09:08:15,
LCSMH-1,2020-01-01,2020-12-31,success,17473,2026-08-06T09:08:16,
LCSMH-1,2021-01-01,2021-12-31,success,17473,2026-08-06T09:08:16,
LCSMH-1,2022-01-01,2022-12-31,success,17473,2026-08-06T09:08:17,
LCSMH-1,2023-01-01,2023-12-31,success,17473,2026-08-06T09:08:18,
LCSMH-1,2024-01-01,2024-12-31,success,17521,2026-08-06T09:08:18,
LCSMH-1,2025-01-01,2025-12-31,success,17473,2026-08-06T09:08:19,
LCSMH-1,2026-01-01,2026-07-27,success,9937,2026-08-06T09:08:19,
LGPKW-1,2015-01-01,2015-12-31,success,0,2026-08-06T09:08:19,
LGPKW-1,2016-01-01,2016-12-31,success,0,2026-08-06T09:08:20,
LGPKW-1,2017-01-01,2017-12-31,success,0,2026-08-06T09:08:20,
LGPKW-1,2018-01-01,2018-12-31,success,0,2026-08-06T09:08:20,
LGPKW-1,2019-01-01,2019-12-31,success,0,2026-08-06T09:08:20,
LGPKW-1,2020-01-01,2020-12-31,success,0,2026-08-06T09:08:20,
LGPKW-1,2021-01-01,2021-12-31,success,0,2026-08-06T09:08:20,
LGPKW-1,2022-01-01,2022-12-31,success,0,2026-08-06T09:08:21,
LGPKW-1,2023-01-01,2023-12-31,success,0,2026-08-06T09:08:21,
LGPKW-1,2024-01-01,2024-12-31,success,0,2026-08-06T09:08:21,
LGPKW-1,2025-01-01,2025-12-31,success,0,2026-08-06T09:08:21,
LGPKW-1,2026-01-01,2026-07-27,success,0,2026-08-06T09:08:21,
LITT2G,2015-01-01,2015-12-31,success,0,2026-08-06T09:08:22,
LITT2G,2016-01-01,2016-12-31,success,0,2026-08-06T09:08:22,
LITT2G,2017-01-01,2017-12-31,success,0,2026-08-06T09:08:22,
LITT2G,2018-01-01,2018-12-31,success,0,2026-08-06T09:08:22,
LITT2G,2019-01-01,2019-12-31,success,0,2026-08-06T09:08:22,
LITT2G,2020-01-01,2020-12-31,success,0,2026-08-06T09:08:22,
LITT2G,2021-01-01,2021-12-31,success,0,2026-08-06T09:08:23,
LITT2G,2022-01-01,2022-12-31,success,0,2026-08-06T09:08:23,
LITT2G,2023-01-01,2023-12-31,success,0,2026-08-06T09:08:23,
LITT2G,2024-01-01,2024-12-31,success,0,2026-08-06T09:08:23,
LITT2G,2025-01-01,2025-12-31,success,0,2026-08-06T09:08:23,
LITT2G,2026-01-01,2026-07-27,success,0,2026-08-06T09:08:24,
LITT3G,2015-01-01,2015-12-31,success,0,2026-08-06T09:08:24,
LITT3G,2016-01-01,2016-12-31,success,0,2026-08-06T09:08:24,
LITT3G,2017-01-01,2017-12-31,success,0,2026-08-06T09:08:24,
LITT3G,2018-01-01,2018-12-31,success,0,2026-08-06T09:08:24,
LITT3G,2019-01-01,2019-12-31,success,0,2026-08-06T09:08:25,
LITT3G,2020-01-01,2020-12-31,success,0,2026-08-06T09:08:25,
LITT3G,2021-01-01,2021-12-31,success,0,2026-08-06T09:08:25,
LITT3G,2022-01-01,2022-12-31,success,0,2026-08-06T09:08:25,
LITT3G,2023-01-01,2023-12-31,success,0,2026-08-06T09:08:25,
LITT3G,2024-01-01,2024-12-31,success,0,2026-08-06T09:08:25,
LITT3G,2025-01-01,2025-12-31,success,0,2026-08-06T09:08:26,
LITT3G,2026-01-01,2026-07-27,success,0,2026-08-06T09:08:26,
LITTD1,2015-01-01,2015-12-31,success,0,2026-08-06T09:08:26,
LITTD1,2016-01-01,2016-12-31,success,0,2026-08-06T09:08:26,
LITTD1,2017-01-01,2017-12-31,success,0,2026-08-06T09:08:26,
LITTD1,2018-01-01,2018-12-31,success,0,2026-08-06T09:08:27,
LITTD1,2019-01-01,2019-12-31,success,0,2026-08-06T09:08:27,
LITTD1,2020-01-01,2020-12-31,success,0,2026-08-06T09:08:27,
LITTD1,2021-01-01,2021-12-31,success,0,2026-08-06T09:08:27,
LITTD1,2022-01-01,2022-12-31,success,0,2026-08-06T09:08:27,
LITTD1,2023-01-01,2023-12-31,success,0,2026-08-06T09:08:27,
LITTD1,2024-01-01,2024-12-31,success,0,2026-08-06T09:08:28,
LITTD1,2025-01-01,2025-12-31,success,0,2026-08-06T09:08:28,
LITTD1,2026-01-01,2026-07-27,success,0,2026-08-06T09:08:28,
LITTD2,2015-01-01,2015-12-31,success,0,2026-08-06T09:08:28,
LITTD2,2016-01-01,2016-12-31,success,0,2026-08-06T09:08:28,
LITTD2,2017-01-01,2017-12-31,success,0,2026-08-06T09:08:29,
LITTD2,2018-01-01,2018-12-31,success,0,2026-08-06T09:08:29,
LITTD2,2019-01-01,2019-12-31,success,0,2026-08-06T09:08:29,
LITTD2,2020-01-01,2020-12-31,success,0,2026-08-06T09:08:29,
LITTD2,2021-01-01,2021-12-31,success,0,2026-08-06T09:08:29,
LITTD2,2022-01-01,2022-12-31,success,0,2026-08-06T09:08:30,
LITTD2,2023-01-01,2023-12-31,success,0,2026-08-06T09:08:30,
LITTD2,2024-01-01,2024-12-31,success,0,2026-08-06T09:08:30,
LITTD2,2025-01-01,2025-12-31,success,0,2026-08-06T09:08:30,
LITTD2,2026-01-01,2026-07-27,success,0,2026-08-06T09:08:30,
LITTD3,2015-01-01,2015-12-31,success,0,2026-08-06T09:08:31,
LITTD3,2016-01-01,2016-12-31,success,0,2026-08-06T09:08:31,
LITTD3,2017-01-01,2017-12-31,success,0,2026-08-06T09:08:31,
LITTD3,2018-01-01,2018-12-31,success,0,2026-08-06T09:08:31,
LITTD3,2019-01-01,2019-12-31,success,0,2026-08-06T09:08:31,
LITTD3,2020-01-01,2020-12-31,success,0,2026-08-06T09:08:32,
LITTD3,2021-01-01,2021-12-31,success,0,2026-08-06T09:08:32,
LITTD3,2022-01-01,2022-12-31,success,0,2026-08-06T09:08:32,
LITTD3,2023-01-01,2023-12-31,success,0,2026-08-06T09:08:32,
LITTD3,2024-01-01,2024-12-31,success,0,2026-08-06T09:08:32,
LITTD3,2025-01-01,2025-12-31,success,0,2026-08-06T09:08:32,
LITTD3,2026-01-01,2026-07-27,success,0,2026-08-06T09:08:33,
LNCSO-1,2015-01-01,2015-12-31,success,0,2026-08-06T09:08:33,
LNCSO-1,2016-01-01,2016-12-31,success,0,2026-08-06T09:08:33,
LNCSO-1,2017-01-01,2017-12-31,success,0,2026-08-06T09:08:33,
LNCSO-1,2018-01-01,2018-12-31,success,0,2026-08-06T09:08:33,
LNCSO-1,2019-01-01,2019-12-31,success,15985,2026-08-06T09:08:34,
LNCSO-1,2020-01-01,2020-12-31,success,17473,2026-08-06T09:08:35,
LNCSO-1,2021-01-01,2021-12-31,success,17473,2026-08-06T09:08:36,
LNCSO-1,2022-01-01,2022-12-31,success,17473,2026-08-06T09:08:37,
LNCSO-1,2023-01-01,2023-12-31,success,17473,2026-08-06T09:08:38,
LNCSO-1,2024-01-01,2024-12-31,success,17521,2026-08-06T09:08:38,
LNCSO-1,2025-01-01,2025-12-31,success,17473,2026-08-06T09:08:39,
LNCSO-1,2026-01-01,2026-07-27,success,9937,2026-08-06T09:08:39,
LNCSO-2,2015-01-01,2015-12-31,success,0,2026-08-06T09:08:40,
LNCSO-2,2016-01-01,2016-12-31,success,0,2026-08-06T09:08:40,
LNCSO-2,2017-01-01,2017-12-31,success,0,2026-08-06T09:08:40,
LNCSO-2,2018-01-01,2018-12-31,success,0,2026-08-06T09:08:40,
LNCSO-2,2019-01-01,2019-12-31,success,15985,2026-08-06T09:08:41,
LNCSO-2,2020-01-01,2020-12-31,success,17473,2026-08-06T09:08:41,
LNCSO-2,2021-01-01,2021-12-31,success,17473,2026-08-06T09:08:42,
LNCSO-2,2022-01-01,2022-12-31,success,17473,2026-08-06T09:08:43,
LNCSO-2,2023-01-01,2023-12-31,success,17473,2026-08-06T09:08:44,
LNCSO-2,2024-01-01,2024-12-31,success,17521,2026-08-06T09:08:44,
LNCSO-2,2025-01-01,2025-12-31,success,17473,2026-08-06T09:08:45,
LNCSO-2,2026-01-01,2026-07-27,success,9937,2026-08-06T09:08:45,
LNMTH-1,2015-01-01,2015-12-31,success,0,2026-08-06T09:08:45,
LNMTH-1,2016-01-01,2016-12-31,success,0,2026-08-06T09:08:45,
LNMTH-1,2017-01-01,2017-12-31,success,0,2026-08-06T09:08:46,
LNMTH-1,2018-01-01,2018-12-31,success,0,2026-08-06T09:08:46,
LNMTH-1,2019-01-01,2019-12-31,success,15985,2026-08-06T09:08:47,
LNMTH-1,2020-01-01,2020-12-31,success,17473,2026-08-06T09:08:47,
LNMTH-1,2021-01-01,2021-12-31,success,17473,2026-08-06T09:08:48,
LNMTH-1,2022-01-01,2022-12-31,success,17473,2026-08-06T09:08:48,
LNMTH-1,2023-01-01,2023-12-31,success,17473,2026-08-06T09:08:49,
LNMTH-1,2024-01-01,2024-12-31,success,17521,2026-08-06T09:08:49,
LNMTH-1,2025-01-01,2025-12-31,success,17473,2026-08-06T09:08:50,
LNMTH-1,2026-01-01,2026-07-27,success,9937,2026-08-06T09:08:50,
LNMTH-2,2015-01-01,2015-12-31,success,0,2026-08-06T09:08:51,
LNMTH-2,2016-01-01,2016-12-31,success,0,2026-08-06T09:08:51,
LNMTH-2,2017-01-01,2017-12-31,success,0,2026-08-06T09:08:51,
LNMTH-2,2018-01-01,2018-12-31,success,0,2026-08-06T09:08:51,
LNMTH-2,2019-01-01,2019-12-31,success,15985,2026-08-06T09:08:52,
LNMTH-2,2020-01-01,2020-12-31,success,17473,2026-08-06T09:08:52,
LNMTH-2,2021-01-01,2021-12-31,success,17473,2026-08-06T09:08:53,
LNMTH-2,2022-01-01,2022-12-31,success,17473,2026-08-06T09:08:53,
LNMTH-2,2023-01-01,2023-12-31,success,17473,2026-08-06T09:08:54,
LNMTH-2,2024-01-01,2024-12-31,success,17521,2026-08-06T09:08:55,
LNMTH-2,2025-01-01,2025-12-31,success,17473,2026-08-06T09:08:55,
LNMTH-2,2026-01-01,2026-07-27,success,9937,2026-08-06T09:08:56,
LNMTH-3,2015-01-01,2015-12-31,success,0,2026-08-06T09:08:56,
LNMTH-3,2016-01-01,2016-12-31,success,0,2026-08-06T09:08:56,
LNMTH-3,2017-01-01,2017-12-31,success,0,2026-08-06T09:08:56,
LNMTH-3,2018-01-01,2018-12-31,success,0,2026-08-06T09:08:57,
LNMTH-3,2019-01-01,2019-12-31,success,15985,2026-08-06T09:08:57,
LNMTH-3,2020-01-01,2020-12-31,success,17473,2026-08-06T09:08:58,
LNMTH-3,2021-01-01,2021-12-31,success,17473,2026-08-06T09:08:58,
LNMTH-3,2022-01-01,2022-12-31,success,17473,2026-08-06T09:08:59,
LNMTH-3,2023-01-01,2023-12-31,success,17473,2026-08-06T09:08:59,
LNMTH-3,2024-01-01,2024-12-31,success,17521,2026-08-06T09:09:00,
LNMTH-3,2025-01-01,2025-12-31,success,17473,2026-08-06T09:09:01,
LNMTH-3,2026-01-01,2026-07-27,success,9937,2026-08-06T09:09:01,
LOAN-1,2015-01-01,2015-12-31,success,0,2026-08-06T09:09:01,
LOAN-1,2016-01-01,2016-12-31,success,0,2026-08-06T09:09:01,
LOAN-1,2017-01-01,2017-12-31,success,0,2026-08-06T09:09:02,
LOAN-1,2018-01-01,2018-12-31,success,0,2026-08-06T09:09:02,
LOAN-1,2019-01-01,2019-12-31,success,0,2026-08-06T09:09:02,
LOAN-1,2020-01-01,2020-12-31,success,0,2026-08-06T09:09:02,
LOAN-1,2021-01-01,2021-12-31,success,0,2026-08-06T09:09:02,
LOAN-1,2022-01-01,2022-12-31,success,0,2026-08-06T09:09:03,
LOAN-1,2023-01-01,2023-12-31,success,0,2026-08-06T09:09:03,
LOAN-1,2024-01-01,2024-12-31,success,0,2026-08-06T09:09:03,
LOAN-1,2025-01-01,2025-12-31,success,0,2026-08-06T09:09:03,
LOAN-1,2026-01-01,2026-07-27,success,0,2026-08-06T09:09:03,
LOAN-2,2015-01-01,2015-12-31,success,0,2026-08-06T09:09:03,
LOAN-2,2016-01-01,2016-12-31,success,0,2026-08-06T09:09:04,
LOAN-2,2017-01-01,2017-12-31,success,0,2026-08-06T09:09:04,
LOAN-2,2018-01-01,2018-12-31,success,0,2026-08-06T09:09:04,
LOAN-2,2019-01-01,2019-12-31,success,0,2026-08-06T09:09:04,
LOAN-2,2020-01-01,2020-12-31,success,0,2026-08-06T09:09:04,
LOAN-2,2021-01-01,2021-12-31,success,0,2026-08-06T09:09:05,
LOAN-2,2022-01-01,2022-12-31,success,0,2026-08-06T09:09:05,
LOAN-2,2023-01-01,2023-12-31,success,0,2026-08-06T09:09:05,
LOAN-2,2024-01-01,2024-12-31,success,0,2026-08-06T09:09:05,
LOAN-2,2025-01-01,2025-12-31,success,0,2026-08-06T09:09:05,
LOAN-2,2026-01-01,2026-07-27,success,0,2026-08-06T09:09:05,
LOAN-3,2015-01-01,2015-12-31,success,0,2026-08-06T09:09:06,
LOAN-3,2016-01-01,2016-12-31,success,0,2026-08-06T09:09:06,
LOAN-3,2017-01-01,2017-12-31,success,0,2026-08-06T09:09:06,
LOAN-3,2018-01-01,2018-12-31,success,0,2026-08-06T09:09:06,
LOAN-3,2019-01-01,2019-12-31,success,0,2026-08-06T09:09:06,
LOAN-3,2020-01-01,2020-12-31,success,0,2026-08-06T09:09:07,
LOAN-3,2021-01-01,2021-12-31,success,0,2026-08-06T09:09:07,
LOAN-3,2022-01-01,2022-12-31,success,0,2026-08-06T09:09:07,
LOAN-3,2023-01-01,2023-12-31,success,0,2026-08-06T09:09:07,
LOAN-3,2024-01-01,2024-12-31,success,0,2026-08-06T09:09:07,
LOAN-3,2025-01-01,2025-12-31,success,0,2026-08-06T09:09:08,
LOAN-3,2026-01-01,2026-07-27,success,0,2026-08-06T09:09:08,
LOAN-4,2015-01-01,2015-12-31,success,0,2026-08-06T09:09:08,
LOAN-4,2016-01-01,2016-12-31,success,0,2026-08-06T09:09:08,
LOAN-4,2017-01-01,2017-12-31,success,0,2026-08-06T09:09:08,
LOAN-4,2018-01-01,2018-12-31,success,0,2026-08-06T09:09:09,
LOAN-4,2019-01-01,2019-12-31,success,0,2026-08-06T09:09:09,
LOAN-4,2020-01-01,2020-12-31,success,0,2026-08-06T09:09:09,
LOAN-4,2021-01-01,2021-12-31,success,0,2026-08-06T09:09:09,
LOAN-4,2022-01-01,2022-12-31,success,0,2026-08-06T09:09:09,
LOAN-4,2023-01-01,2023-12-31,success,0,2026-08-06T09:09:09,
LOAN-4,2024-01-01,2024-12-31,success,0,2026-08-06T09:09:10,
LOAN-4,2025-01-01,2025-12-31,success,0,2026-08-06T09:09:10,
LOAN-4,2026-01-01,2026-07-27,success,0,2026-08-06T09:09:10,
MARK-1,2015-01-01,2015-12-31,success,0,2026-08-06T09:09:10,
MARK-1,2016-01-01,2016-12-31,success,0,2026-08-06T09:09:10,
MARK-1,2017-01-01,2017-12-31,success,0,2026-08-06T09:09:11,
MARK-1,2018-01-01,2018-12-31,success,0,2026-08-06T09:09:11,
MARK-1,2019-01-01,2019-12-31,success,15985,2026-08-06T09:09:12,
MARK-1,2020-01-01,2020-12-31,success,17473,2026-08-06T09:09:12,
MARK-1,2021-01-01,2021-12-31,success,17473,2026-08-06T09:09:13,
MARK-1,2022-01-01,2022-12-31,success,17473,2026-08-06T09:09:14,
MARK-1,2023-01-01,2023-12-31,success,17473,2026-08-06T09:09:14,
MARK-1,2024-01-01,2024-12-31,success,17521,2026-08-06T09:09:15,
MARK-1,2025-01-01,2025-12-31,success,17473,2026-08-06T09:09:16,
MARK-1,2026-01-01,2026-07-27,success,9937,2026-08-06T09:09:16,
MARK-2,2015-01-01,2015-12-31,success,0,2026-08-06T09:09:16,
MARK-2,2016-01-01,2016-12-31,success,0,2026-08-06T09:09:16,
MARK-2,2017-01-01,2017-12-31,success,0,2026-08-06T09:09:16,
MARK-2,2018-01-01,2018-12-31,success,0,2026-08-06T09:09:17,
MARK-2,2019-01-01,2019-12-31,success,0,2026-08-06T09:09:17,
MARK-2,2020-01-01,2020-12-31,success,0,2026-08-06T09:09:17,
MARK-2,2021-01-01,2021-12-31,success,0,2026-08-06T09:09:17,
MARK-2,2022-01-01,2022-12-31,success,0,2026-08-06T09:09:17,
MARK-2,2023-01-01,2023-12-31,success,0,2026-08-06T09:09:18,
MARK-2,2024-01-01,2024-12-31,success,0,2026-08-06T09:09:18,
MARK-2,2025-01-01,2025-12-31,success,0,2026-08-06T09:09:18,
MARK-2,2026-01-01,2026-07-27,success,0,2026-08-06T09:09:18,
MDHLW-1,2015-01-01,2015-12-31,success,0,2026-08-06T09:09:18,
MDHLW-1,2016-01-01,2016-12-31,success,0,2026-08-06T09:09:19,
MDHLW-1,2017-01-01,2017-12-31,success,0,2026-08-06T09:09:19,
MDHLW-1,2018-01-01,2018-12-31,success,0,2026-08-06T09:09:19,
MDHLW-1,2019-01-01,2019-12-31,success,15985,2026-08-06T09:09:19,
MDHLW-1,2020-01-01,2020-12-31,success,17473,2026-08-06T09:09:20,
MDHLW-1,2021-01-01,2021-12-31,success,17473,2026-08-06T09:09:20,
MDHLW-1,2022-01-01,2022-12-31,success,17473,2026-08-06T09:09:21,
MDHLW-1,2023-01-01,2023-12-31,success,17473,2026-08-06T09:09:22,
MDHLW-1,2024-01-01,2024-12-31,success,17521,2026-08-06T09:09:22,
MDHLW-1,2025-01-01,2025-12-31,success,17473,2026-08-06T09:09:23,
MDHLW-1,2026-01-01,2026-07-27,success,9937,2026-08-06T09:09:23,
MEDP-1,2015-01-01,2015-12-31,success,0,2026-08-06T09:09:23,
MEDP-1,2016-01-01,2016-12-31,success,0,2026-08-06T09:09:23,
MEDP-1,2017-01-01,2017-12-31,success,0,2026-08-06T09:09:24,
MEDP-1,2018-01-01,2018-12-31,success,0,2026-08-06T09:09:24,
MEDP-1,2019-01-01,2019-12-31,success,15985,2026-08-06T09:09:24,
MEDP-1,2020-01-01,2020-12-31,success,17473,2026-08-06T09:09:25,
MEDP-1,2021-01-01,2021-12-31,success,17473,2026-08-06T09:09:25,
MEDP-1,2022-01-01,2022-12-31,success,17473,2026-08-06T09:09:26,
MEDP-1,2023-01-01,2023-12-31,success,17473,2026-08-06T09:09:26,
MEDP-1,2024-01-01,2024-12-31,success,17521,2026-08-06T09:09:27,
MEDP-1,2025-01-01,2025-12-31,success,17473,2026-08-06T09:09:28,
MEDP-1,2026-01-01,2026-07-27,success,9937,2026-08-06T09:09:28,
MIDMW-1,2015-01-01,2015-12-31,success,0,2026-08-06T09:09:28,
MIDMW-1,2016-01-01,2016-12-31,success,0,2026-08-06T09:09:28,
MIDMW-1,2017-01-01,2017-12-31,success,0,2026-08-06T09:09:28,
MIDMW-1,2018-01-01,2018-12-31,success,0,2026-08-06T09:09:29,
MIDMW-1,2019-01-01,2019-12-31,success,15985,2026-08-06T09:09:29,
MIDMW-1,2020-01-01,2020-12-31,success,17473,2026-08-06T09:09:30,
MIDMW-1,2021-01-01,2021-12-31,success,17473,2026-08-06T09:09:30,
MIDMW-1,2022-01-01,2022-12-31,success,17473,2026-08-06T09:09:31,
MIDMW-1,2023-01-01,2023-12-31,success,17473,2026-08-06T09:09:32,
MIDMW-1,2024-01-01,2024-12-31,success,17521,2026-08-06T09:09:32,
MIDMW-1,2025-01-01,2025-12-31,success,17473,2026-08-06T09:09:33,
MIDMW-1,2026-01-01,2026-07-27,success,9937,2026-08-06T09:09:33,
MILWW-1,2015-01-01,2015-12-31,success,0,2026-08-06T09:09:33,
MILWW-1,2016-01-01,2016-12-31,success,0,2026-08-06T09:09:34,
MILWW-1,2017-01-01,2017-12-31,success,0,2026-08-06T09:09:34,
MILWW-1,2018-01-01,2018-12-31,success,0,2026-08-06T09:09:34,
MILWW-1,2019-01-01,2019-12-31,success,15985,2026-08-06T09:09:35,
MILWW-1,2020-01-01,2020-12-31,success,17473,2026-08-06T09:09:35,
MILWW-1,2021-01-01,2021-12-31,success,17473,2026-08-06T09:09:36,
MILWW-1,2022-01-01,2022-12-31,success,17473,2026-08-06T09:09:37,
MILWW-1,2023-01-01,2023-12-31,success,17473,2026-08-06T09:09:37,
MILWW-1,2024-01-01,2024-12-31,success,17521,2026-08-06T09:09:38,
MILWW-1,2025-01-01,2025-12-31,success,17473,2026-08-06T09:09:39,
MILWW-1,2026-01-01,2026-07-27,success,9937,2026-08-06T09:09:39,
MINSW-1,2015-01-01,2015-12-31,success,0,2026-08-06T09:09:39,
MINSW-1,2016-01-01,2016-12-31,success,0,2026-08-06T09:09:39,
MINSW-1,2017-01-01,2017-12-31,success,0,2026-08-06T09:09:40,
MINSW-1,2018-01-01,2018-12-31,success,0,2026-08-06T09:09:40,
MINSW-1,2019-01-01,2019-12-31,success,15985,2026-08-06T09:09:40,
MINSW-1,2020-01-01,2020-12-31,success,17473,2026-08-06T09:09:41,
MINSW-1,2021-01-01,2021-12-31,success,17473,2026-08-06T09:09:41,
MINSW-1,2022-01-01,2022-12-31,success,17473,2026-08-06T09:09:42,
MINSW-1,2023-01-01,2023-12-31,success,17473,2026-08-06T09:09:43,
MINSW-1,2024-01-01,2024-12-31,success,17521,2026-08-06T09:09:43,
MINSW-1,2025-01-01,2025-12-31,success,17473,2026-08-06T09:09:44,
MINSW-1,2026-01-01,2026-07-27,success,9937,2026-08-06T09:09:45,
MKHLW-1,2015-01-01,2015-12-31,success,0,2026-08-06T09:09:45,
MKHLW-1,2016-01-01,2016-12-31,success,0,2026-08-06T09:09:45,
MKHLW-1,2017-01-01,2017-12-31,success,0,2026-08-06T09:09:45,
MKHLW-1,2018-01-01,2018-12-31,success,0,2026-08-06T09:09:45,
MKHLW-1,2019-01-01,2019-12-31,success,15985,2026-08-06T09:09:46,
MKHLW-1,2020-01-01,2020-12-31,success,17473,2026-08-06T09:09:47,
MKHLW-1,2021-01-01,2021-12-31,success,17473,2026-08-06T09:09:47,
MKHLW-1,2022-01-01,2022-12-31,success,17473,2026-08-06T09:09:48,
MKHLW-1,2023-01-01,2023-12-31,success,17473,2026-08-06T09:09:48,
MKHLW-1,2024-01-01,2024-12-31,success,17521,2026-08-06T09:09:49,
MKHLW-1,2025-01-01,2025-12-31,success,17473,2026-08-06T09:09:49,
MKHLW-1,2026-01-01,2026-07-27,success,9937,2026-08-06T09:09:50,
MNW-PGU02,2015-01-01,2015-12-31,success,0,2026-08-06T09:09:50,
MNW-PGU02,2016-01-01,2016-12-31,success,0,2026-08-06T09:09:50,
MNW-PGU02,2017-01-01,2017-12-31,success,0,2026-08-06T09:09:50,
MNW-PGU02,2018-01-01,2018-12-31,success,0,2026-08-06T09:09:51,
MNW-PGU02,2019-01-01,2019-12-31,success,0,2026-08-06T09:09:51,
MNW-PGU02,2020-01-01,2020-12-31,success,0,2026-08-06T09:09:51,
MNW-PGU02,2021-01-01,2021-12-31,success,0,2026-08-06T09:09:51,
MNW-PGU02,2022-01-01,2022-12-31,success,0,2026-08-06T09:09:51,
MNW-PGU02,2023-01-01,2023-12-31,success,0,2026-08-06T09:09:52,
MNW-PGU02,2024-01-01,2024-12-31,success,0,2026-08-06T09:09:52,
MNW-PGU02,2025-01-01,2025-12-31,success,0,2026-08-06T09:09:52,
MNW-PGU02,2026-01-01,2026-07-27,success,0,2026-08-06T09:09:52,
MOWEO-1,2015-01-01,2015-12-31,success,0,2026-08-06T09:09:52,
MOWEO-1,2016-01-01,2016-12-31,success,0,2026-08-06T09:09:52,
MOWEO-1,2017-01-01,2017-12-31,success,0,2026-08-06T09:09:53,
MOWEO-1,2018-01-01,2018-12-31,success,0,2026-08-06T09:09:53,
MOWEO-1,2019-01-01,2019-12-31,success,0,2026-08-06T09:09:53,
MOWEO-1,2020-01-01,2020-12-31,success,0,2026-08-06T09:09:53,
MOWEO-1,2021-01-01,2021-12-31,success,8931,2026-08-06T09:09:54,
MOWEO-1,2022-01-01,2022-12-31,success,17473,2026-08-06T09:09:54,
MOWEO-1,2023-01-01,2023-12-31,success,17473,2026-08-06T09:09:55,
MOWEO-1,2024-01-01,2024-12-31,success,17521,2026-08-06T09:09:56,
MOWEO-1,2025-01-01,2025-12-31,success,17473,2026-08-06T09:09:56,
MOWEO-1,2026-01-01,2026-07-27,success,9937,2026-08-06T09:09:57,
MOWEO-2,2015-01-01,2015-12-31,success,0,2026-08-06T09:09:57,
MOWEO-2,2016-01-01,2016-12-31,success,0,2026-08-06T09:09:57,
MOWEO-2,2017-01-01,2017-12-31,success,0,2026-08-06T09:09:57,
MOWEO-2,2018-01-01,2018-12-31,success,0,2026-08-06T09:09:57,
MOWEO-2,2019-01-01,2019-12-31,success,0,2026-08-06T09:09:58,
MOWEO-2,2020-01-01,2020-12-31,success,0,2026-08-06T09:09:58,
MOWEO-2,2021-01-01,2021-12-31,success,11139,2026-08-06T09:09:58,
MOWEO-2,2022-01-01,2022-12-31,success,17473,2026-08-06T09:09:59,
MOWEO-2,2023-01-01,2023-12-31,success,17473,2026-08-06T09:09:59,
MOWEO-2,2024-01-01,2024-12-31,success,17521,2026-08-06T09:10:00,
MOWEO-2,2025-01-01,2025-12-31,success,17473,2026-08-06T09:10:01,
MOWEO-2,2026-01-01,2026-07-27,success,9937,2026-08-06T09:10:01,
MOWEO-3,2015-01-01,2015-12-31,success,0,2026-08-06T09:10:01,
MOWEO-3,2016-01-01,2016-12-31,success,0,2026-08-06T09:10:02,
MOWEO-3,2017-01-01,2017-12-31,success,0,2026-08-06T09:10:02,
MOWEO-3,2018-01-01,2018-12-31,success,0,2026-08-06T09:10:02,
MOWEO-3,2019-01-01,2019-12-31,success,0,2026-08-06T09:10:02,
MOWEO-3,2020-01-01,2020-12-31,success,0,2026-08-06T09:10:02,
MOWEO-3,2021-01-01,2021-12-31,success,9555,2026-08-06T09:10:03,
MOWEO-3,2022-01-01,2022-12-31,success,17473,2026-08-06T09:10:03,
MOWEO-3,2023-01-01,2023-12-31,success,17473,2026-08-06T09:10:04,
MOWEO-3,2024-01-01,2024-12-31,success,17521,2026-08-06T09:10:05,
MOWEO-3,2025-01-01,2025-12-31,success,17473,2026-08-06T09:10:05,
MOWEO-3,2026-01-01,2026-07-27,success,9937,2026-08-06T09:10:06,
MOYEW-1,2015-01-01,2015-12-31,success,0,2026-08-06T09:10:06,
MOYEW-1,2016-01-01,2016-12-31,success,0,2026-08-06T09:10:06,
MOYEW-1,2017-01-01,2017-12-31,success,0,2026-08-06T09:10:06,
MOYEW-1,2018-01-01,2018-12-31,success,0,2026-08-06T09:10:06,
MOYEW-1,2019-01-01,2019-12-31,success,15985,2026-08-06T09:10:07,
MOYEW-1,2020-01-01,2020-12-31,success,17473,2026-08-06T09:10:08,
MOYEW-1,2021-01-01,2021-12-31,success,17473,2026-08-06T09:10:08,
MOYEW-1,2022-01-01,2022-12-31,success,17473,2026-08-06T09:10:09,
MOYEW-1,2023-01-01,2023-12-31,success,17473,2026-08-06T09:10:09,
MOYEW-1,2024-01-01,2024-12-31,success,17521,2026-08-06T09:10:10,
MOYEW-1,2025-01-01,2025-12-31,success,17473,2026-08-06T09:10:11,
MOYEW-1,2026-01-01,2026-07-27,success,9937,2026-08-06T09:10:11,
MRWD-1,2015-01-01,2015-12-31,success,0,2026-08-06T09:10:12,
MRWD-1,2016-01-01,2016-12-31,success,0,2026-08-06T09:10:13,
MRWD-1,2017-01-01,2017-12-31,success,0,2026-08-06T09:10:13,
MRWD-1,2018-01-01,2018-12-31,success,0,2026-08-06T09:10:13,
MRWD-1,2019-01-01,2019-12-31,success,15985,2026-08-06T09:10:14,
MRWD-1,2020-01-01,2020-12-31,success,17473,2026-08-06T09:10:15,
MRWD-1,2021-01-01,2021-12-31,success,17473,2026-08-06T09:10:16,
MRWD-1,2022-01-01,2022-12-31,success,17473,2026-08-06T09:10:16,
MRWD-1,2023-01-01,2023-12-31,success,17473,2026-08-06T09:10:17,
MRWD-1,2024-01-01,2024-12-31,success,17521,2026-08-06T09:10:17,
MRWD-1,2025-01-01,2025-12-31,success,17473,2026-08-06T09:10:18,
MRWD-1,2026-01-01,2026-07-27,success,9937,2026-08-06T09:10:18,
MYGPW-1,2015-01-01,2015-12-31,success,0,2026-08-06T09:10:18,
MYGPW-1,2016-01-01,2016-12-31,success,0,2026-08-06T09:10:19,
MYGPW-1,2017-01-01,2017-12-31,success,0,2026-08-06T09:10:19,
MYGPW-1,2018-01-01,2018-12-31,success,0,2026-08-06T09:10:19,
MYGPW-1,2019-01-01,2019-12-31,success,15985,2026-08-06T09:10:20,
MYGPW-1,2020-01-01,2020-12-31,success,17473,2026-08-06T09:10:20,
MYGPW-1,2021-01-01,2021-12-31,success,17473,2026-08-06T09:10:21,
MYGPW-1,2022-01-01,2022-12-31,success,17473,2026-08-06T09:10:21,
MYGPW-1,2023-01-01,2023-12-31,success,17473,2026-08-06T09:10:22,
MYGPW-1,2024-01-01,2024-12-31,success,17521,2026-08-06T09:10:23,
MYGPW-1,2025-01-01,2025-12-31,success,17473,2026-08-06T09:10:24,
MYGPW-1,2026-01-01,2026-07-27,success,9937,2026-08-06T09:10:24,
NANT-1,2015-01-01,2015-12-31,success,0,2026-08-06T09:10:24,
NANT-1,2016-01-01,2016-12-31,success,0,2026-08-06T09:10:24,
NANT-1,2017-01-01,2017-12-31,success,0,2026-08-06T09:10:24,
NANT-1,2018-01-01,2018-12-31,success,0,2026-08-06T09:10:25,
NANT-1,2019-01-01,2019-12-31,success,15985,2026-08-06T09:10:25,
NANT-1,2020-01-01,2020-12-31,success,17473,2026-08-06T09:10:26,
NANT-1,2021-01-01,2021-12-31,success,17473,2026-08-06T09:10:26,
NANT-1,2022-01-01,2022-12-31,success,17473,2026-08-06T09:10:27,
NANT-1,2023-01-01,2023-12-31,success,17473,2026-08-06T09:10:27,
NANT-1,2024-01-01,2024-12-31,success,17521,2026-08-06T09:10:28,
NANT-1,2025-01-01,2025-12-31,success,17473,2026-08-06T09:10:29,
NANT-1,2026-01-01,2026-07-27,success,9937,2026-08-06T09:10:29,
NOVAW-1,2015-01-01,2015-12-31,success,0,2026-08-06T09:10:29,
NOVAW-1,2016-01-01,2016-12-31,success,0,2026-08-06T09:10:29,
NOVAW-1,2017-01-01,2017-12-31,success,0,2026-08-06T09:10:29,
NOVAW-1,2018-01-01,2018-12-31,success,0,2026-08-06T09:10:30,
NOVAW-1,2019-01-01,2019-12-31,success,0,2026-08-06T09:10:30,
NOVAW-1,2020-01-01,2020-12-31,success,0,2026-08-06T09:10:30,
NOVAW-1,2021-01-01,2021-12-31,success,0,2026-08-06T09:10:30,
NOVAW-1,2022-01-01,2022-12-31,success,0,2026-08-06T09:10:30,
NOVAW-1,2023-01-01,2023-12-31,success,0,2026-08-06T09:10:31,
NOVAW-1,2024-01-01,2024-12-31,success,0,2026-08-06T09:10:31,
NOVAW-1,2025-01-01,2025-12-31,success,0,2026-08-06T09:10:31,
NOVAW-1,2026-01-01,2026-07-27,success,0,2026-08-06T09:10:31,
NOVAW-2,2015-01-01,2015-12-31,success,0,2026-08-06T09:10:31,
NOVAW-2,2016-01-01,2016-12-31,success,0,2026-08-06T09:10:32,
NOVAW-2,2017-01-01,2017-12-31,success,0,2026-08-06T09:10:32,
NOVAW-2,2018-01-01,2018-12-31,success,0,2026-08-06T09:10:32,
NOVAW-2,2019-01-01,2019-12-31,success,0,2026-08-06T09:10:32,
NOVAW-2,2020-01-01,2020-12-31,success,0,2026-08-06T09:10:32,
NOVAW-2,2021-01-01,2021-12-31,success,0,2026-08-06T09:10:33,
NOVAW-2,2022-01-01,2022-12-31,success,0,2026-08-06T09:10:33,
NOVAW-2,2023-01-01,2023-12-31,success,0,2026-08-06T09:10:33,
NOVAW-2,2024-01-01,2024-12-31,success,0,2026-08-06T09:10:33,
NOVAW-2,2025-01-01,2025-12-31,success,0,2026-08-06T09:10:33,
NOVAW-2,2026-01-01,2026-07-27,success,0,2026-08-06T09:10:34,
NSQYT-1,2015-01-01,2015-12-31,success,0,2026-08-06T09:10:34,
NSQYT-1,2016-01-01,2016-12-31,success,0,2026-08-06T09:10:34,
NSQYT-1,2017-01-01,2017-12-31,success,0,2026-08-06T09:10:34,
NSQYT-1,2018-01-01,2018-12-31,success,0,2026-08-06T09:10:34,
NSQYT-1,2019-01-01,2019-12-31,success,0,2026-08-06T09:10:34,
NSQYT-1,2020-01-01,2020-12-31,success,0,2026-08-06T09:10:35,
NSQYT-1,2021-01-01,2021-12-31,success,0,2026-08-06T09:10:35,
NSQYT-1,2022-01-01,2022-12-31,success,0,2026-08-06T09:10:35,
NSQYT-1,2023-01-01,2023-12-31,success,0,2026-08-06T09:10:35,
NSQYT-1,2024-01-01,2024-12-31,success,0,2026-08-06T09:10:35,
NSQYT-1,2025-01-01,2025-12-31,success,0,2026-08-06T09:10:36,
NSQYT-1,2026-01-01,2026-07-27,success,0,2026-08-06T09:10:36,
OMNDO-1,2015-01-01,2015-12-31,success,0,2026-08-06T09:10:36,
OMNDO-1,2016-01-01,2016-12-31,success,0,2026-08-06T09:10:36,
OMNDO-1,2017-01-01,2017-12-31,success,0,2026-08-06T09:10:36,
OMNDO-1,2018-01-01,2018-12-31,success,0,2026-08-06T09:10:37,
OMNDO-1,2019-01-01,2019-12-31,success,15985,2026-08-06T09:10:37,
OMNDO-1,2020-01-01,2020-12-31,success,17473,2026-08-06T09:10:38,
OMNDO-1,2021-01-01,2021-12-31,success,17473,2026-08-06T09:10:39,
OMNDO-1,2022-01-01,2022-12-31,success,17473,2026-08-06T09:10:39,
OMNDO-1,2023-01-01,2023-12-31,success,17473,2026-08-06T09:10:40,
OMNDO-1,2024-01-01,2024-12-31,success,17521,2026-08-06T09:10:41,
OMNDO-1,2025-01-01,2025-12-31,success,17473,2026-08-06T09:10:41,
OMNDO-1,2026-01-01,2026-07-27,success,9937,2026-08-06T09:10:42,
PAUHW-1,2015-01-01,2015-12-31,success,0,2026-08-06T09:10:42,
PAUHW-1,2016-01-01,2016-12-31,success,0,2026-08-06T09:10:42,
PAUHW-1,2017-01-01,2017-12-31,success,0,2026-08-06T09:10:42,
PAUHW-1,2018-01-01,2018-12-31,success,0,2026-08-06T09:10:42,
PAUHW-1,2019-01-01,2019-12-31,success,0,2026-08-06T09:10:43,
PAUHW-1,2020-01-01,2020-12-31,success,0,2026-08-06T09:10:43,
PAUHW-1,2021-01-01,2021-12-31,success,16609,2026-08-06T09:10:43,
PAUHW-1,2022-01-01,2022-12-31,success,17473,2026-08-06T09:10:44,
PAUHW-1,2023-01-01,2023-12-31,success,17473,2026-08-06T09:10:45,
PAUHW-1,2024-01-01,2024-12-31,success,17521,2026-08-06T09:10:45,
PAUHW-1,2025-01-01,2025-12-31,success,17473,2026-08-06T09:10:46,
PAUHW-1,2026-01-01,2026-07-27,success,9937,2026-08-06T09:10:46,
PEHE-1,2015-01-01,2015-12-31,success,0,2026-08-06T09:10:47,
PEHE-1,2016-01-01,2016-12-31,success,0,2026-08-06T09:10:47,
PEHE-1,2017-01-01,2017-12-31,success,0,2026-08-06T09:10:47,
PEHE-1,2018-01-01,2018-12-31,success,0,2026-08-06T09:10:47,
PEHE-1,2019-01-01,2019-12-31,success,15985,2026-08-06T09:10:48,
PEHE-1,2020-01-01,2020-12-31,success,17473,2026-08-06T09:10:48,
PEHE-1,2021-01-01,2021-12-31,success,17473,2026-08-06T09:10:50,
PEHE-1,2022-01-01,2022-12-31,success,17473,2026-08-06T09:10:50,
PEHE-1,2023-01-01,2023-12-31,success,17473,2026-08-06T09:10:51,
PEHE-1,2024-01-01,2024-12-31,success,17521,2026-08-06T09:10:51,
PEHE-1,2025-01-01,2025-12-31,success,17473,2026-08-06T09:10:52,
PEHE-1,2026-01-01,2026-07-27,success,9937,2026-08-06T09:10:52,
PEMB-11,2015-01-01,2015-12-31,success,0,2026-08-06T09:10:52,
PEMB-11,2016-01-01,2016-12-31,success,0,2026-08-06T09:10:53,
PEMB-11,2017-01-01,2017-12-31,success,0,2026-08-06T09:10:53,
PEMB-11,2018-01-01,2018-12-31,success,0,2026-08-06T09:10:53,
PEMB-11,2019-01-01,2019-12-31,success,15985,2026-08-06T09:10:54,
PEMB-11,2020-01-01,2020-12-31,success,17473,2026-08-06T09:10:54,
PEMB-11,2021-01-01,2021-12-31,success,17473,2026-08-06T09:10:55,
PEMB-11,2022-01-01,2022-12-31,success,17473,2026-08-06T09:10:55,
PEMB-11,2023-01-01,2023-12-31,success,17473,2026-08-06T09:10:56,
PEMB-11,2024-01-01,2024-12-31,success,17521,2026-08-06T09:10:56,
PEMB-11,2025-01-01,2025-12-31,success,17473,2026-08-06T09:10:57,
PEMB-11,2026-01-01,2026-07-27,success,9937,2026-08-06T09:10:57,
PEMB-21,2015-01-01,2015-12-31,success,0,2026-08-06T09:10:58,
PEMB-21,2016-01-01,2016-12-31,success,0,2026-08-06T09:10:58,
PEMB-21,2017-01-01,2017-12-31,success,0,2026-08-06T09:10:58,
PEMB-21,2018-01-01,2018-12-31,success,0,2026-08-06T09:10:58,
PEMB-21,2019-01-01,2019-12-31,success,15985,2026-08-06T09:10:59,
PEMB-21,2020-01-01,2020-12-31,success,17473,2026-08-06T09:11:00,
PEMB-21,2021-01-01,2021-12-31,success,17473,2026-08-06T09:11:00,
PEMB-21,2022-01-01,2022-12-31,success,17473,2026-08-06T09:11:01,
PEMB-21,2023-01-01,2023-12-31,success,17473,2026-08-06T09:11:02,
PEMB-21,2024-01-01,2024-12-31,success,17521,2026-08-06T09:11:02,
PEMB-21,2025-01-01,2025-12-31,success,17473,2026-08-06T09:11:03,
PEMB-21,2026-01-01,2026-07-27,success,9937,2026-08-06T09:11:03,
PEMB-31,2015-01-01,2015-12-31,success,0,2026-08-06T09:11:04,
PEMB-31,2016-01-01,2016-12-31,success,0,2026-08-06T09:11:04,
PEMB-31,2017-01-01,2017-12-31,success,0,2026-08-06T09:11:04,
PEMB-31,2018-01-01,2018-12-31,success,0,2026-08-06T09:11:04,
PEMB-31,2019-01-01,2019-12-31,success,15985,2026-08-06T09:11:05,
PEMB-31,2020-01-01,2020-12-31,success,17473,2026-08-06T09:11:05,
PEMB-31,2021-01-01,2021-12-31,success,17473,2026-08-06T09:11:06,
PEMB-31,2022-01-01,2022-12-31,success,17473,2026-08-06T09:11:07,
PEMB-31,2023-01-01,2023-12-31,success,17473,2026-08-06T09:11:07,
PEMB-31,2024-01-01,2024-12-31,success,17521,2026-08-06T09:11:08,
PEMB-31,2025-01-01,2025-12-31,success,17473,2026-08-06T09:11:08,
PEMB-31,2026-01-01,2026-07-27,success,9937,2026-08-06T09:11:09,
PEMB-41,2015-01-01,2015-12-31,success,0,2026-08-06T09:11:09,
PEMB-41,2016-01-01,2016-12-31,success,0,2026-08-06T09:11:09,
PEMB-41,2017-01-01,2017-12-31,success,0,2026-08-06T09:11:09,
PEMB-41,2018-01-01,2018-12-31,success,0,2026-08-06T09:11:10,
PEMB-41,2019-01-01,2019-12-31,success,15985,2026-08-06T09:11:10,
PEMB-41,2020-01-01,2020-12-31,success,17473,2026-08-06T09:11:11,
PEMB-41,2021-01-01,2021-12-31,success,17473,2026-08-06T09:11:12,
PEMB-41,2022-01-01,2022-12-31,success,17473,2026-08-06T09:11:12,
PEMB-41,2023-01-01,2023-12-31,success,17473,2026-08-06T09:11:13,
PEMB-41,2024-01-01,2024-12-31,success,17521,2026-08-06T09:11:13,
PEMB-41,2025-01-01,2025-12-31,success,17473,2026-08-06T09:11:14,
PEMB-41,2026-01-01,2026-07-27,success,9937,2026-08-06T09:11:14,
PEMB-51,2015-01-01,2015-12-31,success,0,2026-08-06T09:11:14,
PEMB-51,2016-01-01,2016-12-31,success,0,2026-08-06T09:11:15,
PEMB-51,2017-01-01,2017-12-31,success,0,2026-08-06T09:11:15,
PEMB-51,2018-01-01,2018-12-31,success,0,2026-08-06T09:11:15,
PEMB-51,2019-01-01,2019-12-31,success,15985,2026-08-06T09:11:16,
PEMB-51,2020-01-01,2020-12-31,success,17473,2026-08-06T09:11:16,
PEMB-51,2021-01-01,2021-12-31,success,17473,2026-08-06T09:11:17,
PEMB-51,2022-01-01,2022-12-31,success,17473,2026-08-06T09:11:17,
PEMB-51,2023-01-01,2023-12-31,success,17473,2026-08-06T09:11:18,
PEMB-51,2024-01-01,2024-12-31,success,17521,2026-08-06T09:11:19,
PEMB-51,2025-01-01,2025-12-31,success,17473,2026-08-06T09:11:19,
PEMB-51,2026-01-01,2026-07-27,success,9937,2026-08-06T09:11:19,
PETEM1,2015-01-01,2015-12-31,success,0,2026-08-06T09:11:20,
PETEM1,2016-01-01,2016-12-31,success,0,2026-08-06T09:11:20,
PETEM1,2017-01-01,2017-12-31,success,0,2026-08-06T09:11:20,
PETEM1,2018-01-01,2018-12-31,success,0,2026-08-06T09:11:20,
PETEM1,2019-01-01,2019-12-31,success,15985,2026-08-06T09:11:21,
PETEM1,2020-01-01,2020-12-31,success,17473,2026-08-06T09:11:21,
PETEM1,2021-01-01,2021-12-31,success,17473,2026-08-06T09:11:22,
PETEM1,2022-01-01,2022-12-31,success,17473,2026-08-06T09:11:22,
PETEM1,2023-01-01,2023-12-31,success,17473,2026-08-06T09:11:23,
PETEM1,2024-01-01,2024-12-31,success,17521,2026-08-06T09:11:23,
PETEM1,2025-01-01,2025-12-31,success,17473,2026-08-06T09:11:24,
PETEM1,2026-01-01,2026-07-27,success,9937,2026-08-06T09:11:24,
PGBIW-1,2015-01-01,2015-12-31,success,0,2026-08-06T09:11:25,
PGBIW-1,2016-01-01,2016-12-31,success,0,2026-08-06T09:11:25,
PGBIW-1,2017-01-01,2017-12-31,success,0,2026-08-06T09:11:25,
PGBIW-1,2018-01-01,2018-12-31,success,0,2026-08-06T09:11:25,
PGBIW-1,2019-01-01,2019-12-31,success,15985,2026-08-06T09:11:26,
PGBIW-1,2020-01-01,2020-12-31,success,17473,2026-08-06T09:11:26,
PGBIW-1,2021-01-01,2021-12-31,success,17473,2026-08-06T09:11:27,
PGBIW-1,2022-01-01,2022-12-31,success,17473,2026-08-06T09:11:27,
PGBIW-1,2023-01-01,2023-12-31,success,17473,2026-08-06T09:11:28,
PGBIW-1,2024-01-01,2024-12-31,success,17521,2026-08-06T09:11:29,
PGBIW-1,2025-01-01,2025-12-31,success,17473,2026-08-06T09:11:29,
PGBIW-1,2026-01-01,2026-07-27,success,9937,2026-08-06T09:11:29,
PNYCW-1,2015-01-01,2015-12-31,success,0,2026-08-06T09:11:30,
PNYCW-1,2016-01-01,2016-12-31,success,0,2026-08-06T09:11:30,
PNYCW-1,2017-01-01,2017-12-31,success,0,2026-08-06T09:11:30,
PNYCW-1,2018-01-01,2018-12-31,success,0,2026-08-06T09:11:30,
PNYCW-1,2019-01-01,2019-12-31,success,15985,2026-08-06T09:11:31,
PNYCW-1,2020-01-01,2020-12-31,success,17473,2026-08-06T09:11:31,
PNYCW-1,2021-01-01,2021-12-31,success,17473,2026-08-06T09:11:32,
PNYCW-1,2022-01-01,2022-12-31,success,17473,2026-08-06T09:11:33,
PNYCW-1,2023-01-01,2023-12-31,success,17473,2026-08-06T09:11:33,
PNYCW-1,2024-01-01,2024-12-31,success,17521,2026-08-06T09:11:34,
PNYCW-1,2025-01-01,2025-12-31,success,17473,2026-08-06T09:11:35,
PNYCW-1,2026-01-01,2026-07-27,success,9937,2026-08-06T09:11:35,
PTLDW-1,2015-01-01,2015-12-31,success,0,2026-08-06T09:11:35,
PTLDW-1,2016-01-01,2016-12-31,success,0,2026-08-06T09:11:36,
PTLDW-1,2017-01-01,2017-12-31,success,0,2026-08-06T09:11:36,
PTLDW-1,2018-01-01,2018-12-31,success,0,2026-08-06T09:11:36,
PTLDW-1,2019-01-01,2019-12-31,success,0,2026-08-06T09:11:36,
PTLDW-1,2020-01-01,2020-12-31,success,0,2026-08-06T09:11:36,
PTLDW-1,2021-01-01,2021-12-31,success,0,2026-08-06T09:11:37,
PTLDW-1,2022-01-01,2022-12-31,success,0,2026-08-06T09:11:37,
PTLDW-1,2023-01-01,2023-12-31,success,0,2026-08-06T09:11:37,
PTLDW-1,2024-01-01,2024-12-31,success,0,2026-08-06T09:11:37,
PTLDW-1,2025-01-01,2025-12-31,success,0,2026-08-06T09:11:37,
PTLDW-1,2026-01-01,2026-07-27,success,0,2026-08-06T09:11:37,
RANN-1,2015-01-01,2015-12-31,success,0,2026-08-06T09:11:38,
RANN-1,2016-01-01,2016-12-31,success,0,2026-08-06T09:11:38,
RANN-1,2017-01-01,2017-12-31,success,0,2026-08-06T09:11:38,
RANN-1,2018-01-01,2018-12-31,success,0,2026-08-06T09:11:38,
RANN-1,2019-01-01,2019-12-31,success,0,2026-08-06T09:11:38,
RANN-1,2020-01-01,2020-12-31,success,0,2026-08-06T09:11:39,
RANN-1,2021-01-01,2021-12-31,success,0,2026-08-06T09:11:39,
RANN-1,2022-01-01,2022-12-31,success,0,2026-08-06T09:11:39,
RANN-1,2023-01-01,2023-12-31,success,0,2026-08-06T09:11:39,
RANN-1,2024-01-01,2024-12-31,success,0,2026-08-06T09:11:39,
RANN-1,2025-01-01,2025-12-31,success,0,2026-08-06T09:11:39,
RANN-1,2026-01-01,2026-07-27,success,0,2026-08-06T09:11:40,
RANN-2,2015-01-01,2015-12-31,success,0,2026-08-06T09:11:40,
RANN-2,2016-01-01,2016-12-31,success,0,2026-08-06T09:11:40,
RANN-2,2017-01-01,2017-12-31,success,0,2026-08-06T09:11:40,
RANN-2,2018-01-01,2018-12-31,success,0,2026-08-06T09:11:40,
RANN-2,2019-01-01,2019-12-31,success,0,2026-08-06T09:11:41,
RANN-2,2020-01-01,2020-12-31,success,0,2026-08-06T09:11:41,
RANN-2,2021-01-01,2021-12-31,success,0,2026-08-06T09:11:41,
RANN-2,2022-01-01,2022-12-31,success,0,2026-08-06T09:11:41,
RANN-2,2023-01-01,2023-12-31,success,0,2026-08-06T09:11:41,
RANN-2,2024-01-01,2024-12-31,success,0,2026-08-06T09:11:41,
RANN-2,2025-01-01,2025-12-31,success,0,2026-08-06T09:11:42,
RANN-2,2026-01-01,2026-07-27,success,0,2026-08-06T09:11:42,
RANN-3,2015-01-01,2015-12-31,success,0,2026-08-06T09:11:42,
RANN-3,2016-01-01,2016-12-31,success,0,2026-08-06T09:11:42,
RANN-3,2017-01-01,2017-12-31,success,0,2026-08-06T09:11:42,
RANN-3,2018-01-01,2018-12-31,success,0,2026-08-06T09:11:43,
RANN-3,2019-01-01,2019-12-31,success,0,2026-08-06T09:11:43,
RANN-3,2020-01-01,2020-12-31,success,0,2026-08-06T09:11:43,
RANN-3,2021-01-01,2021-12-31,success,0,2026-08-06T09:11:43,
RANN-3,2022-01-01,2022-12-31,success,0,2026-08-06T09:11:43,
RANN-3,2023-01-01,2023-12-31,success,0,2026-08-06T09:11:44,
RANN-3,2024-01-01,2024-12-31,success,0,2026-08-06T09:11:44,
RANN-3,2025-01-01,2025-12-31,success,0,2026-08-06T09:11:44,
RANN-3,2026-01-01,2026-07-27,success,0,2026-08-06T09:11:44,
RATS-1,2015-01-01,2015-12-31,success,0,2026-08-06T09:11:44,
RATS-1,2016-01-01,2016-12-31,success,0,2026-08-06T09:11:44,
RATS-1,2017-01-01,2017-12-31,success,0,2026-08-06T09:11:45,
RATS-1,2018-01-01,2018-12-31,success,0,2026-08-06T09:11:45,
RATS-1,2019-01-01,2019-12-31,success,15985,2026-08-06T09:11:45,
RATS-1,2020-01-01,2020-12-31,success,17473,2026-08-06T09:11:46,
RATS-1,2021-01-01,2021-12-31,success,17473,2026-08-06T09:11:47,
RATS-1,2022-01-01,2022-12-31,success,17473,2026-08-06T09:11:47,
RATS-1,2023-01-01,2023-12-31,success,17473,2026-08-06T09:11:48,
RATS-1,2024-01-01,2024-12-31,success,17521,2026-08-06T09:11:48,
RATS-1,2025-01-01,2025-12-31,success,17473,2026-08-06T09:11:49,
RATS-1,2026-01-01,2026-07-27,success,9937,2026-08-06T09:11:49,
RATS-2,2015-01-01,2015-12-31,success,0,2026-08-06T09:11:49,
RATS-2,2016-01-01,2016-12-31,success,0,2026-08-06T09:11:50,
RATS-2,2017-01-01,2017-12-31,success,0,2026-08-06T09:11:50,
RATS-2,2018-01-01,2018-12-31,success,0,2026-08-06T09:11:50,
RATS-2,2019-01-01,2019-12-31,success,15985,2026-08-06T09:11:51,
RATS-2,2020-01-01,2020-12-31,success,17473,2026-08-06T09:11:51,
RATS-2,2021-01-01,2021-12-31,success,17473,2026-08-06T09:11:52,
RATS-2,2022-01-01,2022-12-31,success,17473,2026-08-06T09:11:52,
RATS-2,2023-01-01,2023-12-31,success,17473,2026-08-06T09:11:53,
RATS-2,2024-01-01,2024-12-31,success,17521,2026-08-06T09:11:53,
RATS-2,2025-01-01,2025-12-31,success,17473,2026-08-06T09:11:54,
RATS-2,2026-01-01,2026-07-27,success,9937,2026-08-06T09:11:54,
RATS-3,2015-01-01,2015-12-31,success,0,2026-08-06T09:11:55,
RATS-3,2016-01-01,2016-12-31,success,0,2026-08-06T09:11:55,
RATS-3,2017-01-01,2017-12-31,success,0,2026-08-06T09:11:55,
RATS-3,2018-01-01,2018-12-31,success,0,2026-08-06T09:11:55,
RATS-3,2019-01-01,2019-12-31,success,15985,2026-08-06T09:11:56,
RATS-3,2020-01-01,2020-12-31,success,17473,2026-08-06T09:11:57,
RATS-3,2021-01-01,2021-12-31,success,17473,2026-08-06T09:11:57,
RATS-3,2022-01-01,2022-12-31,success,17473,2026-08-06T09:11:58,
RATS-3,2023-01-01,2023-12-31,success,17473,2026-08-06T09:11:58,
RATS-3,2024-01-01,2024-12-31,success,17521,2026-08-06T09:11:59,
RATS-3,2025-01-01,2025-12-31,success,17473,2026-08-06T09:12:00,
RATS-3,2026-01-01,2026-07-27,success,9937,2026-08-06T09:12:00,
RATS-4,2015-01-01,2015-12-31,success,0,2026-08-06T09:12:00,
RATS-4,2016-01-01,2016-12-31,success,0,2026-08-06T09:12:00,
RATS-4,2017-01-01,2017-12-31,success,0,2026-08-06T09:12:01,
RATS-4,2018-01-01,2018-12-31,success,0,2026-08-06T09:12:01,
RATS-4,2019-01-01,2019-12-31,success,15985,2026-08-06T09:12:01,
RATS-4,2020-01-01,2020-12-31,success,17473,2026-08-06T09:12:02,
RATS-4,2021-01-01,2021-12-31,success,17473,2026-08-06T09:12:03,
RATS-4,2022-01-01,2022-12-31,success,17473,2026-08-06T09:12:03,
RATS-4,2023-01-01,2023-12-31,success,17473,2026-08-06T09:12:04,
RATS-4,2024-01-01,2024-12-31,success,17521,2026-08-06T09:12:04,
RATS-4,2025-01-01,2025-12-31,success,17473,2026-08-06T09:12:05,
RATS-4,2026-01-01,2026-07-27,success,9937,2026-08-06T09:12:05,
RATSGT-2,2015-01-01,2015-12-31,success,0,2026-08-06T09:12:05,
RATSGT-2,2016-01-01,2016-12-31,success,0,2026-08-06T09:12:05,
RATSGT-2,2017-01-01,2017-12-31,success,0,2026-08-06T09:12:06,
RATSGT-2,2018-01-01,2018-12-31,success,0,2026-08-06T09:12:06,
RATSGT-2,2019-01-01,2019-12-31,success,15985,2026-08-06T09:12:06,
RATSGT-2,2020-01-01,2020-12-31,success,17473,2026-08-06T09:12:07,
RATSGT-2,2021-01-01,2021-12-31,success,17473,2026-08-06T09:12:09,
RATSGT-2,2022-01-01,2022-12-31,success,17473,2026-08-06T09:12:11,
RATSGT-2,2023-01-01,2023-12-31,success,17473,2026-08-06T09:12:12,
RATSGT-2,2024-01-01,2024-12-31,success,17521,2026-08-06T09:12:14,
RATSGT-2,2025-01-01,2025-12-31,success,17473,2026-08-06T09:12:17,
RATSGT-2,2026-01-01,2026-07-27,success,9937,2026-08-06T09:12:17,
RATSGT-4,2015-01-01,2015-12-31,success,0,2026-08-06T09:12:18,
RATSGT-4,2016-01-01,2016-12-31,success,0,2026-08-06T09:12:18,
RATSGT-4,2017-01-01,2017-12-31,success,0,2026-08-06T09:12:18,
RATSGT-4,2018-01-01,2018-12-31,success,0,2026-08-06T09:12:18,
RATSGT-4,2019-01-01,2019-12-31,success,15985,2026-08-06T09:12:19,
RATSGT-4,2020-01-01,2020-12-31,success,17473,2026-08-06T09:12:19,
RATSGT-4,2021-01-01,2021-12-31,success,17473,2026-08-06T09:12:20,
RATSGT-4,2022-01-01,2022-12-31,success,17473,2026-08-06T09:12:21,
RATSGT-4,2023-01-01,2023-12-31,success,17473,2026-08-06T09:12:21,
RATSGT-4,2024-01-01,2024-12-31,success,17521,2026-08-06T09:12:22,
RATSGT-4,2025-01-01,2025-12-31,success,17473,2026-08-06T09:12:22,
RATSGT-4,2026-01-01,2026-07-27,success,9937,2026-08-06T09:12:23,
RCBKO-1,2015-01-01,2015-12-31,success,0,2026-08-06T09:12:23,
RCBKO-1,2016-01-01,2016-12-31,success,0,2026-08-06T09:12:23,
RCBKO-1,2017-01-01,2017-12-31,success,0,2026-08-06T09:12:23,
RCBKO-1,2018-01-01,2018-12-31,success,0,2026-08-06T09:12:23,
RCBKO-1,2019-01-01,2019-12-31,success,15985,2026-08-06T09:12:24,
RCBKO-1,2020-01-01,2020-12-31,success,17473,2026-08-06T09:12:24,
RCBKO-1,2021-01-01,2021-12-31,success,17473,2026-08-06T09:12:25,
RCBKO-1,2022-01-01,2022-12-31,success,17473,2026-08-06T09:12:26,
RCBKO-1,2023-01-01,2023-12-31,success,17473,2026-08-06T09:12:26,
RCBKO-1,2024-01-01,2024-12-31,success,17521,2026-08-06T09:12:27,
RCBKO-1,2025-01-01,2025-12-31,success,17473,2026-08-06T09:12:27,
RCBKO-1,2026-01-01,2026-07-27,success,9937,2026-08-06T09:12:28,
RCBKO-2,2015-01-01,2015-12-31,success,0,2026-08-06T09:12:28,
RCBKO-2,2016-01-01,2016-12-31,success,0,2026-08-06T09:12:28,
RCBKO-2,2017-01-01,2017-12-31,success,0,2026-08-06T09:12:28,
RCBKO-2,2018-01-01,2018-12-31,success,0,2026-08-06T09:12:28,
RCBKO-2,2019-01-01,2019-12-31,success,15985,2026-08-06T09:12:29,
RCBKO-2,2020-01-01,2020-12-31,success,17473,2026-08-06T09:12:29,
RCBKO-2,2021-01-01,2021-12-31,success,17473,2026-08-06T09:12:30,
RCBKO-2,2022-01-01,2022-12-31,success,17473,2026-08-06T09:12:31,
RCBKO-2,2023-01-01,2023-12-31,success,17473,2026-08-06T09:12:31,
RCBKO-2,2024-01-01,2024-12-31,success,17521,2026-08-06T09:12:32,
RCBKO-2,2025-01-01,2025-12-31,success,17473,2026-08-06T09:12:32,
RCBKO-2,2026-01-01,2026-07-27,success,9937,2026-08-06T09:12:33,
REDGT-1,2015-01-01,2015-12-31,success,0,2026-08-06T09:12:33,
REDGT-1,2016-01-01,2016-12-31,success,0,2026-08-06T09:12:33,
REDGT-1,2017-01-01,2017-12-31,success,0,2026-08-06T09:12:33,
REDGT-1,2018-01-01,2018-12-31,success,0,2026-08-06T09:12:33,
REDGT-1,2019-01-01,2019-12-31,success,0,2026-08-06T09:12:34,
REDGT-1,2020-01-01,2020-12-31,success,0,2026-08-06T09:12:34,
REDGT-1,2021-01-01,2021-12-31,success,0,2026-08-06T09:12:34,
REDGT-1,2022-01-01,2022-12-31,success,0,2026-08-06T09:12:34,
REDGT-1,2023-01-01,2023-12-31,success,0,2026-08-06T09:12:34,
REDGT-1,2024-01-01,2024-12-31,success,0,2026-08-06T09:12:35,
REDGT-1,2025-01-01,2025-12-31,success,0,2026-08-06T09:12:35,
REDGT-1,2026-01-01,2026-07-27,success,0,2026-08-06T09:12:35,
RMPNO-1,2015-01-01,2015-12-31,success,0,2026-08-06T09:12:35,
RMPNO-1,2016-01-01,2016-12-31,success,0,2026-08-06T09:12:35,
RMPNO-1,2017-01-01,2017-12-31,success,0,2026-08-06T09:12:35,
RMPNO-1,2018-01-01,2018-12-31,success,0,2026-08-06T09:12:36,
RMPNO-1,2019-01-01,2019-12-31,success,15985,2026-08-06T09:12:36,
RMPNO-1,2020-01-01,2020-12-31,success,17473,2026-08-06T09:12:37,
RMPNO-1,2021-01-01,2021-12-31,success,17473,2026-08-06T09:12:38,
RMPNO-1,2022-01-01,2022-12-31,success,17473,2026-08-06T09:12:38,
RMPNO-1,2023-01-01,2023-12-31,success,17473,2026-08-06T09:12:39,
RMPNO-1,2024-01-01,2024-12-31,success,17521,2026-08-06T09:12:40,
RMPNO-1,2025-01-01,2025-12-31,success,17473,2026-08-06T09:12:40,
RMPNO-1,2026-01-01,2026-07-27,success,9937,2026-08-06T09:12:41,
RMPNO-2,2015-01-01,2015-12-31,success,0,2026-08-06T09:12:41,
RMPNO-2,2016-01-01,2016-12-31,success,0,2026-08-06T09:12:41,
RMPNO-2,2017-01-01,2017-12-31,success,0,2026-08-06T09:12:41,
RMPNO-2,2018-01-01,2018-12-31,success,0,2026-08-06T09:12:42,
RMPNO-2,2019-01-01,2019-12-31,success,15985,2026-08-06T09:12:42,
RMPNO-2,2020-01-01,2020-12-31,success,17473,2026-08-06T09:12:43,
RMPNO-2,2021-01-01,2021-12-31,success,17473,2026-08-06T09:12:44,
RMPNO-2,2022-01-01,2022-12-31,success,17473,2026-08-06T09:12:45,
RMPNO-2,2023-01-01,2023-12-31,success,17473,2026-08-06T09:12:46,
RMPNO-2,2024-01-01,2024-12-31,success,17521,2026-08-06T09:12:47,
RMPNO-2,2025-01-01,2025-12-31,success,17473,2026-08-06T09:12:48,
RMPNO-2,2026-01-01,2026-07-27,success,9937,2026-08-06T09:12:48,
ROCK-1,2015-01-01,2015-12-31,success,0,2026-08-06T09:12:48,
ROCK-1,2016-01-01,2016-12-31,success,0,2026-08-06T09:12:48,
ROCK-1,2017-01-01,2017-12-31,success,0,2026-08-06T09:12:49,
ROCK-1,2018-01-01,2018-12-31,success,0,2026-08-06T09:12:49,
ROCK-1,2019-01-01,2019-12-31,success,15985,2026-08-06T09:12:49,
ROCK-1,2020-01-01,2020-12-31,success,17473,2026-08-06T09:12:50,
ROCK-1,2021-01-01,2021-12-31,success,17473,2026-08-06T09:12:50,
ROCK-1,2022-01-01,2022-12-31,success,17473,2026-08-06T09:12:51,
ROCK-1,2023-01-01,2023-12-31,success,17473,2026-08-06T09:12:52,
ROCK-1,2024-01-01,2024-12-31,success,17521,2026-08-06T09:12:52,
ROCK-1,2025-01-01,2025-12-31,success,17473,2026-08-06T09:12:53,
ROCK-1,2026-01-01,2026-07-27,success,9937,2026-08-06T09:12:53,
ROOS-1,2015-01-01,2015-12-31,success,0,2026-08-06T09:12:54,
ROOS-1,2016-01-01,2016-12-31,success,0,2026-08-06T09:12:54,
ROOS-1,2017-01-01,2017-12-31,success,0,2026-08-06T09:12:54,
ROOS-1,2018-01-01,2018-12-31,success,0,2026-08-06T09:12:54,
ROOS-1,2019-01-01,2019-12-31,success,0,2026-08-06T09:12:54,
ROOS-1,2020-01-01,2020-12-31,success,0,2026-08-06T09:12:54,
ROOS-1,2021-01-01,2021-12-31,success,0,2026-08-06T09:12:55,
ROOS-1,2022-01-01,2022-12-31,success,0,2026-08-06T09:12:55,
ROOS-1,2023-01-01,2023-12-31,success,0,2026-08-06T09:12:55,
ROOS-1,2024-01-01,2024-12-31,success,0,2026-08-06T09:12:55,
ROOS-1,2025-01-01,2025-12-31,success,0,2026-08-06T09:12:55,
ROOS-1,2026-01-01,2026-07-27,success,0,2026-08-06T09:12:56,
RREW-1,2015-01-01,2015-12-31,success,0,2026-08-06T09:12:56,
RREW-1,2016-01-01,2016-12-31,success,0,2026-08-06T09:12:56,
RREW-1,2017-01-01,2017-12-31,success,0,2026-08-06T09:12:56,
RREW-1,2018-01-01,2018-12-31,success,0,2026-08-06T09:12:56,
RREW-1,2019-01-01,2019-12-31,success,15985,2026-08-06T09:12:57,
RREW-1,2020-01-01,2020-12-31,success,17473,2026-08-06T09:12:58,
RREW-1,2021-01-01,2021-12-31,success,17473,2026-08-06T09:12:58,
RREW-1,2022-01-01,2022-12-31,success,17473,2026-08-06T09:12:59,
RREW-1,2023-01-01,2023-12-31,success,17473,2026-08-06T09:12:59,
RREW-1,2024-01-01,2024-12-31,success,17521,2026-08-06T09:13:00,
RREW-1,2025-01-01,2025-12-31,success,17473,2026-08-06T09:13:00,
RREW-1,2026-01-01,2026-07-27,success,9937,2026-08-06T09:13:01,
RRWW-1,2015-01-01,2015-12-31,success,0,2026-08-06T09:13:01,
RRWW-1,2016-01-01,2016-12-31,success,0,2026-08-06T09:13:01,
RRWW-1,2017-01-01,2017-12-31,success,0,2026-08-06T09:13:01,
RRWW-1,2018-01-01,2018-12-31,success,0,2026-08-06T09:13:02,
RRWW-1,2019-01-01,2019-12-31,success,15985,2026-08-06T09:13:02,
RRWW-1,2020-01-01,2020-12-31,success,17473,2026-08-06T09:13:03,
RRWW-1,2021-01-01,2021-12-31,success,17473,2026-08-06T09:13:03,
RRWW-1,2022-01-01,2022-12-31,success,17473,2026-08-06T09:13:04,
RRWW-1,2023-01-01,2023-12-31,success,17473,2026-08-06T09:13:04,
RRWW-1,2024-01-01,2024-12-31,success,17521,2026-08-06T09:13:05,
RRWW-1,2025-01-01,2025-12-31,success,17473,2026-08-06T09:13:06,
RRWW-1,2026-01-01,2026-07-27,success,9937,2026-08-06T09:13:06,
RSHLW-1,2015-01-01,2015-12-31,success,0,2026-08-06T09:13:06,
RSHLW-1,2016-01-01,2016-12-31,success,0,2026-08-06T09:13:07,
RSHLW-1,2017-01-01,2017-12-31,success,0,2026-08-06T09:13:07,
RSHLW-1,2018-01-01,2018-12-31,success,0,2026-08-06T09:13:07,
RSHLW-1,2019-01-01,2019-12-31,success,0,2026-08-06T09:13:07,
RSHLW-1,2020-01-01,2020-12-31,success,0,2026-08-06T09:13:07,
RSHLW-1,2021-01-01,2021-12-31,success,0,2026-08-06T09:13:08,
RSHLW-1,2022-01-01,2022-12-31,success,15265,2026-08-06T09:13:08,
RSHLW-1,2023-01-01,2023-12-31,success,17473,2026-08-06T09:13:09,
RSHLW-1,2024-01-01,2024-12-31,success,17521,2026-08-06T09:13:09,
RSHLW-1,2025-01-01,2025-12-31,success,17473,2026-08-06T09:13:10,
RSHLW-1,2026-01-01,2026-07-27,success,9937,2026-08-06T09:13:10,
RUGGT-6,2015-01-01,2015-12-31,success,0,2026-08-06T09:13:11,
RUGGT-6,2016-01-01,2016-12-31,success,0,2026-08-06T09:13:11,
RUGGT-6,2017-01-01,2017-12-31,success,0,2026-08-06T09:13:11,
RUGGT-6,2018-01-01,2018-12-31,success,0,2026-08-06T09:13:11,
RUGGT-6,2019-01-01,2019-12-31,success,15985,2026-08-06T09:13:12,
RUGGT-6,2020-01-01,2020-12-31,success,17473,2026-08-06T09:13:12,
RUGGT-6,2021-01-01,2021-12-31,success,17473,2026-08-06T09:13:13,
RUGGT-6,2022-01-01,2022-12-31,success,17473,2026-08-06T09:13:14,
RUGGT-6,2023-01-01,2023-12-31,success,16416,2026-08-06T09:13:14,
RUGGT-6,2024-01-01,2024-12-31,success,0,2026-08-06T09:13:14,
RUGGT-6,2025-01-01,2025-12-31,success,0,2026-08-06T09:13:15,
RUGGT-6,2026-01-01,2026-07-27,success,0,2026-08-06T09:13:15,
RUGGT-7,2015-01-01,2015-12-31,success,0,2026-08-06T09:13:15,
RUGGT-7,2016-01-01,2016-12-31,success,0,2026-08-06T09:13:15,
RUGGT-7,2017-01-01,2017-12-31,success,0,2026-08-06T09:13:15,
RUGGT-7,2018-01-01,2018-12-31,success,0,2026-08-06T09:13:15,
RUGGT-7,2019-01-01,2019-12-31,success,15985,2026-08-06T09:13:16,
RUGGT-7,2020-01-01,2020-12-31,success,17473,2026-08-06T09:13:17,
RUGGT-7,2021-01-01,2021-12-31,success,17473,2026-08-06T09:13:17,
RUGGT-7,2022-01-01,2022-12-31,success,17473,2026-08-06T09:13:18,
RUGGT-7,2023-01-01,2023-12-31,success,16416,2026-08-06T09:13:18,
RUGGT-7,2024-01-01,2024-12-31,success,0,2026-08-06T09:13:19,
RUGGT-7,2025-01-01,2025-12-31,success,0,2026-08-06T09:13:19,
RUGGT-7,2026-01-01,2026-07-27,success,0,2026-08-06T09:13:19,
RUGPS-6,2015-01-01,2015-12-31,success,0,2026-08-06T09:13:19,
RUGPS-6,2016-01-01,2016-12-31,success,0,2026-08-06T09:13:19,
RUGPS-6,2017-01-01,2017-12-31,success,0,2026-08-06T09:13:20,
RUGPS-6,2018-01-01,2018-12-31,success,0,2026-08-06T09:13:20,
RUGPS-6,2019-01-01,2019-12-31,success,15985,2026-08-06T09:13:20,
RUGPS-6,2020-01-01,2020-12-31,success,17473,2026-08-06T09:13:21,
RUGPS-6,2021-01-01,2021-12-31,success,17473,2026-08-06T09:13:22,
RUGPS-6,2022-01-01,2022-12-31,success,17473,2026-08-06T09:13:22,
RUGPS-6,2023-01-01,2023-12-31,success,16416,2026-08-06T09:13:23,
RUGPS-6,2024-01-01,2024-12-31,success,0,2026-08-06T09:13:23,
RUGPS-6,2025-01-01,2025-12-31,success,0,2026-08-06T09:13:23,
RUGPS-6,2026-01-01,2026-07-27,success,0,2026-08-06T09:13:23,
RUGPS-7,2015-01-01,2015-12-31,success,0,2026-08-06T09:13:24,
RUGPS-7,2016-01-01,2016-12-31,success,0,2026-08-06T09:13:24,
RUGPS-7,2017-01-01,2017-12-31,success,0,2026-08-06T09:13:24,
RUGPS-7,2018-01-01,2018-12-31,success,0,2026-08-06T09:13:24,
RUGPS-7,2019-01-01,2019-12-31,success,15985,2026-08-06T09:13:25,
RUGPS-7,2020-01-01,2020-12-31,success,17473,2026-08-06T09:13:25,
RUGPS-7,2021-01-01,2021-12-31,success,17473,2026-08-06T09:13:26,
RUGPS-7,2022-01-01,2022-12-31,success,17473,2026-08-06T09:13:26,
RUGPS-7,2023-01-01,2023-12-31,success,16416,2026-08-06T09:13:27,
RUGPS-7,2024-01-01,2024-12-31,success,0,2026-08-06T09:13:27,
RUGPS-7,2025-01-01,2025-12-31,success,0,2026-08-06T09:13:27,
RUGPS-7,2026-01-01,2026-07-27,success,0,2026-08-06T09:13:27,
RYHPS-1,2015-01-01,2015-12-31,success,0,2026-08-06T09:13:28,
RYHPS-1,2016-01-01,2016-12-31,success,0,2026-08-06T09:13:28,
RYHPS-1,2017-01-01,2017-12-31,success,0,2026-08-06T09:13:28,
RYHPS-1,2018-01-01,2018-12-31,success,0,2026-08-06T09:13:28,
RYHPS-1,2019-01-01,2019-12-31,success,15985,2026-08-06T09:13:29,
RYHPS-1,2020-01-01,2020-12-31,success,17473,2026-08-06T09:13:29,
RYHPS-1,2021-01-01,2021-12-31,success,17473,2026-08-06T09:13:30,
RYHPS-1,2022-01-01,2022-12-31,success,17473,2026-08-06T09:13:31,
RYHPS-1,2023-01-01,2023-12-31,success,17473,2026-08-06T09:13:31,
RYHPS-1,2024-01-01,2024-12-31,success,17521,2026-08-06T09:13:32,
RYHPS-1,2025-01-01,2025-12-31,success,17473,2026-08-06T09:13:33,
RYHPS-1,2026-01-01,2026-07-27,success,9937,2026-08-06T09:13:33,
SANQW-1,2015-01-01,2015-12-31,success,0,2026-08-06T09:13:34,
SANQW-1,2016-01-01,2016-12-31,success,0,2026-08-06T09:13:34,
SANQW-1,2017-01-01,2017-12-31,success,0,2026-08-06T09:13:34,
SANQW-1,2018-01-01,2018-12-31,success,0,2026-08-06T09:13:34,
SANQW-1,2019-01-01,2019-12-31,success,15985,2026-08-06T09:13:35,
SANQW-1,2020-01-01,2020-12-31,success,17473,2026-08-06T09:13:36,
SANQW-1,2021-01-01,2021-12-31,success,17473,2026-08-06T09:13:36,
SANQW-1,2022-01-01,2022-12-31,success,17473,2026-08-06T09:13:37,
SANQW-1,2023-01-01,2023-12-31,success,17473,2026-08-06T09:13:38,
SANQW-1,2024-01-01,2024-12-31,success,17521,2026-08-06T09:13:38,
SANQW-1,2025-01-01,2025-12-31,success,17473,2026-08-06T09:13:39,
SANQW-1,2026-01-01,2026-07-27,success,9937,2026-08-06T09:13:39,
SCCL-1,2015-01-01,2015-12-31,success,0,2026-08-06T09:13:40,
SCCL-1,2016-01-01,2016-12-31,success,0,2026-08-06T09:13:40,
SCCL-1,2017-01-01,2017-12-31,success,0,2026-08-06T09:13:40,
SCCL-1,2018-01-01,2018-12-31,success,0,2026-08-06T09:13:40,
SCCL-1,2019-01-01,2019-12-31,success,15985,2026-08-06T09:13:41,
SCCL-1,2020-01-01,2020-12-31,success,17473,2026-08-06T09:13:41,
SCCL-1,2021-01-01,2021-12-31,success,17473,2026-08-06T09:13:42,
SCCL-1,2022-01-01,2022-12-31,success,17473,2026-08-06T09:13:42,
SCCL-1,2023-01-01,2023-12-31,success,17473,2026-08-06T09:13:43,
SCCL-1,2024-01-01,2024-12-31,success,17521,2026-08-06T09:13:43,
SCCL-1,2025-01-01,2025-12-31,success,17473,2026-08-06T09:13:44,
SCCL-1,2026-01-01,2026-07-27,success,9937,2026-08-06T09:13:44,
SCCL-2,2015-01-01,2015-12-31,success,0,2026-08-06T09:13:44,
SCCL-2,2016-01-01,2016-12-31,success,0,2026-08-06T09:13:45,
SCCL-2,2017-01-01,2017-12-31,success,0,2026-08-06T09:13:45,
SCCL-2,2018-01-01,2018-12-31,success,0,2026-08-06T09:13:45,
SCCL-2,2019-01-01,2019-12-31,success,15985,2026-08-06T09:13:46,
SCCL-2,2020-01-01,2020-12-31,success,17473,2026-08-06T09:13:46,
SCCL-2,2021-01-01,2021-12-31,success,17473,2026-08-06T09:13:47,
SCCL-2,2022-01-01,2022-12-31,success,17473,2026-08-06T09:13:47,
SCCL-2,2023-01-01,2023-12-31,success,17473,2026-08-06T09:13:48,
SCCL-2,2024-01-01,2024-12-31,success,17521,2026-08-06T09:13:48,
SCCL-2,2025-01-01,2025-12-31,success,17473,2026-08-06T09:13:49,
SCCL-2,2026-01-01,2026-07-27,success,9937,2026-08-06T09:13:49,
SCCL-3,2015-01-01,2015-12-31,success,0,2026-08-06T09:13:50,
SCCL-3,2016-01-01,2016-12-31,success,0,2026-08-06T09:13:50,
SCCL-3,2017-01-01,2017-12-31,success,0,2026-08-06T09:13:50,
SCCL-3,2018-01-01,2018-12-31,success,0,2026-08-06T09:13:50,
SCCL-3,2019-01-01,2019-12-31,success,15985,2026-08-06T09:13:51,
SCCL-3,2020-01-01,2020-12-31,success,17473,2026-08-06T09:13:51,
SCCL-3,2021-01-01,2021-12-31,success,17473,2026-08-06T09:13:52,
SCCL-3,2022-01-01,2022-12-31,success,17473,2026-08-06T09:13:52,
SCCL-3,2023-01-01,2023-12-31,success,17473,2026-08-06T09:13:53,
SCCL-3,2024-01-01,2024-12-31,success,17521,2026-08-06T09:13:54,
SCCL-3,2025-01-01,2025-12-31,success,17473,2026-08-06T09:13:54,
SCCL-3,2026-01-01,2026-07-27,success,9937,2026-08-06T09:13:55,
SEAB-1,2015-01-01,2015-12-31,success,0,2026-08-06T09:13:55,
SEAB-1,2016-01-01,2016-12-31,success,0,2026-08-06T09:13:55,
SEAB-1,2017-01-01,2017-12-31,success,0,2026-08-06T09:13:55,
SEAB-1,2018-01-01,2018-12-31,success,0,2026-08-06T09:13:55,
SEAB-1,2019-01-01,2019-12-31,success,15985,2026-08-06T09:13:56,
SEAB-1,2020-01-01,2020-12-31,success,17473,2026-08-06T09:13:57,
SEAB-1,2021-01-01,2021-12-31,success,17473,2026-08-06T09:13:57,
SEAB-1,2022-01-01,2022-12-31,success,17473,2026-08-06T09:13:58,
SEAB-1,2023-01-01,2023-12-31,success,17473,2026-08-06T09:13:58,
SEAB-1,2024-01-01,2024-12-31,success,17521,2026-08-06T09:13:58,
SEAB-1,2025-01-01,2025-12-31,success,17473,2026-08-06T09:13:59,
SEAB-1,2026-01-01,2026-07-27,success,9937,2026-08-06T09:14:00,
SEAB-2,2015-01-01,2015-12-31,success,0,2026-08-06T09:14:00,
SEAB-2,2016-01-01,2016-12-31,success,0,2026-08-06T09:14:00,
SEAB-2,2017-01-01,2017-12-31,success,0,2026-08-06T09:14:00,
SEAB-2,2018-01-01,2018-12-31,success,0,2026-08-06T09:14:00,
SEAB-2,2019-01-01,2019-12-31,success,15985,2026-08-06T09:14:01,
SEAB-2,2020-01-01,2020-12-31,success,17473,2026-08-06T09:14:02,
SEAB-2,2021-01-01,2021-12-31,success,17473,2026-08-06T09:14:02,
SEAB-2,2022-01-01,2022-12-31,success,17473,2026-08-06T09:14:03,
SEAB-2,2023-01-01,2023-12-31,success,17473,2026-08-06T09:14:04,
SEAB-2,2024-01-01,2024-12-31,success,17521,2026-08-06T09:14:04,
SEAB-2,2025-01-01,2025-12-31,success,17473,2026-08-06T09:14:05,
SEAB-2,2026-01-01,2026-07-27,success,9937,2026-08-06T09:14:06,
SEEL-1,2015-01-01,2015-12-31,success,0,2026-08-06T09:14:06,
SEEL-1,2016-01-01,2016-12-31,success,0,2026-08-06T09:14:06,
SEEL-1,2017-01-01,2017-12-31,success,0,2026-08-06T09:14:06,
SEEL-1,2018-01-01,2018-12-31,success,0,2026-08-06T09:14:06,
SEEL-1,2019-01-01,2019-12-31,success,13249,2026-08-06T09:14:07,
SEEL-1,2020-01-01,2020-12-31,success,17473,2026-08-06T09:14:08,
SEEL-1,2021-01-01,2021-12-31,success,17473,2026-08-06T09:14:09,
SEEL-1,2022-01-01,2022-12-31,success,17473,2026-08-06T09:14:10,
SEEL-1,2023-01-01,2023-12-31,success,17473,2026-08-06T09:14:11,
SEEL-1,2024-01-01,2024-12-31,success,17521,2026-08-06T09:14:12,
SEEL-1,2025-01-01,2025-12-31,success,17473,2026-08-06T09:14:12,
SEEL-1,2026-01-01,2026-07-27,success,9937,2026-08-06T09:14:13,
SEVIU-1,2015-01-01,2015-12-31,success,0,2026-08-06T09:14:13,
SEVIU-1,2016-01-01,2016-12-31,success,0,2026-08-06T09:14:13,
SEVIU-1,2017-01-01,2017-12-31,success,0,2026-08-06T09:14:13,
SEVIU-1,2018-01-01,2018-12-31,success,0,2026-08-06T09:14:13,
SEVIU-1,2019-01-01,2019-12-31,success,15985,2026-08-06T09:14:14,
SEVIU-1,2020-01-01,2020-12-31,success,17473,2026-08-06T09:14:16,
SEVIU-1,2021-01-01,2021-12-31,success,17473,2026-08-06T09:14:16,
SEVIU-1,2022-01-01,2022-12-31,success,17473,2026-08-06T09:14:17,
SEVIU-1,2023-01-01,2023-12-31,success,17473,2026-08-06T09:14:18,
SEVIU-1,2024-01-01,2024-12-31,success,17521,2026-08-06T09:14:18,
SEVIU-1,2025-01-01,2025-12-31,success,17473,2026-08-06T09:14:19,
SEVIU-1,2026-01-01,2026-07-27,success,9937,2026-08-06T09:14:19,
SFIL-1,2015-01-01,2015-12-31,success,0,2026-08-06T09:14:19,
SFIL-1,2016-01-01,2016-12-31,success,0,2026-08-06T09:14:20,
SFIL-1,2017-01-01,2017-12-31,success,0,2026-08-06T09:14:20,
SFIL-1,2018-01-01,2018-12-31,success,0,2026-08-06T09:14:20,
SFIL-1,2019-01-01,2019-12-31,success,0,2026-08-06T09:14:20,
SFIL-1,2020-01-01,2020-12-31,success,0,2026-08-06T09:14:20,
SFIL-1,2021-01-01,2021-12-31,success,0,2026-08-06T09:14:21,
SFIL-1,2022-01-01,2022-12-31,success,0,2026-08-06T09:14:21,
SFIL-1,2023-01-01,2023-12-31,success,0,2026-08-06T09:14:21,
SFIL-1,2024-01-01,2024-12-31,success,0,2026-08-06T09:14:21,
SFIL-1,2025-01-01,2025-12-31,success,0,2026-08-06T09:14:21,
SFIL-1,2026-01-01,2026-07-27,success,0,2026-08-06T09:14:21,
SHBA-1,2015-01-01,2015-12-31,success,0,2026-08-06T09:14:22,
SHBA-1,2016-01-01,2016-12-31,success,0,2026-08-06T09:14:22,
SHBA-1,2017-01-01,2017-12-31,success,0,2026-08-06T09:14:22,
SHBA-1,2018-01-01,2018-12-31,success,0,2026-08-06T09:14:22,
SHBA-1,2019-01-01,2019-12-31,success,15985,2026-08-06T09:14:23,
SHBA-1,2020-01-01,2020-12-31,success,17473,2026-08-06T09:14:23,
SHBA-1,2021-01-01,2021-12-31,success,17473,2026-08-06T09:14:24,
SHBA-1,2022-01-01,2022-12-31,success,17473,2026-08-06T09:14:25,
SHBA-1,2023-01-01,2023-12-31,success,17473,2026-08-06T09:14:25,
SHBA-1,2024-01-01,2024-12-31,success,17521,2026-08-06T09:14:26,
SHBA-1,2025-01-01,2025-12-31,success,17473,2026-08-06T09:14:26,
SHBA-1,2026-01-01,2026-07-27,success,9937,2026-08-06T09:14:27,
SHBA-2,2015-01-01,2015-12-31,success,0,2026-08-06T09:14:27,
SHBA-2,2016-01-01,2016-12-31,success,0,2026-08-06T09:14:27,
SHBA-2,2017-01-01,2017-12-31,success,0,2026-08-06T09:14:27,
SHBA-2,2018-01-01,2018-12-31,success,0,2026-08-06T09:14:27,
SHBA-2,2019-01-01,2019-12-31,success,15985,2026-08-06T09:14:28,
SHBA-2,2020-01-01,2020-12-31,success,17473,2026-08-06T09:14:29,
SHBA-2,2021-01-01,2021-12-31,success,17473,2026-08-06T09:14:29,
SHBA-2,2022-01-01,2022-12-31,success,17473,2026-08-06T09:14:30,
SHBA-2,2023-01-01,2023-12-31,success,17473,2026-08-06T09:14:30,
SHBA-2,2024-01-01,2024-12-31,success,17521,2026-08-06T09:14:31,
SHBA-2,2025-01-01,2025-12-31,success,17473,2026-08-06T09:14:32,
SHBA-2,2026-01-01,2026-07-27,success,9937,2026-08-06T09:14:32,
SHIN-1,2015-01-01,2015-12-31,success,0,2026-08-06T09:14:32,
SHIN-1,2016-01-01,2016-12-31,success,0,2026-08-06T09:14:32,
SHIN-1,2017-01-01,2017-12-31,success,0,2026-08-06T09:14:32,
SHIN-1,2018-01-01,2018-12-31,success,0,2026-08-06T09:14:33,
SHIN-1,2019-01-01,2019-12-31,success,0,2026-08-06T09:14:33,
SHIN-1,2020-01-01,2020-12-31,success,0,2026-08-06T09:14:33,
SHIN-1,2021-01-01,2021-12-31,success,0,2026-08-06T09:14:33,
SHIN-1,2022-01-01,2022-12-31,success,0,2026-08-06T09:14:33,
SHIN-1,2023-01-01,2023-12-31,success,0,2026-08-06T09:14:34,
SHIN-1,2024-01-01,2024-12-31,success,0,2026-08-06T09:14:34,
SHIN-1,2025-01-01,2025-12-31,success,0,2026-08-06T09:14:34,
SHIN-1,2026-01-01,2026-07-27,success,0,2026-08-06T09:14:34,
SHIN-2,2015-01-01,2015-12-31,success,0,2026-08-06T09:14:34,
SHIN-2,2016-01-01,2016-12-31,success,0,2026-08-06T09:14:35,
SHIN-2,2017-01-01,2017-12-31,success,0,2026-08-06T09:14:35,
SHIN-2,2018-01-01,2018-12-31,success,0,2026-08-06T09:14:35,
SHIN-2,2019-01-01,2019-12-31,success,0,2026-08-06T09:14:35,
SHIN-2,2020-01-01,2020-12-31,success,0,2026-08-06T09:14:35,
SHIN-2,2021-01-01,2021-12-31,success,0,2026-08-06T09:14:36,
SHIN-2,2022-01-01,2022-12-31,success,0,2026-08-06T09:14:36,
SHIN-2,2023-01-01,2023-12-31,success,0,2026-08-06T09:14:36,
SHIN-2,2024-01-01,2024-12-31,success,0,2026-08-06T09:14:36,
SHIN-2,2025-01-01,2025-12-31,success,0,2026-08-06T09:14:36,
SHIN-2,2026-01-01,2026-07-27,success,0,2026-08-06T09:14:37,
SHOS-1,2015-01-01,2015-12-31,success,0,2026-08-06T09:14:37,
SHOS-1,2016-01-01,2016-12-31,success,0,2026-08-06T09:14:37,
SHOS-1,2017-01-01,2017-12-31,success,0,2026-08-06T09:14:37,
SHOS-1,2018-01-01,2018-12-31,success,0,2026-08-06T09:14:37,
SHOS-1,2019-01-01,2019-12-31,success,15985,2026-08-06T09:14:38,
SHOS-1,2020-01-01,2020-12-31,success,17473,2026-08-06T09:14:39,
SHOS-1,2021-01-01,2021-12-31,success,17473,2026-08-06T09:14:39,
SHOS-1,2022-01-01,2022-12-31,success,17473,2026-08-06T09:14:40,
SHOS-1,2023-01-01,2023-12-31,success,17473,2026-08-06T09:14:40,
SHOS-1,2024-01-01,2024-12-31,success,17521,2026-08-06T09:14:41,
SHOS-1,2025-01-01,2025-12-31,success,17473,2026-08-06T09:14:42,
SHOS-1,2026-01-01,2026-07-27,success,9937,2026-08-06T09:14:42,
SHRSO-1,2015-01-01,2015-12-31,success,0,2026-08-06T09:14:42,
SHRSO-1,2016-01-01,2016-12-31,success,0,2026-08-06T09:14:42,
SHRSO-1,2017-01-01,2017-12-31,success,0,2026-08-06T09:14:43,
SHRSO-1,2018-01-01,2018-12-31,success,0,2026-08-06T09:14:43,
SHRSO-1,2019-01-01,2019-12-31,success,15985,2026-08-06T09:14:43,
SHRSO-1,2020-01-01,2020-12-31,success,17473,2026-08-06T09:14:44,
SHRSO-1,2021-01-01,2021-12-31,success,17473,2026-08-06T09:14:45,
SHRSO-1,2022-01-01,2022-12-31,success,17473,2026-08-06T09:14:46,
SHRSO-1,2023-01-01,2023-12-31,success,17473,2026-08-06T09:14:46,
SHRSO-1,2024-01-01,2024-12-31,success,17521,2026-08-06T09:14:47,
SHRSO-1,2025-01-01,2025-12-31,success,17473,2026-08-06T09:14:48,
SHRSO-1,2026-01-01,2026-07-27,success,9937,2026-08-06T09:14:48,
SHRSO-2,2015-01-01,2015-12-31,success,0,2026-08-06T09:14:48,
SHRSO-2,2016-01-01,2016-12-31,success,0,2026-08-06T09:14:49,
SHRSO-2,2017-01-01,2017-12-31,success,0,2026-08-06T09:14:49,
SHRSO-2,2018-01-01,2018-12-31,success,0,2026-08-06T09:14:49,
SHRSO-2,2019-01-01,2019-12-31,success,15985,2026-08-06T09:14:49,
SHRSO-2,2020-01-01,2020-12-31,success,17473,2026-08-06T09:14:50,
SHRSO-2,2021-01-01,2021-12-31,success,17473,2026-08-06T09:14:51,
SHRSO-2,2022-01-01,2022-12-31,success,17473,2026-08-06T09:14:51,
SHRSO-2,2023-01-01,2023-12-31,success,17473,2026-08-06T09:14:52,
SHRSO-2,2024-01-01,2024-12-31,success,17521,2026-08-06T09:14:52,
SHRSO-2,2025-01-01,2025-12-31,success,17473,2026-08-06T09:14:53,
SHRSO-2,2026-01-01,2026-07-27,success,9937,2026-08-06T09:14:53,
SIMEC-1,2015-01-01,2015-12-31,success,0,2026-08-06T09:14:53,
SIMEC-1,2016-01-01,2016-12-31,success,0,2026-08-06T09:14:54,
SIMEC-1,2017-01-01,2017-12-31,success,0,2026-08-06T09:14:54,
SIMEC-1,2018-01-01,2018-12-31,success,0,2026-08-06T09:14:54,
SIMEC-1,2019-01-01,2019-12-31,success,0,2026-08-06T09:14:54,
SIMEC-1,2020-01-01,2020-12-31,success,0,2026-08-06T09:14:54,
SIMEC-1,2021-01-01,2021-12-31,success,0,2026-08-06T09:14:55,
SIMEC-1,2022-01-01,2022-12-31,success,0,2026-08-06T09:14:55,
SIMEC-1,2023-01-01,2023-12-31,success,0,2026-08-06T09:14:55,
SIMEC-1,2024-01-01,2024-12-31,success,0,2026-08-06T09:14:55,
SIMEC-1,2025-01-01,2025-12-31,success,0,2026-08-06T09:14:55,
SIMEC-1,2026-01-01,2026-07-27,success,0,2026-08-06T09:14:55,
SIZB-1,2015-01-01,2015-12-31,success,0,2026-08-06T09:14:56,
SIZB-1,2016-01-01,2016-12-31,success,0,2026-08-06T09:14:56,
SIZB-1,2017-01-01,2017-12-31,success,0,2026-08-06T09:14:56,
SIZB-1,2018-01-01,2018-12-31,success,0,2026-08-06T09:14:56,
SIZB-1,2019-01-01,2019-12-31,success,15985,2026-08-06T09:14:57,
SIZB-1,2020-01-01,2020-12-31,success,17473,2026-08-06T09:14:57,
SIZB-1,2021-01-01,2021-12-31,success,17473,2026-08-06T09:14:58,
SIZB-1,2022-01-01,2022-12-31,success,17473,2026-08-06T09:14:59,
SIZB-1,2023-01-01,2023-12-31,success,17473,2026-08-06T09:14:59,
SIZB-1,2024-01-01,2024-12-31,success,17521,2026-08-06T09:15:00,
SIZB-1,2025-01-01,2025-12-31,success,17473,2026-08-06T09:15:00,
SIZB-1,2026-01-01,2026-07-27,success,9937,2026-08-06T09:15:01,
SIZB-2,2015-01-01,2015-12-31,success,0,2026-08-06T09:15:01,
SIZB-2,2016-01-01,2016-12-31,success,0,2026-08-06T09:15:01,
SIZB-2,2017-01-01,2017-12-31,success,0,2026-08-06T09:15:01,
SIZB-2,2018-01-01,2018-12-31,success,0,2026-08-06T09:15:01,
SIZB-2,2019-01-01,2019-12-31,success,15985,2026-08-06T09:15:02,
SIZB-2,2020-01-01,2020-12-31,success,17473,2026-08-06T09:15:03,
SIZB-2,2021-01-01,2021-12-31,success,17473,2026-08-06T09:15:03,
SIZB-2,2022-01-01,2022-12-31,success,17473,2026-08-06T09:15:04,
SIZB-2,2023-01-01,2023-12-31,success,17473,2026-08-06T09:15:04,
SIZB-2,2024-01-01,2024-12-31,success,17521,2026-08-06T09:15:05,
SIZB-2,2025-01-01,2025-12-31,success,17473,2026-08-06T09:15:06,
SIZB-2,2026-01-01,2026-07-27,success,9937,2026-08-06T09:15:06,
SLOY-1,2015-01-01,2015-12-31,success,0,2026-08-06T09:15:06,
SLOY-1,2016-01-01,2016-12-31,success,0,2026-08-06T09:15:06,
SLOY-1,2017-01-01,2017-12-31,success,0,2026-08-06T09:15:07,
SLOY-1,2018-01-01,2018-12-31,success,0,2026-08-06T09:15:07,
SLOY-1,2019-01-01,2019-12-31,success,15985,2026-08-06T09:15:07,
SLOY-1,2020-01-01,2020-12-31,success,17473,2026-08-06T09:15:08,
SLOY-1,2021-01-01,2021-12-31,success,17473,2026-08-06T09:15:08,
SLOY-1,2022-01-01,2022-12-31,success,17473,2026-08-06T09:15:09,
SLOY-1,2023-01-01,2023-12-31,success,17473,2026-08-06T09:15:10,
SLOY-1,2024-01-01,2024-12-31,success,17521,2026-08-06T09:15:11,
SLOY-1,2025-01-01,2025-12-31,success,17473,2026-08-06T09:15:12,
SLOY-1,2026-01-01,2026-07-27,success,9937,2026-08-06T09:15:12,
SLOY-2,2015-01-01,2015-12-31,success,0,2026-08-06T09:15:12,
SLOY-2,2016-01-01,2016-12-31,success,0,2026-08-06T09:15:13,
SLOY-2,2017-01-01,2017-12-31,success,0,2026-08-06T09:15:13,
SLOY-2,2018-01-01,2018-12-31,success,0,2026-08-06T09:15:13,
SLOY-2,2019-01-01,2019-12-31,success,15985,2026-08-06T09:15:14,
SLOY-2,2020-01-01,2020-12-31,success,17473,2026-08-06T09:15:14,
SLOY-2,2021-01-01,2021-12-31,success,17473,2026-08-06T09:15:15,
SLOY-2,2022-01-01,2022-12-31,success,17473,2026-08-06T09:15:16,
SLOY-2,2023-01-01,2023-12-31,success,17473,2026-08-06T09:15:16,
SLOY-2,2024-01-01,2024-12-31,success,17521,2026-08-06T09:15:17,
SLOY-2,2025-01-01,2025-12-31,success,17473,2026-08-06T09:15:18,
SLOY-2,2026-01-01,2026-07-27,success,9937,2026-08-06T09:15:18,
SLOY-3,2015-01-01,2015-12-31,success,0,2026-08-06T09:15:18,
SLOY-3,2016-01-01,2016-12-31,success,0,2026-08-06T09:15:18,
SLOY-3,2017-01-01,2017-12-31,success,0,2026-08-06T09:15:18,
SLOY-3,2018-01-01,2018-12-31,success,0,2026-08-06T09:15:19,
SLOY-3,2019-01-01,2019-12-31,success,15985,2026-08-06T09:15:19,
SLOY-3,2020-01-01,2020-12-31,success,17473,2026-08-06T09:15:20,
SLOY-3,2021-01-01,2021-12-31,success,17473,2026-08-06T09:15:20,
SLOY-3,2022-01-01,2022-12-31,success,17473,2026-08-06T09:15:21,
SLOY-3,2023-01-01,2023-12-31,success,17473,2026-08-06T09:15:21,
SLOY-3,2024-01-01,2024-12-31,success,17521,2026-08-06T09:15:22,
SLOY-3,2025-01-01,2025-12-31,success,17473,2026-08-06T09:15:23,
SLOY-3,2026-01-01,2026-07-27,success,9937,2026-08-06T09:15:23,
SLOY-4,2015-01-01,2015-12-31,success,0,2026-08-06T09:15:24,
SLOY-4,2016-01-01,2016-12-31,success,0,2026-08-06T09:15:24,
SLOY-4,2017-01-01,2017-12-31,success,0,2026-08-06T09:15:24,
SLOY-4,2018-01-01,2018-12-31,success,0,2026-08-06T09:15:24,
SLOY-4,2019-01-01,2019-12-31,success,15985,2026-08-06T09:15:25,
SLOY-4,2020-01-01,2020-12-31,success,17473,2026-08-06T09:15:25,
SLOY-4,2021-01-01,2021-12-31,success,17473,2026-08-06T09:15:26,
SLOY-4,2022-01-01,2022-12-31,success,17473,2026-08-06T09:15:26,
SLOY-4,2023-01-01,2023-12-31,success,17473,2026-08-06T09:15:27,
SLOY-4,2024-01-01,2024-12-31,success,17521,2026-08-06T09:15:28,
SLOY-4,2025-01-01,2025-12-31,success,17473,2026-08-06T09:15:28,
SLOY-4,2026-01-01,2026-07-27,success,9937,2026-08-06T09:15:29,
SOLUU-1,2015-01-01,2015-12-31,success,0,2026-08-06T09:15:29,
SOLUU-1,2016-01-01,2016-12-31,success,0,2026-08-06T09:15:29,
SOLUU-1,2017-01-01,2017-12-31,success,0,2026-08-06T09:15:29,
SOLUU-1,2018-01-01,2018-12-31,success,0,2026-08-06T09:15:29,
SOLUU-1,2019-01-01,2019-12-31,success,15985,2026-08-06T09:15:30,
SOLUU-1,2020-01-01,2020-12-31,success,17473,2026-08-06T09:15:31,
SOLUU-1,2021-01-01,2021-12-31,success,17473,2026-08-06T09:15:31,
SOLUU-1,2022-01-01,2022-12-31,success,17473,2026-08-06T09:15:32,
SOLUU-1,2023-01-01,2023-12-31,success,17473,2026-08-06T09:15:32,
SOLUU-1,2024-01-01,2024-12-31,success,17521,2026-08-06T09:15:33,
SOLUU-1,2025-01-01,2025-12-31,success,17473,2026-08-06T09:15:34,
SOLUU-1,2026-01-01,2026-07-27,success,9937,2026-08-06T09:15:34,
SPEY-1,2015-01-01,2015-12-31,success,0,2026-08-06T09:15:34,
SPEY-1,2016-01-01,2016-12-31,success,0,2026-08-06T09:15:34,
SPEY-1,2017-01-01,2017-12-31,success,0,2026-08-06T09:15:35,
SPEY-1,2018-01-01,2018-12-31,success,0,2026-08-06T09:15:35,
SPEY-1,2019-01-01,2019-12-31,success,0,2026-08-06T09:15:35,
SPEY-1,2020-01-01,2020-12-31,success,0,2026-08-06T09:15:35,
SPEY-1,2021-01-01,2021-12-31,success,0,2026-08-06T09:15:35,
SPEY-1,2022-01-01,2022-12-31,success,0,2026-08-06T09:15:36,
SPEY-1,2023-01-01,2023-12-31,success,0,2026-08-06T09:15:36,
SPEY-1,2024-01-01,2024-12-31,success,0,2026-08-06T09:15:36,
SPEY-1,2025-01-01,2025-12-31,success,0,2026-08-06T09:15:36,
SPEY-1,2026-01-01,2026-07-27,success,0,2026-08-06T09:15:36,
SPLN-1,2015-01-01,2015-12-31,success,0,2026-08-06T09:15:37,
SPLN-1,2016-01-01,2016-12-31,success,0,2026-08-06T09:15:37,
SPLN-1,2017-01-01,2017-12-31,success,0,2026-08-06T09:15:37,
SPLN-1,2018-01-01,2018-12-31,success,0,2026-08-06T09:15:37,
SPLN-1,2019-01-01,2019-12-31,success,15985,2026-08-06T09:15:38,
SPLN-1,2020-01-01,2020-12-31,success,17473,2026-08-06T09:15:38,
SPLN-1,2021-01-01,2021-12-31,success,17473,2026-08-06T09:15:39,
SPLN-1,2022-01-01,2022-12-31,success,17473,2026-08-06T09:15:40,
SPLN-1,2023-01-01,2023-12-31,success,17473,2026-08-06T09:15:40,
SPLN-1,2024-01-01,2024-12-31,success,17521,2026-08-06T09:15:41,
SPLN-1,2025-01-01,2025-12-31,success,17473,2026-08-06T09:15:41,
SPLN-1,2026-01-01,2026-07-27,success,9937,2026-08-06T09:15:42,
STAY-1,2015-01-01,2015-12-31,success,0,2026-08-06T09:15:42,
STAY-1,2016-01-01,2016-12-31,success,0,2026-08-06T09:15:42,
STAY-1,2017-01-01,2017-12-31,success,0,2026-08-06T09:15:42,
STAY-1,2018-01-01,2018-12-31,success,0,2026-08-06T09:15:43,
STAY-1,2019-01-01,2019-12-31,success,15985,2026-08-06T09:15:43,
STAY-1,2020-01-01,2020-12-31,success,17473,2026-08-06T09:15:44,
STAY-1,2021-01-01,2021-12-31,success,17473,2026-08-06T09:15:45,
STAY-1,2022-01-01,2022-12-31,success,17473,2026-08-06T09:15:45,
STAY-1,2023-01-01,2023-12-31,success,17473,2026-08-06T09:15:46,
STAY-1,2024-01-01,2024-12-31,success,17521,2026-08-06T09:15:47,
STAY-1,2025-01-01,2025-12-31,success,17473,2026-08-06T09:15:47,
STAY-1,2026-01-01,2026-07-27,success,9937,2026-08-06T09:15:48,
STAY-2,2015-01-01,2015-12-31,success,0,2026-08-06T09:15:48,
STAY-2,2016-01-01,2016-12-31,success,0,2026-08-06T09:15:48,
STAY-2,2017-01-01,2017-12-31,success,0,2026-08-06T09:15:48,
STAY-2,2018-01-01,2018-12-31,success,0,2026-08-06T09:15:48,
STAY-2,2019-01-01,2019-12-31,success,15985,2026-08-06T09:15:50,
STAY-2,2020-01-01,2020-12-31,success,17473,2026-08-06T09:15:50,
STAY-2,2021-01-01,2021-12-31,success,17473,2026-08-06T09:15:51,
STAY-2,2022-01-01,2022-12-31,success,17473,2026-08-06T09:15:51,
STAY-2,2023-01-01,2023-12-31,success,17473,2026-08-06T09:15:52,
STAY-2,2024-01-01,2024-12-31,success,17521,2026-08-06T09:15:53,
STAY-2,2025-01-01,2025-12-31,success,17473,2026-08-06T09:15:54,
STAY-2,2026-01-01,2026-07-27,success,9937,2026-08-06T09:15:54,
STAY-3,2015-01-01,2015-12-31,success,0,2026-08-06T09:15:54,
STAY-3,2016-01-01,2016-12-31,success,0,2026-08-06T09:15:55,
STAY-3,2017-01-01,2017-12-31,success,0,2026-08-06T09:15:55,
STAY-3,2018-01-01,2018-12-31,success,0,2026-08-06T09:15:55,
STAY-3,2019-01-01,2019-12-31,success,15985,2026-08-06T09:15:56,
STAY-3,2020-01-01,2020-12-31,success,17473,2026-08-06T09:15:57,
STAY-3,2021-01-01,2021-12-31,success,17473,2026-08-06T09:15:57,
STAY-3,2022-01-01,2022-12-31,success,17473,2026-08-06T09:15:58,
STAY-3,2023-01-01,2023-12-31,success,17473,2026-08-06T09:15:58,
STAY-3,2024-01-01,2024-12-31,success,17521,2026-08-06T09:15:59,
STAY-3,2025-01-01,2025-12-31,success,17473,2026-08-06T09:15:59,
STAY-3,2026-01-01,2026-07-27,success,9937,2026-08-06T09:16:00,
STAY-4,2015-01-01,2015-12-31,success,0,2026-08-06T09:16:00,
STAY-4,2016-01-01,2016-12-31,success,0,2026-08-06T09:16:00,
STAY-4,2017-01-01,2017-12-31,success,0,2026-08-06T09:16:01,
STAY-4,2018-01-01,2018-12-31,success,0,2026-08-06T09:16:01,
STAY-4,2019-01-01,2019-12-31,success,15985,2026-08-06T09:16:01,
STAY-4,2020-01-01,2020-12-31,success,17473,2026-08-06T09:16:02,
STAY-4,2021-01-01,2021-12-31,success,17473,2026-08-06T09:16:03,
STAY-4,2022-01-01,2022-12-31,success,17473,2026-08-06T09:16:04,
STAY-4,2023-01-01,2023-12-31,success,17473,2026-08-06T09:16:04,
STAY-4,2024-01-01,2024-12-31,success,17521,2026-08-06T09:16:05,
STAY-4,2025-01-01,2025-12-31,success,17473,2026-08-06T09:16:06,
STAY-4,2026-01-01,2026-07-27,success,9937,2026-08-06T09:16:06,
STCR-1,2015-01-01,2015-12-31,success,0,2026-08-06T09:16:06,
STCR-1,2016-01-01,2016-12-31,success,0,2026-08-06T09:16:07,
STCR-1,2017-01-01,2017-12-31,success,0,2026-08-06T09:16:07,
STCR-1,2018-01-01,2018-12-31,success,0,2026-08-06T09:16:07,
STCR-1,2019-01-01,2019-12-31,success,0,2026-08-06T09:16:07,
STCR-1,2020-01-01,2020-12-31,success,0,2026-08-06T09:16:07,
STCR-1,2021-01-01,2021-12-31,success,0,2026-08-06T09:16:08,
STCR-1,2022-01-01,2022-12-31,success,0,2026-08-06T09:16:08,
STCR-1,2023-01-01,2023-12-31,success,0,2026-08-06T09:16:08,
STCR-1,2024-01-01,2024-12-31,success,0,2026-08-06T09:16:08,
STCR-1,2025-01-01,2025-12-31,success,0,2026-08-06T09:16:08,
STCR-1,2026-01-01,2026-07-27,success,0,2026-08-06T09:16:09,
STLGW-1,2015-01-01,2015-12-31,success,0,2026-08-06T09:16:09,
STLGW-1,2016-01-01,2016-12-31,success,0,2026-08-06T09:16:09,
STLGW-1,2017-01-01,2017-12-31,success,0,2026-08-06T09:16:09,
STLGW-1,2018-01-01,2018-12-31,success,0,2026-08-06T09:16:09,
STLGW-1,2019-01-01,2019-12-31,success,15985,2026-08-06T09:16:10,
STLGW-1,2020-01-01,2020-12-31,success,17473,2026-08-06T09:16:10,
STLGW-1,2021-01-01,2021-12-31,success,17473,2026-08-06T09:16:11,
STLGW-1,2022-01-01,2022-12-31,success,17473,2026-08-06T09:16:12,
STLGW-1,2023-01-01,2023-12-31,success,17473,2026-08-06T09:16:12,
STLGW-1,2024-01-01,2024-12-31,success,17521,2026-08-06T09:16:13,
STLGW-1,2025-01-01,2025-12-31,success,17473,2026-08-06T09:16:14,
STLGW-1,2026-01-01,2026-07-27,success,9937,2026-08-06T09:16:14,
STLGW-2,2015-01-01,2015-12-31,success,0,2026-08-06T09:16:14,
STLGW-2,2016-01-01,2016-12-31,success,0,2026-08-06T09:16:14,
STLGW-2,2017-01-01,2017-12-31,success,0,2026-08-06T09:16:15,
STLGW-2,2018-01-01,2018-12-31,success,0,2026-08-06T09:16:15,
STLGW-2,2019-01-01,2019-12-31,success,15985,2026-08-06T09:16:15,
STLGW-2,2020-01-01,2020-12-31,success,17473,2026-08-06T09:16:16,
STLGW-2,2021-01-01,2021-12-31,success,17473,2026-08-06T09:16:17,
STLGW-2,2022-01-01,2022-12-31,success,17473,2026-08-06T09:16:17,
STLGW-2,2023-01-01,2023-12-31,success,17473,2026-08-06T09:16:18,
STLGW-2,2024-01-01,2024-12-31,success,17521,2026-08-06T09:16:19,
STLGW-2,2025-01-01,2025-12-31,success,17473,2026-08-06T09:16:19,
STLGW-2,2026-01-01,2026-07-27,success,9937,2026-08-06T09:16:20,
STLGW-3,2015-01-01,2015-12-31,success,0,2026-08-06T09:16:20,
STLGW-3,2016-01-01,2016-12-31,success,0,2026-08-06T09:16:20,
STLGW-3,2017-01-01,2017-12-31,success,0,2026-08-06T09:16:20,
STLGW-3,2018-01-01,2018-12-31,success,0,2026-08-06T09:16:20,
STLGW-3,2019-01-01,2019-12-31,success,15985,2026-08-06T09:16:21,
STLGW-3,2020-01-01,2020-12-31,success,17473,2026-08-06T09:16:22,
STLGW-3,2021-01-01,2021-12-31,success,17473,2026-08-06T09:16:23,
STLGW-3,2022-01-01,2022-12-31,success,17473,2026-08-06T09:16:24,
STLGW-3,2023-01-01,2023-12-31,success,17473,2026-08-06T09:16:24,
STLGW-3,2024-01-01,2024-12-31,success,17521,2026-08-06T09:16:25,
STLGW-3,2025-01-01,2025-12-31,success,17473,2026-08-06T09:16:26,
STLGW-3,2026-01-01,2026-07-27,success,9937,2026-08-06T09:16:26,
STPSW-1,2015-01-01,2015-12-31,success,0,2026-08-06T09:16:27,
STPSW-1,2016-01-01,2016-12-31,success,0,2026-08-06T09:16:27,
STPSW-1,2017-01-01,2017-12-31,success,0,2026-08-06T09:16:27,
STPSW-1,2018-01-01,2018-12-31,success,0,2026-08-06T09:16:27,
STPSW-1,2019-01-01,2019-12-31,success,0,2026-08-06T09:16:27,
STPSW-1,2020-01-01,2020-12-31,success,0,2026-08-06T09:16:28,
STPSW-1,2021-01-01,2021-12-31,success,0,2026-08-06T09:16:28,
STPSW-1,2022-01-01,2022-12-31,success,0,2026-08-06T09:16:28,
STPSW-1,2023-01-01,2023-12-31,success,0,2026-08-06T09:16:28,
STPSW-1,2024-01-01,2024-12-31,success,0,2026-08-06T09:16:28,
STPSW-1,2025-01-01,2025-12-31,success,0,2026-08-06T09:16:29,
STPSW-1,2026-01-01,2026-07-27,success,0,2026-08-06T09:16:29,
STRNW-1,2015-01-01,2015-12-31,success,0,2026-08-06T09:16:29,
STRNW-1,2016-01-01,2016-12-31,success,0,2026-08-06T09:16:29,
STRNW-1,2017-01-01,2017-12-31,success,0,2026-08-06T09:16:29,
STRNW-1,2018-01-01,2018-12-31,success,0,2026-08-06T09:16:29,
STRNW-1,2019-01-01,2019-12-31,success,15985,2026-08-06T09:16:30,
STRNW-1,2020-01-01,2020-12-31,success,17473,2026-08-06T09:16:31,
STRNW-1,2021-01-01,2021-12-31,success,17473,2026-08-06T09:16:31,
STRNW-1,2022-01-01,2022-12-31,success,17473,2026-08-06T09:16:32,
STRNW-1,2023-01-01,2023-12-31,success,17473,2026-08-06T09:16:33,
STRNW-1,2024-01-01,2024-12-31,success,17521,2026-08-06T09:16:33,
STRNW-1,2025-01-01,2025-12-31,success,17473,2026-08-06T09:16:34,
STRNW-1,2026-01-01,2026-07-27,success,9937,2026-08-06T09:16:35,
SUTB-1,2015-01-01,2015-12-31,success,0,2026-08-06T09:16:35,
SUTB-1,2016-01-01,2016-12-31,success,0,2026-08-06T09:16:36,
SUTB-1,2017-01-01,2017-12-31,success,0,2026-08-06T09:16:36,
SUTB-1,2018-01-01,2018-12-31,success,0,2026-08-06T09:16:36,
SUTB-1,2019-01-01,2019-12-31,success,15985,2026-08-06T09:16:37,
SUTB-1,2020-01-01,2020-12-31,success,17473,2026-08-06T09:16:37,
SUTB-1,2021-01-01,2021-12-31,success,17473,2026-08-06T09:16:38,
SUTB-1,2022-01-01,2022-12-31,success,17473,2026-08-06T09:16:39,
SUTB-1,2023-01-01,2023-12-31,success,17473,2026-08-06T09:16:39,
SUTB-1,2024-01-01,2024-12-31,success,17521,2026-08-06T09:16:40,
SUTB-1,2025-01-01,2025-12-31,success,17473,2026-08-06T09:16:41,
SUTB-1,2026-01-01,2026-07-27,success,9937,2026-08-06T09:16:41,
SVRP-10,2015-01-01,2015-12-31,success,0,2026-08-06T09:16:41,
SVRP-10,2016-01-01,2016-12-31,success,0,2026-08-06T09:16:42,
SVRP-10,2017-01-01,2017-12-31,success,0,2026-08-06T09:16:42,
SVRP-10,2018-01-01,2018-12-31,success,0,2026-08-06T09:16:42,
SVRP-10,2019-01-01,2019-12-31,success,15985,2026-08-06T09:16:43,
SVRP-10,2020-01-01,2020-12-31,success,17473,2026-08-06T09:16:43,
SVRP-10,2021-01-01,2021-12-31,success,17473,2026-08-06T09:16:44,
SVRP-10,2022-01-01,2022-12-31,success,17473,2026-08-06T09:16:44,
SVRP-10,2023-01-01,2023-12-31,success,17473,2026-08-06T09:16:45,
SVRP-10,2024-01-01,2024-12-31,success,17521,2026-08-06T09:16:45,
SVRP-10,2025-01-01,2025-12-31,success,17473,2026-08-06T09:16:46,
SVRP-10,2026-01-01,2026-07-27,success,9937,2026-08-06T09:16:47,
SVRP-20,2015-01-01,2015-12-31,success,0,2026-08-06T09:16:47,
SVRP-20,2016-01-01,2016-12-31,success,0,2026-08-06T09:16:47,
SVRP-20,2017-01-01,2017-12-31,success,0,2026-08-06T09:16:47,
SVRP-20,2018-01-01,2018-12-31,success,0,2026-08-06T09:16:47,
SVRP-20,2019-01-01,2019-12-31,success,15985,2026-08-06T09:16:48,
SVRP-20,2020-01-01,2020-12-31,success,17473,2026-08-06T09:16:49,
SVRP-20,2021-01-01,2021-12-31,success,17473,2026-08-06T09:16:50,
SVRP-20,2022-01-01,2022-12-31,success,17473,2026-08-06T09:16:50,
SVRP-20,2023-01-01,2023-12-31,success,17473,2026-08-06T09:16:51,
SVRP-20,2024-01-01,2024-12-31,success,17521,2026-08-06T09:16:51,
SVRP-20,2025-01-01,2025-12-31,success,17473,2026-08-06T09:16:52,
SVRP-20,2026-01-01,2026-07-27,success,9937,2026-08-06T09:16:53,
TANGW-1,2015-01-01,2015-12-31,success,0,2026-08-06T09:16:53,
TANGW-1,2016-01-01,2016-12-31,success,0,2026-08-06T09:16:53,
TANGW-1,2017-01-01,2017-12-31,success,0,2026-08-06T09:16:54,
TANGW-1,2018-01-01,2018-12-31,success,0,2026-08-06T09:16:54,
TANGW-1,2019-01-01,2019-12-31,success,0,2026-08-06T09:16:54,
TANGW-1,2020-01-01,2020-12-31,success,0,2026-08-06T09:16:55,
TANGW-1,2021-01-01,2021-12-31,success,0,2026-08-06T09:16:55,
TANGW-1,2022-01-01,2022-12-31,success,0,2026-08-06T09:16:55,
TANGW-1,2023-01-01,2023-12-31,success,0,2026-08-06T09:16:55,
TANGW-1,2024-01-01,2024-12-31,success,0,2026-08-06T09:16:55,
TANGW-1,2025-01-01,2025-12-31,success,0,2026-08-06T09:16:56,
TANGW-1,2026-01-01,2026-07-27,success,0,2026-08-06T09:16:56,
TAYL2G,2015-01-01,2015-12-31,success,0,2026-08-06T09:16:56,
TAYL2G,2016-01-01,2016-12-31,success,0,2026-08-06T09:16:56,
TAYL2G,2017-01-01,2017-12-31,success,0,2026-08-06T09:16:56,
TAYL2G,2018-01-01,2018-12-31,success,0,2026-08-06T09:16:56,
TAYL2G,2019-01-01,2019-12-31,success,15985,2026-08-06T09:16:57,
TAYL2G,2020-01-01,2020-12-31,success,17473,2026-08-06T09:16:58,
TAYL2G,2021-01-01,2021-12-31,success,17473,2026-08-06T09:16:58,
TAYL2G,2022-01-01,2022-12-31,success,17473,2026-08-06T09:16:59,
TAYL2G,2023-01-01,2023-12-31,success,17473,2026-08-06T09:16:59,
TAYL2G,2024-01-01,2024-12-31,success,17521,2026-08-06T09:17:00,
TAYL2G,2025-01-01,2025-12-31,success,17473,2026-08-06T09:17:01,
TAYL2G,2026-01-01,2026-07-27,success,9937,2026-08-06T09:17:01,
TAYL3G,2015-01-01,2015-12-31,success,0,2026-08-06T09:17:01,
TAYL3G,2016-01-01,2016-12-31,success,0,2026-08-06T09:17:02,
TAYL3G,2017-01-01,2017-12-31,success,0,2026-08-06T09:17:02,
TAYL3G,2018-01-01,2018-12-31,success,0,2026-08-06T09:17:02,
TAYL3G,2019-01-01,2019-12-31,success,15985,2026-08-06T09:17:03,
TAYL3G,2020-01-01,2020-12-31,success,17473,2026-08-06T09:17:04,
TAYL3G,2021-01-01,2021-12-31,success,17473,2026-08-06T09:17:04,
TAYL3G,2022-01-01,2022-12-31,success,17473,2026-08-06T09:17:05,
TAYL3G,2023-01-01,2023-12-31,success,17473,2026-08-06T09:17:05,
TAYL3G,2024-01-01,2024-12-31,success,17521,2026-08-06T09:17:06,
TAYL3G,2025-01-01,2025-12-31,success,17473,2026-08-06T09:17:07,
TAYL3G,2026-01-01,2026-07-27,success,9937,2026-08-06T09:17:08,
TDBNW-1,2015-01-01,2015-12-31,success,0,2026-08-06T09:17:08,
TDBNW-1,2016-01-01,2016-12-31,success,0,2026-08-06T09:17:08,
TDBNW-1,2017-01-01,2017-12-31,success,0,2026-08-06T09:17:08,
TDBNW-1,2018-01-01,2018-12-31,success,0,2026-08-06T09:17:08,
TDBNW-1,2019-01-01,2019-12-31,success,15985,2026-08-06T09:17:09,
TDBNW-1,2020-01-01,2020-12-31,success,17473,2026-08-06T09:17:10,
TDBNW-1,2021-01-01,2021-12-31,success,17473,2026-08-06T09:17:10,
TDBNW-1,2022-01-01,2022-12-31,success,17473,2026-08-06T09:17:11,
TDBNW-1,2023-01-01,2023-12-31,success,17473,2026-08-06T09:17:12,
TDBNW-1,2024-01-01,2024-12-31,success,17521,2026-08-06T09:17:12,
TDBNW-1,2025-01-01,2025-12-31,success,17473,2026-08-06T09:17:13,
TDBNW-1,2026-01-01,2026-07-27,success,9937,2026-08-06T09:17:13,
TESI-1,2015-01-01,2015-12-31,success,0,2026-08-06T09:17:14,
TESI-1,2016-01-01,2016-12-31,success,0,2026-08-06T09:17:14,
TESI-1,2017-01-01,2017-12-31,success,0,2026-08-06T09:17:14,
TESI-1,2018-01-01,2018-12-31,success,0,2026-08-06T09:17:14,
TESI-1,2019-01-01,2019-12-31,success,0,2026-08-06T09:17:15,
TESI-1,2020-01-01,2020-12-31,success,0,2026-08-06T09:17:15,
TESI-1,2021-01-01,2021-12-31,success,0,2026-08-06T09:17:15,
TESI-1,2022-01-01,2022-12-31,success,0,2026-08-06T09:17:15,
TESI-1,2023-01-01,2023-12-31,success,0,2026-08-06T09:17:15,
TESI-1,2024-01-01,2024-12-31,success,0,2026-08-06T09:17:16,
TESI-1,2025-01-01,2025-12-31,success,0,2026-08-06T09:17:16,
TESI-1,2026-01-01,2026-07-27,success,0,2026-08-06T09:17:16,
TESI-2,2015-01-01,2015-12-31,success,0,2026-08-06T09:17:17,
TESI-2,2016-01-01,2016-12-31,success,0,2026-08-06T09:17:17,
TESI-2,2017-01-01,2017-12-31,success,0,2026-08-06T09:17:20,
TESI-2,2018-01-01,2018-12-31,success,0,2026-08-06T09:17:20,
TESI-2,2019-01-01,2019-12-31,success,0,2026-08-06T09:17:21,
TESI-2,2020-01-01,2020-12-31,success,0,2026-08-06T09:17:23,
TESI-2,2021-01-01,2021-12-31,success,0,2026-08-06T09:17:24,
TESI-2,2022-01-01,2022-12-31,success,0,2026-08-06T09:17:25,
TESI-2,2023-01-01,2023-12-31,success,0,2026-08-06T09:17:25,
TESI-2,2024-01-01,2024-12-31,success,0,2026-08-06T09:17:25,
TESI-2,2025-01-01,2025-12-31,success,0,2026-08-06T09:17:25,
TESI-2,2026-01-01,2026-07-27,success,0,2026-08-06T09:17:25,
THNTO-1,2015-01-01,2015-12-31,success,0,2026-08-06T09:17:26,
THNTO-1,2016-01-01,2016-12-31,success,0,2026-08-06T09:17:26,
THNTO-1,2017-01-01,2017-12-31,success,0,2026-08-06T09:17:26,
THNTO-1,2018-01-01,2018-12-31,success,0,2026-08-06T09:17:26,
THNTO-1,2019-01-01,2019-12-31,success,15985,2026-08-06T09:17:27,
THNTO-1,2020-01-01,2020-12-31,success,17473,2026-08-06T09:17:27,
THNTO-1,2021-01-01,2021-12-31,success,17473,2026-08-06T09:17:28,
THNTO-1,2022-01-01,2022-12-31,success,17473,2026-08-06T09:17:29,
THNTO-1,2023-01-01,2023-12-31,success,17473,2026-08-06T09:17:29,
THNTO-1,2024-01-01,2024-12-31,success,17521,2026-08-06T09:17:30,
THNTO-1,2025-01-01,2025-12-31,success,17473,2026-08-06T09:17:30,
THNTO-1,2026-01-01,2026-07-27,success,9937,2026-08-06T09:17:31,
THNTO-2,2015-01-01,2015-12-31,success,0,2026-08-06T09:17:31,
THNTO-2,2016-01-01,2016-12-31,success,0,2026-08-06T09:17:31,
THNTO-2,2017-01-01,2017-12-31,success,0,2026-08-06T09:17:31,
THNTO-2,2018-01-01,2018-12-31,success,0,2026-08-06T09:17:32,
THNTO-2,2019-01-01,2019-12-31,success,15985,2026-08-06T09:17:32,
THNTO-2,2020-01-01,2020-12-31,success,17473,2026-08-06T09:17:33,
THNTO-2,2021-01-01,2021-12-31,success,17473,2026-08-06T09:17:33,
THNTO-2,2022-01-01,2022-12-31,success,17473,2026-08-06T09:17:34,
THNTO-2,2023-01-01,2023-12-31,success,17473,2026-08-06T09:17:36,
THNTO-2,2024-01-01,2024-12-31,success,17521,2026-08-06T09:17:36,
THNTO-2,2025-01-01,2025-12-31,success,17473,2026-08-06T09:17:37,
THNTO-2,2026-01-01,2026-07-27,success,9937,2026-08-06T09:17:38,
TILB-10,2015-01-01,2015-12-31,success,0,2026-08-06T09:17:38,
TILB-10,2016-01-01,2016-12-31,success,0,2026-08-06T09:17:38,
TILB-10,2017-01-01,2017-12-31,success,0,2026-08-06T09:17:38,
TILB-10,2018-01-01,2018-12-31,success,0,2026-08-06T09:17:39,
TILB-10,2019-01-01,2019-12-31,success,0,2026-08-06T09:17:39,
TILB-10,2020-01-01,2020-12-31,success,0,2026-08-06T09:17:40,
TILB-10,2021-01-01,2021-12-31,success,0,2026-08-06T09:17:40,
TILB-10,2022-01-01,2022-12-31,success,0,2026-08-06T09:17:40,
TILB-10,2023-01-01,2023-12-31,success,0,2026-08-06T09:17:40,
TILB-10,2024-01-01,2024-12-31,success,0,2026-08-06T09:17:41,
TILB-10,2025-01-01,2025-12-31,success,0,2026-08-06T09:17:41,
TILB-10,2026-01-01,2026-07-27,success,0,2026-08-06T09:17:41,
TILB-7,2015-01-01,2015-12-31,success,0,2026-08-06T09:17:41,
TILB-7,2016-01-01,2016-12-31,success,0,2026-08-06T09:17:41,
TILB-7,2017-01-01,2017-12-31,success,0,2026-08-06T09:17:41,
TILB-7,2018-01-01,2018-12-31,success,0,2026-08-06T09:17:42,
TILB-7,2019-01-01,2019-12-31,success,0,2026-08-06T09:17:42,
TILB-7,2020-01-01,2020-12-31,success,0,2026-08-06T09:17:42,
TILB-7,2021-01-01,2021-12-31,success,0,2026-08-06T09:17:42,
TILB-7,2022-01-01,2022-12-31,success,0,2026-08-06T09:17:42,
TILB-7,2023-01-01,2023-12-31,success,0,2026-08-06T09:17:43,
TILB-7,2024-01-01,2024-12-31,success,0,2026-08-06T09:17:43,
TILB-7,2025-01-01,2025-12-31,success,0,2026-08-06T09:17:43,
TILB-7,2026-01-01,2026-07-27,success,0,2026-08-06T09:17:43,
TILB-8,2015-01-01,2015-12-31,success,0,2026-08-06T09:17:43,
TILB-8,2016-01-01,2016-12-31,success,0,2026-08-06T09:17:44,
TILB-8,2017-01-01,2017-12-31,success,0,2026-08-06T09:17:44,
TILB-8,2018-01-01,2018-12-31,success,0,2026-08-06T09:17:44,
TILB-8,2019-01-01,2019-12-31,success,0,2026-08-06T09:17:44,
TILB-8,2020-01-01,2020-12-31,success,0,2026-08-06T09:17:45,
TILB-8,2021-01-01,2021-12-31,success,0,2026-08-06T09:17:45,
TILB-8,2022-01-01,2022-12-31,success,0,2026-08-06T09:17:45,
TILB-8,2023-01-01,2023-12-31,success,0,2026-08-06T09:17:45,
TILB-8,2024-01-01,2024-12-31,success,0,2026-08-06T09:17:45,
TILB-8,2025-01-01,2025-12-31,success,0,2026-08-06T09:17:45,
TILB-8,2026-01-01,2026-07-27,success,0,2026-08-06T09:17:46,
TILB-9,2015-01-01,2015-12-31,success,0,2026-08-06T09:17:46,
TILB-9,2016-01-01,2016-12-31,success,0,2026-08-06T09:17:46,
TILB-9,2017-01-01,2017-12-31,success,0,2026-08-06T09:17:46,
TILB-9,2018-01-01,2018-12-31,success,0,2026-08-06T09:17:46,
TILB-9,2019-01-01,2019-12-31,success,0,2026-08-06T09:17:47,
TILB-9,2020-01-01,2020-12-31,success,0,2026-08-06T09:17:47,
TILB-9,2021-01-01,2021-12-31,success,0,2026-08-06T09:17:47,
TILB-9,2022-01-01,2022-12-31,success,0,2026-08-06T09:17:47,
TILB-9,2023-01-01,2023-12-31,success,0,2026-08-06T09:17:47,
TILB-9,2024-01-01,2024-12-31,success,0,2026-08-06T09:17:48,
TILB-9,2025-01-01,2025-12-31,success,0,2026-08-06T09:17:48,
TILB-9,2026-01-01,2026-07-27,success,0,2026-08-06T09:17:48,
TILB0G,2015-01-01,2015-12-31,success,0,2026-08-06T09:17:48,
TILB0G,2016-01-01,2016-12-31,success,0,2026-08-06T09:17:49,
TILB0G,2017-01-01,2017-12-31,success,0,2026-08-06T09:17:49,
TILB0G,2018-01-01,2018-12-31,success,0,2026-08-06T09:17:49,
TILB0G,2019-01-01,2019-12-31,success,0,2026-08-06T09:17:49,
TILB0G,2020-01-01,2020-12-31,success,0,2026-08-06T09:17:49,
TILB0G,2021-01-01,2021-12-31,success,0,2026-08-06T09:17:50,
TILB0G,2022-01-01,2022-12-31,success,0,2026-08-06T09:17:50,
TILB0G,2023-01-01,2023-12-31,success,0,2026-08-06T09:17:50,
TILB0G,2024-01-01,2024-12-31,success,0,2026-08-06T09:17:50,
TILB0G,2025-01-01,2025-12-31,success,0,2026-08-06T09:17:50,
TILB0G,2026-01-01,2026-07-27,success,0,2026-08-06T09:17:51,
TILB7G,2015-01-01,2015-12-31,success,0,2026-08-06T09:17:51,
TILB7G,2016-01-01,2016-12-31,success,0,2026-08-06T09:17:51,
TILB7G,2017-01-01,2017-12-31,success,0,2026-08-06T09:17:51,
TILB7G,2018-01-01,2018-12-31,success,0,2026-08-06T09:17:52,
TILB7G,2019-01-01,2019-12-31,success,0,2026-08-06T09:17:52,
TILB7G,2020-01-01,2020-12-31,success,0,2026-08-06T09:17:52,
TILB7G,2021-01-01,2021-12-31,success,0,2026-08-06T09:17:52,
TILB7G,2022-01-01,2022-12-31,success,0,2026-08-06T09:17:53,
TILB7G,2023-01-01,2023-12-31,success,0,2026-08-06T09:17:53,
TILB7G,2024-01-01,2024-12-31,success,0,2026-08-06T09:17:53,
TILB7G,2025-01-01,2025-12-31,success,0,2026-08-06T09:17:53,
TILB7G,2026-01-01,2026-07-27,success,0,2026-08-06T09:17:53,
TILB8G,2015-01-01,2015-12-31,success,0,2026-08-06T09:17:54,
TILB8G,2016-01-01,2016-12-31,success,0,2026-08-06T09:17:54,
TILB8G,2017-01-01,2017-12-31,success,0,2026-08-06T09:17:54,
TILB8G,2018-01-01,2018-12-31,success,0,2026-08-06T09:17:54,
TILB8G,2019-01-01,2019-12-31,success,0,2026-08-06T09:17:54,
TILB8G,2020-01-01,2020-12-31,success,0,2026-08-06T09:17:55,
TILB8G,2021-01-01,2021-12-31,success,0,2026-08-06T09:17:55,
TILB8G,2022-01-01,2022-12-31,success,0,2026-08-06T09:17:55,
TILB8G,2023-01-01,2023-12-31,success,0,2026-08-06T09:17:55,
TILB8G,2024-01-01,2024-12-31,success,0,2026-08-06T09:17:55,
TILB8G,2025-01-01,2025-12-31,success,0,2026-08-06T09:17:56,
TILB8G,2026-01-01,2026-07-27,success,0,2026-08-06T09:17:56,
TILB9G,2015-01-01,2015-12-31,success,0,2026-08-06T09:17:56,
TILB9G,2016-01-01,2016-12-31,success,0,2026-08-06T09:17:56,
TILB9G,2017-01-01,2017-12-31,success,0,2026-08-06T09:17:56,
TILB9G,2018-01-01,2018-12-31,success,0,2026-08-06T09:17:57,
TILB9G,2019-01-01,2019-12-31,success,0,2026-08-06T09:17:57,
TILB9G,2020-01-01,2020-12-31,success,0,2026-08-06T09:17:57,
TILB9G,2021-01-01,2021-12-31,success,0,2026-08-06T09:17:57,
TILB9G,2022-01-01,2022-12-31,success,0,2026-08-06T09:17:57,
TILB9G,2023-01-01,2023-12-31,success,0,2026-08-06T09:17:58,
TILB9G,2024-01-01,2024-12-31,success,0,2026-08-06T09:17:58,
TILB9G,2025-01-01,2025-12-31,success,0,2026-08-06T09:17:58,
TILB9G,2026-01-01,2026-07-27,success,0,2026-08-06T09:17:58,
TKNEW-1,2015-01-01,2015-12-31,success,0,2026-08-06T09:17:58,
TKNEW-1,2016-01-01,2016-12-31,success,0,2026-08-06T09:17:59,
TKNEW-1,2017-01-01,2017-12-31,success,0,2026-08-06T09:17:59,
TKNEW-1,2018-01-01,2018-12-31,success,0,2026-08-06T09:17:59,
TKNEW-1,2019-01-01,2019-12-31,success,0,2026-08-06T09:17:59,
TKNEW-1,2020-01-01,2020-12-31,success,4131,2026-08-06T09:17:59,
TKNEW-1,2021-01-01,2021-12-31,success,17473,2026-08-06T09:18:00,
TKNEW-1,2022-01-01,2022-12-31,success,17473,2026-08-06T09:18:01,
TKNEW-1,2023-01-01,2023-12-31,success,17473,2026-08-06T09:18:01,
TKNEW-1,2024-01-01,2024-12-31,success,17521,2026-08-06T09:18:02,
TKNEW-1,2025-01-01,2025-12-31,success,17473,2026-08-06T09:18:03,
TKNEW-1,2026-01-01,2026-07-27,success,9937,2026-08-06T09:18:03,
TKNWW-1,2015-01-01,2015-12-31,success,0,2026-08-06T09:18:04,
TKNWW-1,2016-01-01,2016-12-31,success,0,2026-08-06T09:18:04,
TKNWW-1,2017-01-01,2017-12-31,success,0,2026-08-06T09:18:04,
TKNWW-1,2018-01-01,2018-12-31,success,0,2026-08-06T09:18:04,
TKNWW-1,2019-01-01,2019-12-31,success,0,2026-08-06T09:18:04,
TKNWW-1,2020-01-01,2020-12-31,success,1057,2026-08-06T09:18:05,
TKNWW-1,2021-01-01,2021-12-31,success,17473,2026-08-06T09:18:05,
TKNWW-1,2022-01-01,2022-12-31,success,17473,2026-08-06T09:18:06,
TKNWW-1,2023-01-01,2023-12-31,success,17473,2026-08-06T09:18:07,
TKNWW-1,2024-01-01,2024-12-31,success,17521,2026-08-06T09:18:07,
TKNWW-1,2025-01-01,2025-12-31,success,17473,2026-08-06T09:18:08,
TKNWW-1,2026-01-01,2026-07-27,success,9937,2026-08-06T09:18:09,
TLYMW-1,2015-01-01,2015-12-31,success,0,2026-08-06T09:18:09,
TLYMW-1,2016-01-01,2016-12-31,success,0,2026-08-06T09:18:09,
TLYMW-1,2017-01-01,2017-12-31,success,0,2026-08-06T09:18:10,
TLYMW-1,2018-01-01,2018-12-31,success,0,2026-08-06T09:18:10,
TLYMW-1,2019-01-01,2019-12-31,success,15985,2026-08-06T09:18:10,
TLYMW-1,2020-01-01,2020-12-31,success,17473,2026-08-06T09:18:11,
TLYMW-1,2021-01-01,2021-12-31,success,17473,2026-08-06T09:18:12,
TLYMW-1,2022-01-01,2022-12-31,success,17473,2026-08-06T09:18:12,
TLYMW-1,2023-01-01,2023-12-31,success,17473,2026-08-06T09:18:13,
TLYMW-1,2024-01-01,2024-12-31,success,17521,2026-08-06T09:18:14,
TLYMW-1,2025-01-01,2025-12-31,success,17473,2026-08-06T09:18:15,
TLYMW-1,2026-01-01,2026-07-27,success,9937,2026-08-06T09:18:15,
TMNCW-1,2015-01-01,2015-12-31,success,0,2026-08-06T09:18:15,
TMNCW-1,2016-01-01,2016-12-31,success,0,2026-08-06T09:18:16,
TMNCW-1,2017-01-01,2017-12-31,success,0,2026-08-06T09:18:16,
TMNCW-1,2018-01-01,2018-12-31,success,0,2026-08-06T09:18:16,
TMNCW-1,2019-01-01,2019-12-31,success,10707,2026-08-06T09:18:16,
TMNCW-1,2020-01-01,2020-12-31,success,17473,2026-08-06T09:18:17,
TMNCW-1,2021-01-01,2021-12-31,success,17473,2026-08-06T09:18:18,
TMNCW-1,2022-01-01,2022-12-31,success,17473,2026-08-06T09:18:18,
TMNCW-1,2023-01-01,2023-12-31,success,17473,2026-08-06T09:18:19,
TMNCW-1,2024-01-01,2024-12-31,success,17521,2026-08-06T09:18:20,
TMNCW-1,2025-01-01,2025-12-31,success,17473,2026-08-06T09:18:20,
TMNCW-1,2026-01-01,2026-07-27,success,9937,2026-08-06T09:18:21,
TMWLW-1,2015-01-01,2015-12-31,success,0,2026-08-06T09:18:21,
TMWLW-1,2016-01-01,2016-12-31,success,0,2026-08-06T09:18:21,
TMWLW-1,2017-01-01,2017-12-31,success,0,2026-08-06T09:18:21,
TMWLW-1,2018-01-01,2018-12-31,success,0,2026-08-06T09:18:21,
TMWLW-1,2019-01-01,2019-12-31,success,0,2026-08-06T09:18:22,
TMWLW-1,2020-01-01,2020-12-31,success,0,2026-08-06T09:18:22,
TMWLW-1,2021-01-01,2021-12-31,success,0,2026-08-06T09:18:22,
TMWLW-1,2022-01-01,2022-12-31,success,0,2026-08-06T09:18:22,
TMWLW-1,2023-01-01,2023-12-31,success,0,2026-08-06T09:18:22,
TMWLW-1,2024-01-01,2024-12-31,success,0,2026-08-06T09:18:23,
TMWLW-1,2025-01-01,2025-12-31,success,0,2026-08-06T09:18:23,
TMWLW-1,2026-01-01,2026-07-27,success,0,2026-08-06T09:18:23,
TONG-1,2015-01-01,2015-12-31,success,0,2026-08-06T09:18:23,
TONG-1,2016-01-01,2016-12-31,success,0,2026-08-06T09:18:23,
TONG-1,2017-01-01,2017-12-31,success,0,2026-08-06T09:18:23,
TONG-1,2018-01-01,2018-12-31,success,0,2026-08-06T09:18:24,
TONG-1,2019-01-01,2019-12-31,success,0,2026-08-06T09:18:24,
TONG-1,2020-01-01,2020-12-31,success,0,2026-08-06T09:18:24,
TONG-1,2021-01-01,2021-12-31,success,0,2026-08-06T09:18:24,
TONG-1,2022-01-01,2022-12-31,success,0,2026-08-06T09:18:24,
TONG-1,2023-01-01,2023-12-31,success,0,2026-08-06T09:18:29,
TONG-1,2024-01-01,2024-12-31,success,0,2026-08-06T09:18:30,
TONG-1,2025-01-01,2025-12-31,success,0,2026-08-06T09:18:30,
TONG-1,2026-01-01,2026-07-27,success,0,2026-08-06T09:18:30,
TONG-2,2015-01-01,2015-12-31,success,0,2026-08-06T09:18:30,
TONG-2,2016-01-01,2016-12-31,success,0,2026-08-06T09:18:30,
TONG-2,2017-01-01,2017-12-31,success,0,2026-08-06T09:18:31,
TONG-2,2018-01-01,2018-12-31,success,0,2026-08-06T09:18:31,
TONG-2,2019-01-01,2019-12-31,success,0,2026-08-06T09:18:31,
TONG-2,2020-01-01,2020-12-31,success,0,2026-08-06T09:18:31,
TONG-2,2021-01-01,2021-12-31,success,0,2026-08-06T09:18:31,
TONG-2,2022-01-01,2022-12-31,success,0,2026-08-06T09:18:32,
TONG-2,2023-01-01,2023-12-31,success,0,2026-08-06T09:18:32,
TONG-2,2024-01-01,2024-12-31,success,0,2026-08-06T09:18:37,
TONG-2,2025-01-01,2025-12-31,success,0,2026-08-06T09:18:37,
TONG-2,2026-01-01,2026-07-27,success,0,2026-08-06T09:18:37,
TONG-3,2015-01-01,2015-12-31,success,0,2026-08-06T09:18:37,
TONG-3,2016-01-01,2016-12-31,success,0,2026-08-06T09:18:38,
TONG-3,2017-01-01,2017-12-31,success,0,2026-08-06T09:18:38,
TONG-3,2018-01-01,2018-12-31,success,0,2026-08-06T09:18:38,
TONG-3,2019-01-01,2019-12-31,success,0,2026-08-06T09:18:38,
TONG-3,2020-01-01,2020-12-31,success,0,2026-08-06T09:18:38,
TONG-3,2021-01-01,2021-12-31,success,0,2026-08-06T09:18:39,
TONG-3,2022-01-01,2022-12-31,success,0,2026-08-06T09:18:39,
TONG-3,2023-01-01,2023-12-31,success,0,2026-08-06T09:18:39,
TONG-3,2024-01-01,2024-12-31,success,0,2026-08-06T09:18:39,
TONG-3,2025-01-01,2025-12-31,success,0,2026-08-06T09:18:39,
TONG-3,2026-01-01,2026-07-27,success,0,2026-08-06T09:18:40,
TORN-1,2015-01-01,2015-12-31,success,0,2026-08-06T09:18:40,
TORN-1,2016-01-01,2016-12-31,success,0,2026-08-06T09:18:40,
TORN-1,2017-01-01,2017-12-31,success,0,2026-08-06T09:18:40,
TORN-1,2018-01-01,2018-12-31,success,0,2026-08-06T09:18:40,
TORN-1,2019-01-01,2019-12-31,success,15985,2026-08-06T09:18:41,
TORN-1,2020-01-01,2020-12-31,success,17473,2026-08-06T09:18:42,
TORN-1,2021-01-01,2021-12-31,success,17473,2026-08-06T09:18:42,
TORN-1,2022-01-01,2022-12-31,success,17473,2026-08-06T09:18:43,
TORN-1,2023-01-01,2023-12-31,success,17473,2026-08-06T09:18:43,
TORN-1,2024-01-01,2024-12-31,success,17521,2026-08-06T09:18:44,
TORN-1,2025-01-01,2025-12-31,success,17473,2026-08-06T09:18:45,
TORN-1,2026-01-01,2026-07-27,success,9937,2026-08-06T09:18:45,
TORN-2,2015-01-01,2015-12-31,success,0,2026-08-06T09:18:45,
TORN-2,2016-01-01,2016-12-31,success,0,2026-08-06T09:18:45,
TORN-2,2017-01-01,2017-12-31,success,0,2026-08-06T09:18:46,
TORN-2,2018-01-01,2018-12-31,success,0,2026-08-06T09:18:46,
TORN-2,2019-01-01,2019-12-31,success,15985,2026-08-06T09:18:46,
TORN-2,2020-01-01,2020-12-31,success,17473,2026-08-06T09:18:48,
TORN-2,2021-01-01,2021-12-31,success,17473,2026-08-06T09:18:48,
TORN-2,2022-01-01,2022-12-31,success,17473,2026-08-06T09:18:49,
TORN-2,2023-01-01,2023-12-31,success,17473,2026-08-06T09:18:50,
TORN-2,2024-01-01,2024-12-31,success,17521,2026-08-06T09:18:50,
TORN-2,2025-01-01,2025-12-31,success,17473,2026-08-06T09:18:51,
TORN-2,2026-01-01,2026-07-27,success,9937,2026-08-06T09:18:51,
TRLGW-1,2015-01-01,2015-12-31,success,0,2026-08-06T09:18:51,
TRLGW-1,2016-01-01,2016-12-31,success,0,2026-08-06T09:18:51,
TRLGW-1,2017-01-01,2017-12-31,success,0,2026-08-06T09:18:52,
TRLGW-1,2018-01-01,2018-12-31,success,0,2026-08-06T09:18:52,
TRLGW-1,2019-01-01,2019-12-31,success,0,2026-08-06T09:18:52,
TRLGW-1,2020-01-01,2020-12-31,success,7251,2026-08-06T09:18:52,
TRLGW-1,2021-01-01,2021-12-31,success,17473,2026-08-06T09:18:53,
TRLGW-1,2022-01-01,2022-12-31,success,17473,2026-08-06T09:18:53,
TRLGW-1,2023-01-01,2023-12-31,success,17473,2026-08-06T09:18:54,
TRLGW-1,2024-01-01,2024-12-31,success,17521,2026-08-06T09:18:55,
TRLGW-1,2025-01-01,2025-12-31,success,17473,2026-08-06T09:18:55,
TRLGW-1,2026-01-01,2026-07-27,success,9937,2026-08-06T09:18:56,
TSREP-1,2015-01-01,2015-12-31,success,0,2026-08-06T09:18:56,
TSREP-1,2016-01-01,2016-12-31,success,0,2026-08-06T09:18:56,
TSREP-1,2017-01-01,2017-12-31,success,0,2026-08-06T09:18:56,
TSREP-1,2018-01-01,2018-12-31,success,0,2026-08-06T09:18:57,
TSREP-1,2019-01-01,2019-12-31,success,15985,2026-08-06T09:18:57,
TSREP-1,2020-01-01,2020-12-31,success,17473,2026-08-06T09:18:58,
TSREP-1,2021-01-01,2021-12-31,success,17473,2026-08-06T09:18:58,
TSREP-1,2022-01-01,2022-12-31,success,17473,2026-08-06T09:18:59,
TSREP-1,2023-01-01,2023-12-31,success,17473,2026-08-06T09:18:59,
TSREP-1,2024-01-01,2024-12-31,success,17521,2026-08-06T09:19:00,
TSREP-1,2025-01-01,2025-12-31,success,17473,2026-08-06T09:19:00,
TSREP-1,2026-01-01,2026-07-27,success,9937,2026-08-06T09:19:01,
TULWW-1,2015-01-01,2015-12-31,success,0,2026-08-06T09:19:01,
TULWW-1,2016-01-01,2016-12-31,success,0,2026-08-06T09:19:01,
TULWW-1,2017-01-01,2017-12-31,success,0,2026-08-06T09:19:01,
TULWW-1,2018-01-01,2018-12-31,success,0,2026-08-06T09:19:01,
TULWW-1,2019-01-01,2019-12-31,success,15985,2026-08-06T09:19:02,
TULWW-1,2020-01-01,2020-12-31,success,17473,2026-08-06T09:19:03,
TULWW-1,2021-01-01,2021-12-31,success,17473,2026-08-06T09:19:03,
TULWW-1,2022-01-01,2022-12-31,success,17473,2026-08-06T09:19:04,
TULWW-1,2023-01-01,2023-12-31,success,17473,2026-08-06T09:19:05,
TULWW-1,2024-01-01,2024-12-31,success,17521,2026-08-06T09:19:05,
TULWW-1,2025-01-01,2025-12-31,success,17473,2026-08-06T09:19:06,
TULWW-1,2026-01-01,2026-07-27,success,9937,2026-08-06T09:19:06,
TULWW-2,2015-01-01,2015-12-31,success,0,2026-08-06T09:19:06,
TULWW-2,2016-01-01,2016-12-31,success,0,2026-08-06T09:19:07,
TULWW-2,2017-01-01,2017-12-31,success,0,2026-08-06T09:19:07,
TULWW-2,2018-01-01,2018-12-31,success,0,2026-08-06T09:19:07,
TULWW-2,2019-01-01,2019-12-31,success,15985,2026-08-06T09:19:08,
TULWW-2,2020-01-01,2020-12-31,success,17473,2026-08-06T09:19:08,
TULWW-2,2021-01-01,2021-12-31,success,17473,2026-08-06T09:19:09,
TULWW-2,2022-01-01,2022-12-31,success,17473,2026-08-06T09:19:10,
TULWW-2,2023-01-01,2023-12-31,success,17473,2026-08-06T09:19:10,
TULWW-2,2024-01-01,2024-12-31,success,17521,2026-08-06T09:19:11,
TULWW-2,2025-01-01,2025-12-31,success,17473,2026-08-06T09:19:12,
TULWW-2,2026-01-01,2026-07-27,success,9937,2026-08-06T09:19:12,
TUMB-1,2015-01-01,2015-12-31,success,0,2026-08-06T09:19:12,
TUMB-1,2016-01-01,2016-12-31,success,0,2026-08-06T09:19:12,
TUMB-1,2017-01-01,2017-12-31,success,0,2026-08-06T09:19:12,
TUMB-1,2018-01-01,2018-12-31,success,0,2026-08-06T09:19:13,
TUMB-1,2019-01-01,2019-12-31,success,0,2026-08-06T09:19:13,
TUMB-1,2020-01-01,2020-12-31,success,0,2026-08-06T09:19:13,
TUMB-1,2021-01-01,2021-12-31,success,0,2026-08-06T09:19:13,
TUMB-1,2022-01-01,2022-12-31,success,0,2026-08-06T09:19:13,
TUMB-1,2023-01-01,2023-12-31,success,0,2026-08-06T09:19:14,
TUMB-1,2024-01-01,2024-12-31,success,0,2026-08-06T09:19:14,
TUMB-1,2025-01-01,2025-12-31,success,0,2026-08-06T09:19:14,
TUMB-1,2026-01-01,2026-07-27,success,0,2026-08-06T09:19:14,
TUMB-2,2015-01-01,2015-12-31,success,0,2026-08-06T09:19:14,
TUMB-2,2016-01-01,2016-12-31,success,0,2026-08-06T09:19:15,
TUMB-2,2017-01-01,2017-12-31,success,0,2026-08-06T09:19:15,
TUMB-2,2018-01-01,2018-12-31,success,0,2026-08-06T09:19:15,
TUMB-2,2019-01-01,2019-12-31,success,0,2026-08-06T09:19:15,
TUMB-2,2020-01-01,2020-12-31,success,0,2026-08-06T09:19:15,
TUMB-2,2021-01-01,2021-12-31,success,0,2026-08-06T09:19:15,
TUMB-2,2022-01-01,2022-12-31,success,0,2026-08-06T09:19:16,
TUMB-2,2023-01-01,2023-12-31,success,0,2026-08-06T09:19:16,
TUMB-2,2024-01-01,2024-12-31,success,0,2026-08-06T09:19:16,
TUMB-2,2025-01-01,2025-12-31,success,0,2026-08-06T09:19:16,
TUMB-2,2026-01-01,2026-07-27,success,0,2026-08-06T09:19:16,
TWSHW-1,2015-01-01,2015-12-31,success,0,2026-08-06T09:19:17,
TWSHW-1,2016-01-01,2016-12-31,success,0,2026-08-06T09:19:17,
TWSHW-1,2017-01-01,2017-12-31,success,0,2026-08-06T09:19:17,
TWSHW-1,2018-01-01,2018-12-31,success,0,2026-08-06T09:19:17,
TWSHW-1,2019-01-01,2019-12-31,success,0,2026-08-06T09:19:17,
TWSHW-1,2020-01-01,2020-12-31,success,0,2026-08-06T09:19:17,
TWSHW-1,2021-01-01,2021-12-31,success,4851,2026-08-06T09:19:18,
TWSHW-1,2022-01-01,2022-12-31,success,17473,2026-08-06T09:19:19,
TWSHW-1,2023-01-01,2023-12-31,success,17473,2026-08-06T09:19:19,
TWSHW-1,2024-01-01,2024-12-31,success,17521,2026-08-06T09:19:20,
TWSHW-1,2025-01-01,2025-12-31,success,17473,2026-08-06T09:19:20,
TWSHW-1,2026-01-01,2026-07-27,success,9937,2026-08-06T09:19:21,
USKM-13,2015-01-01,2015-12-31,success,0,2026-08-06T09:19:21,
USKM-13,2016-01-01,2016-12-31,success,0,2026-08-06T09:19:21,
USKM-13,2017-01-01,2017-12-31,success,0,2026-08-06T09:19:21,
USKM-13,2018-01-01,2018-12-31,success,0,2026-08-06T09:19:21,
USKM-13,2019-01-01,2019-12-31,success,15985,2026-08-06T09:19:22,
USKM-13,2020-01-01,2020-12-31,success,17473,2026-08-06T09:19:23,
USKM-13,2021-01-01,2021-12-31,success,17473,2026-08-06T09:19:23,
USKM-13,2022-01-01,2022-12-31,success,17473,2026-08-06T09:19:24,
USKM-13,2023-01-01,2023-12-31,success,17473,2026-08-06T09:19:24,
USKM-13,2024-01-01,2024-12-31,success,7630,2026-08-06T09:19:25,
USKM-13,2025-01-01,2025-12-31,success,0,2026-08-06T09:19:25,
USKM-13,2026-01-01,2026-07-27,success,0,2026-08-06T09:19:25,
USKM-14,2015-01-01,2015-12-31,success,0,2026-08-06T09:19:25,
USKM-14,2016-01-01,2016-12-31,success,0,2026-08-06T09:19:25,
USKM-14,2017-01-01,2017-12-31,success,0,2026-08-06T09:19:26,
USKM-14,2018-01-01,2018-12-31,success,0,2026-08-06T09:19:26,
USKM-14,2019-01-01,2019-12-31,success,15985,2026-08-06T09:19:26,
USKM-14,2020-01-01,2020-12-31,success,17473,2026-08-06T09:19:27,
USKM-14,2021-01-01,2021-12-31,success,17473,2026-08-06T09:19:28,
USKM-14,2022-01-01,2022-12-31,success,17473,2026-08-06T09:19:29,
USKM-14,2023-01-01,2023-12-31,success,17473,2026-08-06T09:19:29,
USKM-14,2024-01-01,2024-12-31,success,7630,2026-08-06T09:19:30,
USKM-14,2025-01-01,2025-12-31,success,0,2026-08-06T09:19:30,
USKM-14,2026-01-01,2026-07-27,success,0,2026-08-06T09:19:30,
USKM-15,2015-01-01,2015-12-31,success,0,2026-08-06T09:19:31,
USKM-15,2016-01-01,2016-12-31,success,0,2026-08-06T09:19:31,
USKM-15,2017-01-01,2017-12-31,success,0,2026-08-06T09:19:31,
USKM-15,2018-01-01,2018-12-31,success,0,2026-08-06T09:19:31,
USKM-15,2019-01-01,2019-12-31,success,15985,2026-08-06T09:19:32,
USKM-15,2020-01-01,2020-12-31,success,17473,2026-08-06T09:19:33,
USKM-15,2021-01-01,2021-12-31,success,17473,2026-08-06T09:19:33,
USKM-15,2022-01-01,2022-12-31,success,17473,2026-08-06T09:19:34,
USKM-15,2023-01-01,2023-12-31,success,17473,2026-08-06T09:19:35,
USKM-15,2024-01-01,2024-12-31,success,7630,2026-08-06T09:19:35,
USKM-15,2025-01-01,2025-12-31,success,0,2026-08-06T09:19:36,
USKM-15,2026-01-01,2026-07-27,success,0,2026-08-06T09:19:36,
WBUGT-1,2015-01-01,2015-12-31,success,0,2026-08-06T09:19:36,
WBUGT-1,2016-01-01,2016-12-31,success,0,2026-08-06T09:19:36,
WBUGT-1,2017-01-01,2017-12-31,success,0,2026-08-06T09:19:36,
WBUGT-1,2018-01-01,2018-12-31,success,0,2026-08-06T09:19:37,
WBUGT-1,2019-01-01,2019-12-31,success,15985,2026-08-06T09:19:37,
WBUGT-1,2020-01-01,2020-12-31,success,17473,2026-08-06T09:19:38,
WBUGT-1,2021-01-01,2021-12-31,success,17473,2026-08-06T09:19:38,
WBUGT-1,2022-01-01,2022-12-31,success,17473,2026-08-06T09:19:39,
WBUGT-1,2023-01-01,2023-12-31,success,17473,2026-08-06T09:19:40,
WBUGT-1,2024-01-01,2024-12-31,success,0,2026-08-06T09:19:40,
WBUGT-1,2025-01-01,2025-12-31,success,0,2026-08-06T09:19:40,
WBUGT-1,2026-01-01,2026-07-27,success,0,2026-08-06T09:19:40,
WBUGT-4,2015-01-01,2015-12-31,success,0,2026-08-06T09:19:41,
WBUGT-4,2016-01-01,2016-12-31,success,0,2026-08-06T09:19:41,
WBUGT-4,2017-01-01,2017-12-31,success,0,2026-08-06T09:19:41,
WBUGT-4,2018-01-01,2018-12-31,success,0,2026-08-06T09:19:41,
WBUGT-4,2019-01-01,2019-12-31,success,15985,2026-08-06T09:19:42,
WBUGT-4,2020-01-01,2020-12-31,success,17473,2026-08-06T09:19:42,
WBUGT-4,2021-01-01,2021-12-31,success,17473,2026-08-06T09:19:43,
WBUGT-4,2022-01-01,2022-12-31,success,17473,2026-08-06T09:19:44,
WBUGT-4,2023-01-01,2023-12-31,success,17473,2026-08-06T09:19:45,
WBUGT-4,2024-01-01,2024-12-31,success,0,2026-08-06T09:19:45,
WBUGT-4,2025-01-01,2025-12-31,success,0,2026-08-06T09:19:45,
WBUGT-4,2026-01-01,2026-07-27,success,0,2026-08-06T09:19:45,
WBUPS-1,2015-01-01,2015-12-31,success,0,2026-08-06T09:19:46,
WBUPS-1,2016-01-01,2016-12-31,success,0,2026-08-06T09:19:46,
WBUPS-1,2017-01-01,2017-12-31,success,0,2026-08-06T09:19:46,
WBUPS-1,2018-01-01,2018-12-31,success,0,2026-08-06T09:19:46,
WBUPS-1,2019-01-01,2019-12-31,success,15985,2026-08-06T09:19:47,
WBUPS-1,2020-01-01,2020-12-31,success,17473,2026-08-06T09:19:47,
WBUPS-1,2021-01-01,2021-12-31,success,17473,2026-08-06T09:19:48,
WBUPS-1,2022-01-01,2022-12-31,success,17473,2026-08-06T09:19:49,
WBUPS-1,2023-01-01,2023-12-31,success,17473,2026-08-06T09:19:49,
WBUPS-1,2024-01-01,2024-12-31,success,0,2026-08-06T09:19:49,
WBUPS-1,2025-01-01,2025-12-31,success,0,2026-08-06T09:19:50,
WBUPS-1,2026-01-01,2026-07-27,success,0,2026-08-06T09:19:50,
WBUPS-2,2015-01-01,2015-12-31,success,0,2026-08-06T09:19:50,
WBUPS-2,2016-01-01,2016-12-31,success,0,2026-08-06T09:19:50,
WBUPS-2,2017-01-01,2017-12-31,success,0,2026-08-06T09:19:50,
WBUPS-2,2018-01-01,2018-12-31,success,0,2026-08-06T09:19:51,
WBUPS-2,2019-01-01,2019-12-31,success,15985,2026-08-06T09:19:51,
WBUPS-2,2020-01-01,2020-12-31,success,17473,2026-08-06T09:19:52,
WBUPS-2,2021-01-01,2021-12-31,success,17473,2026-08-06T09:19:53,
WBUPS-2,2022-01-01,2022-12-31,success,17473,2026-08-06T09:19:53,
WBUPS-2,2023-01-01,2023-12-31,success,17473,2026-08-06T09:19:54,
WBUPS-2,2024-01-01,2024-12-31,success,0,2026-08-06T09:19:54,
WBUPS-2,2025-01-01,2025-12-31,success,0,2026-08-06T09:19:54,
WBUPS-2,2026-01-01,2026-07-27,success,0,2026-08-06T09:19:55,
WBUPS-3,2015-01-01,2015-12-31,success,0,2026-08-06T09:19:55,
WBUPS-3,2016-01-01,2016-12-31,success,0,2026-08-06T09:19:55,
WBUPS-3,2017-01-01,2017-12-31,success,0,2026-08-06T09:19:55,
WBUPS-3,2018-01-01,2018-12-31,success,0,2026-08-06T09:19:55,
WBUPS-3,2019-01-01,2019-12-31,success,15985,2026-08-06T09:19:56,
WBUPS-3,2020-01-01,2020-12-31,success,17473,2026-08-06T09:19:57,
WBUPS-3,2021-01-01,2021-12-31,success,17473,2026-08-06T09:19:57,
WBUPS-3,2022-01-01,2022-12-31,success,17473,2026-08-06T09:19:58,
WBUPS-3,2023-01-01,2023-12-31,success,17473,2026-08-06T09:19:59,
WBUPS-3,2024-01-01,2024-12-31,success,0,2026-08-06T09:19:59,
WBUPS-3,2025-01-01,2025-12-31,success,0,2026-08-06T09:19:59,
WBUPS-3,2026-01-01,2026-07-27,success,0,2026-08-06T09:19:59,
WBUPS-4,2015-01-01,2015-12-31,success,0,2026-08-06T09:19:59,
WBUPS-4,2016-01-01,2016-12-31,success,0,2026-08-06T09:20:00,
WBUPS-4,2017-01-01,2017-12-31,success,0,2026-08-06T09:20:00,
WBUPS-4,2018-01-01,2018-12-31,success,0,2026-08-06T09:20:00,
WBUPS-4,2019-01-01,2019-12-31,success,15985,2026-08-06T09:20:00,
WBUPS-4,2020-01-01,2020-12-31,success,17473,2026-08-06T09:20:01,
WBUPS-4,2021-01-01,2021-12-31,success,17473,2026-08-06T09:20:02,
WBUPS-4,2022-01-01,2022-12-31,success,17473,2026-08-06T09:20:02,
WBUPS-4,2023-01-01,2023-12-31,success,17473,2026-08-06T09:20:03,
WBUPS-4,2024-01-01,2024-12-31,success,0,2026-08-06T09:20:03,
WBUPS-4,2025-01-01,2025-12-31,success,0,2026-08-06T09:20:03,
WBUPS-4,2026-01-01,2026-07-27,success,0,2026-08-06T09:20:03,
WBURB-1,2015-01-01,2015-12-31,success,0,2026-08-06T09:20:04,
WBURB-1,2016-01-01,2016-12-31,success,0,2026-08-06T09:20:04,
WBURB-1,2017-01-01,2017-12-31,success,0,2026-08-06T09:20:04,
WBURB-1,2018-01-01,2018-12-31,success,0,2026-08-06T09:20:04,
WBURB-1,2019-01-01,2019-12-31,success,15985,2026-08-06T09:20:05,
WBURB-1,2020-01-01,2020-12-31,success,17473,2026-08-06T09:20:05,
WBURB-1,2021-01-01,2021-12-31,success,17473,2026-08-06T09:20:07,
WBURB-1,2022-01-01,2022-12-31,success,17473,2026-08-06T09:20:07,
WBURB-1,2023-01-01,2023-12-31,success,17473,2026-08-06T09:20:08,
WBURB-1,2024-01-01,2024-12-31,success,17521,2026-08-06T09:20:09,
WBURB-1,2025-01-01,2025-12-31,success,17473,2026-08-06T09:20:09,
WBURB-1,2026-01-01,2026-07-27,success,9937,2026-08-06T09:20:10,
WBURB-2,2015-01-01,2015-12-31,success,0,2026-08-06T09:20:10,
WBURB-2,2016-01-01,2016-12-31,success,0,2026-08-06T09:20:10,
WBURB-2,2017-01-01,2017-12-31,success,0,2026-08-06T09:20:10,
WBURB-2,2018-01-01,2018-12-31,success,0,2026-08-06T09:20:10,
WBURB-2,2019-01-01,2019-12-31,success,15985,2026-08-06T09:20:11,
WBURB-2,2020-01-01,2020-12-31,success,17473,2026-08-06T09:20:12,
WBURB-2,2021-01-01,2021-12-31,success,17473,2026-08-06T09:20:13,
WBURB-2,2022-01-01,2022-12-31,success,17473,2026-08-06T09:20:13,
WBURB-2,2023-01-01,2023-12-31,success,17473,2026-08-06T09:20:14,
WBURB-2,2024-01-01,2024-12-31,success,17521,2026-08-06T09:20:15,
WBURB-2,2025-01-01,2025-12-31,success,17473,2026-08-06T09:20:15,
WBURB-2,2026-01-01,2026-07-27,success,9937,2026-08-06T09:20:16,
WBURB-3,2015-01-01,2015-12-31,success,0,2026-08-06T09:20:16,
WBURB-3,2016-01-01,2016-12-31,success,0,2026-08-06T09:20:16,
WBURB-3,2017-01-01,2017-12-31,success,0,2026-08-06T09:20:16,
WBURB-3,2018-01-01,2018-12-31,success,0,2026-08-06T09:20:16,
WBURB-3,2019-01-01,2019-12-31,success,15985,2026-08-06T09:20:17,
WBURB-3,2020-01-01,2020-12-31,success,17473,2026-08-06T09:20:18,
WBURB-3,2021-01-01,2021-12-31,success,17473,2026-08-06T09:20:18,
WBURB-3,2022-01-01,2022-12-31,success,17473,2026-08-06T09:20:19,
WBURB-3,2023-01-01,2023-12-31,success,17473,2026-08-06T09:20:20,
WBURB-3,2024-01-01,2024-12-31,success,17521,2026-08-06T09:20:20,
WBURB-3,2025-01-01,2025-12-31,success,17473,2026-08-06T09:20:21,
WBURB-3,2026-01-01,2026-07-27,success,9937,2026-08-06T09:20:21,
WBURB-41,2015-01-01,2015-12-31,success,0,2026-08-06T09:20:22,
WBURB-41,2016-01-01,2016-12-31,success,0,2026-08-06T09:20:22,
WBURB-41,2017-01-01,2017-12-31,success,0,2026-08-06T09:20:22,
WBURB-41,2018-01-01,2018-12-31,success,0,2026-08-06T09:20:22,
WBURB-41,2019-01-01,2019-12-31,success,15985,2026-08-06T09:20:23,
WBURB-41,2020-01-01,2020-12-31,success,17473,2026-08-06T09:20:23,
WBURB-41,2021-01-01,2021-12-31,success,17473,2026-08-06T09:20:24,
WBURB-41,2022-01-01,2022-12-31,success,17473,2026-08-06T09:20:24,
WBURB-41,2023-01-01,2023-12-31,success,17473,2026-08-06T09:20:25,
WBURB-41,2024-01-01,2024-12-31,success,17521,2026-08-06T09:20:26,
WBURB-41,2025-01-01,2025-12-31,success,17473,2026-08-06T09:20:27,
WBURB-41,2026-01-01,2026-07-27,success,9937,2026-08-06T09:20:27,
WBURB-43,2015-01-01,2015-12-31,success,0,2026-08-06T09:20:27,
WBURB-43,2016-01-01,2016-12-31,success,0,2026-08-06T09:20:27,
WBURB-43,2017-01-01,2017-12-31,success,0,2026-08-06T09:20:27,
WBURB-43,2018-01-01,2018-12-31,success,0,2026-08-06T09:20:28,
WBURB-43,2019-01-01,2019-12-31,success,15985,2026-08-06T09:20:28,
WBURB-43,2020-01-01,2020-12-31,success,17473,2026-08-06T09:20:29,
WBURB-43,2021-01-01,2021-12-31,success,17473,2026-08-06T09:20:29,
WBURB-43,2022-01-01,2022-12-31,success,17473,2026-08-06T09:20:30,
WBURB-43,2023-01-01,2023-12-31,success,17473,2026-08-06T09:20:31,
WBURB-43,2024-01-01,2024-12-31,success,17521,2026-08-06T09:20:31,
WBURB-43,2025-01-01,2025-12-31,success,17473,2026-08-06T09:20:32,
WBURB-43,2026-01-01,2026-07-27,success,9937,2026-08-06T09:20:32,
WDNSO-1,2015-01-01,2015-12-31,success,0,2026-08-06T09:20:33,
WDNSO-1,2016-01-01,2016-12-31,success,0,2026-08-06T09:20:33,
WDNSO-1,2017-01-01,2017-12-31,success,0,2026-08-06T09:20:33,
WDNSO-1,2018-01-01,2018-12-31,success,0,2026-08-06T09:20:33,
WDNSO-1,2019-01-01,2019-12-31,success,15985,2026-08-06T09:20:34,
WDNSO-1,2020-01-01,2020-12-31,success,17473,2026-08-06T09:20:34,
WDNSO-1,2021-01-01,2021-12-31,success,17473,2026-08-06T09:20:35,
WDNSO-1,2022-01-01,2022-12-31,success,17473,2026-08-06T09:20:36,
WDNSO-1,2023-01-01,2023-12-31,success,17473,2026-08-06T09:20:36,
WDNSO-1,2024-01-01,2024-12-31,success,17521,2026-08-06T09:20:37,
WDNSO-1,2025-01-01,2025-12-31,success,17473,2026-08-06T09:20:37,
WDNSO-1,2026-01-01,2026-07-27,success,9937,2026-08-06T09:20:38,
WDNSO-2,2015-01-01,2015-12-31,success,0,2026-08-06T09:20:38,
WDNSO-2,2016-01-01,2016-12-31,success,0,2026-08-06T09:20:38,
WDNSO-2,2017-01-01,2017-12-31,success,0,2026-08-06T09:20:38,
WDNSO-2,2018-01-01,2018-12-31,success,0,2026-08-06T09:20:39,
WDNSO-2,2019-01-01,2019-12-31,success,15985,2026-08-06T09:20:39,
WDNSO-2,2020-01-01,2020-12-31,success,17473,2026-08-06T09:20:40,
WDNSO-2,2021-01-01,2021-12-31,success,17473,2026-08-06T09:20:41,
WDNSO-2,2022-01-01,2022-12-31,success,17473,2026-08-06T09:20:41,
WDNSO-2,2023-01-01,2023-12-31,success,17473,2026-08-06T09:20:42,
WDNSO-2,2024-01-01,2024-12-31,success,17521,2026-08-06T09:20:42,
WDNSO-2,2025-01-01,2025-12-31,success,17473,2026-08-06T09:20:43,
WDNSO-2,2026-01-01,2026-07-27,success,9937,2026-08-06T09:20:43,
WDRGW-1,2015-01-01,2015-12-31,success,0,2026-08-06T09:20:43,
WDRGW-1,2016-01-01,2016-12-31,success,0,2026-08-06T09:20:44,
WDRGW-1,2017-01-01,2017-12-31,success,0,2026-08-06T09:20:44,
WDRGW-1,2018-01-01,2018-12-31,success,0,2026-08-06T09:20:44,
WDRGW-1,2019-01-01,2019-12-31,success,0,2026-08-06T09:20:44,
WDRGW-1,2020-01-01,2020-12-31,success,0,2026-08-06T09:20:44,
WDRGW-1,2021-01-01,2021-12-31,success,12819,2026-08-06T09:20:45,
WDRGW-1,2022-01-01,2022-12-31,success,17473,2026-08-06T09:20:45,
WDRGW-1,2023-01-01,2023-12-31,success,17473,2026-08-06T09:20:46,
WDRGW-1,2024-01-01,2024-12-31,success,17521,2026-08-06T09:20:47,
WDRGW-1,2025-01-01,2025-12-31,success,17473,2026-08-06T09:20:47,
WDRGW-1,2026-01-01,2026-07-27,success,9937,2026-08-06T09:20:48,
WHIHW-1,2015-01-01,2015-12-31,success,0,2026-08-06T09:20:48,
WHIHW-1,2016-01-01,2016-12-31,success,0,2026-08-06T09:20:48,
WHIHW-1,2017-01-01,2017-12-31,success,0,2026-08-06T09:20:48,
WHIHW-1,2018-01-01,2018-12-31,success,0,2026-08-06T09:20:48,
WHIHW-1,2019-01-01,2019-12-31,success,15985,2026-08-06T09:20:49,
WHIHW-1,2020-01-01,2020-12-31,success,17473,2026-08-06T09:20:49,
WHIHW-1,2021-01-01,2021-12-31,success,17473,2026-08-06T09:20:50,
WHIHW-1,2022-01-01,2022-12-31,success,17473,2026-08-06T09:20:51,
WHIHW-1,2023-01-01,2023-12-31,success,17473,2026-08-06T09:20:51,
WHIHW-1,2024-01-01,2024-12-31,success,17521,2026-08-06T09:20:52,
WHIHW-1,2025-01-01,2025-12-31,success,17473,2026-08-06T09:20:52,
WHIHW-1,2026-01-01,2026-07-27,success,9937,2026-08-06T09:20:53,
WHILW-1,2015-01-01,2015-12-31,success,0,2026-08-06T09:20:53,
WHILW-1,2016-01-01,2016-12-31,success,0,2026-08-06T09:20:53,
WHILW-1,2017-01-01,2017-12-31,success,0,2026-08-06T09:20:53,
WHILW-1,2018-01-01,2018-12-31,success,0,2026-08-06T09:20:54,
WHILW-1,2019-01-01,2019-12-31,success,15985,2026-08-06T09:20:54,
WHILW-1,2020-01-01,2020-12-31,success,17473,2026-08-06T09:20:55,
WHILW-1,2021-01-01,2021-12-31,success,17473,2026-08-06T09:20:55,
WHILW-1,2022-01-01,2022-12-31,success,17473,2026-08-06T09:20:56,
WHILW-1,2023-01-01,2023-12-31,success,17473,2026-08-06T09:20:57,
WHILW-1,2024-01-01,2024-12-31,success,17521,2026-08-06T09:20:57,
WHILW-1,2025-01-01,2025-12-31,success,17473,2026-08-06T09:20:58,
WHILW-1,2026-01-01,2026-07-27,success,9937,2026-08-06T09:20:58,
WHILW-2,2015-01-01,2015-12-31,success,0,2026-08-06T09:20:58,
WHILW-2,2016-01-01,2016-12-31,success,0,2026-08-06T09:20:59,
WHILW-2,2017-01-01,2017-12-31,success,0,2026-08-06T09:20:59,
WHILW-2,2018-01-01,2018-12-31,success,0,2026-08-06T09:20:59,
WHILW-2,2019-01-01,2019-12-31,success,15985,2026-08-06T09:21:00,
WHILW-2,2020-01-01,2020-12-31,success,17473,2026-08-06T09:21:00,
WHILW-2,2021-01-01,2021-12-31,success,17473,2026-08-06T09:21:01,
WHILW-2,2022-01-01,2022-12-31,success,17473,2026-08-06T09:21:02,
WHILW-2,2023-01-01,2023-12-31,success,17473,2026-08-06T09:21:04,
WHILW-2,2024-01-01,2024-12-31,success,17521,2026-08-06T09:21:05,
WHILW-2,2025-01-01,2025-12-31,success,17473,2026-08-06T09:21:06,
WHILW-2,2026-01-01,2026-07-27,success,9937,2026-08-06T09:21:06,
WILCT-1,2015-01-01,2015-12-31,success,0,2026-08-06T09:21:07,
WILCT-1,2016-01-01,2016-12-31,success,0,2026-08-06T09:21:07,
WILCT-1,2017-01-01,2017-12-31,success,0,2026-08-06T09:21:07,
WILCT-1,2018-01-01,2018-12-31,success,0,2026-08-06T09:21:07,
WILCT-1,2019-01-01,2019-12-31,success,15985,2026-08-06T09:21:08,
WILCT-1,2020-01-01,2020-12-31,success,17473,2026-08-06T09:21:09,
WILCT-1,2021-01-01,2021-12-31,success,17473,2026-08-06T09:21:09,
WILCT-1,2022-01-01,2022-12-31,success,17473,2026-08-06T09:21:10,
WILCT-1,2023-01-01,2023-12-31,success,17473,2026-08-06T09:21:11,
WILCT-1,2024-01-01,2024-12-31,success,17521,2026-08-06T09:21:11,
WILCT-1,2025-01-01,2025-12-31,success,17473,2026-08-06T09:21:12,
WILCT-1,2026-01-01,2026-07-27,success,9937,2026-08-06T09:21:12,
WINN-1,2015-01-01,2015-12-31,success,0,2026-08-06T09:21:12,
WINN-1,2016-01-01,2016-12-31,success,0,2026-08-06T09:21:13,
WINN-1,2017-01-01,2017-12-31,success,0,2026-08-06T09:21:13,
WINN-1,2018-01-01,2018-12-31,success,0,2026-08-06T09:21:13,
WINN-1,2019-01-01,2019-12-31,success,0,2026-08-06T09:21:13,
WINN-1,2020-01-01,2020-12-31,success,0,2026-08-06T09:21:13,
WINN-1,2021-01-01,2021-12-31,success,0,2026-08-06T09:21:14,
WINN-1,2022-01-01,2022-12-31,success,0,2026-08-06T09:21:14,
WINN-1,2023-01-01,2023-12-31,success,0,2026-08-06T09:21:14,
WINN-1,2024-01-01,2024-12-31,success,0,2026-08-06T09:21:14,
WINN-1,2025-01-01,2025-12-31,success,0,2026-08-06T09:21:14,
WINN-1,2026-01-01,2026-07-27,success,0,2026-08-06T09:21:14,
WISTW-2,2015-01-01,2015-12-31,success,0,2026-08-06T09:21:15,
WISTW-2,2016-01-01,2016-12-31,success,0,2026-08-06T09:21:15,
WISTW-2,2017-01-01,2017-12-31,success,0,2026-08-06T09:21:15,
WISTW-2,2018-01-01,2018-12-31,success,0,2026-08-06T09:21:15,
WISTW-2,2019-01-01,2019-12-31,success,15985,2026-08-06T09:21:16,
WISTW-2,2020-01-01,2020-12-31,success,17473,2026-08-06T09:21:17,
WISTW-2,2021-01-01,2021-12-31,success,17473,2026-08-06T09:21:17,
WISTW-2,2022-01-01,2022-12-31,success,17473,2026-08-06T09:21:19,
WISTW-2,2023-01-01,2023-12-31,success,17473,2026-08-06T09:21:20,
WISTW-2,2024-01-01,2024-12-31,success,17521,2026-08-06T09:21:20,
WISTW-2,2025-01-01,2025-12-31,success,17473,2026-08-06T09:21:21,
WISTW-2,2026-01-01,2026-07-27,success,9937,2026-08-06T09:21:21,
WLNYO-2,2015-01-01,2015-12-31,success,0,2026-08-06T09:21:22,
WLNYO-2,2016-01-01,2016-12-31,success,0,2026-08-06T09:21:22,
WLNYO-2,2017-01-01,2017-12-31,success,0,2026-08-06T09:21:22,
WLNYO-2,2018-01-01,2018-12-31,success,0,2026-08-06T09:21:22,
WLNYO-2,2019-01-01,2019-12-31,success,15985,2026-08-06T09:21:23,
WLNYO-2,2020-01-01,2020-12-31,success,17473,2026-08-06T09:21:24,
WLNYO-2,2021-01-01,2021-12-31,success,17473,2026-08-06T09:21:24,
WLNYO-2,2022-01-01,2022-12-31,success,17473,2026-08-06T09:21:25,
WLNYO-2,2023-01-01,2023-12-31,success,17473,2026-08-06T09:21:25,
WLNYO-2,2024-01-01,2024-12-31,success,17521,2026-08-06T09:21:26,
WLNYO-2,2025-01-01,2025-12-31,success,17473,2026-08-06T09:21:26,
WLNYO-2,2026-01-01,2026-07-27,success,9937,2026-08-06T09:21:27,
WLNYO-3,2015-01-01,2015-12-31,success,0,2026-08-06T09:21:27,
WLNYO-3,2016-01-01,2016-12-31,success,0,2026-08-06T09:21:27,
WLNYO-3,2017-01-01,2017-12-31,success,0,2026-08-06T09:21:27,
WLNYO-3,2018-01-01,2018-12-31,success,0,2026-08-06T09:21:27,
WLNYO-3,2019-01-01,2019-12-31,success,15985,2026-08-06T09:21:28,
WLNYO-3,2020-01-01,2020-12-31,success,17473,2026-08-06T09:21:29,
WLNYO-3,2021-01-01,2021-12-31,success,17473,2026-08-06T09:21:29,
WLNYO-3,2022-01-01,2022-12-31,success,17473,2026-08-06T09:21:30,
WLNYO-3,2023-01-01,2023-12-31,success,17473,2026-08-06T09:21:30,
WLNYO-3,2024-01-01,2024-12-31,success,17521,2026-08-06T09:21:31,
WLNYO-3,2025-01-01,2025-12-31,success,17473,2026-08-06T09:21:32,
WLNYO-3,2026-01-01,2026-07-27,success,9937,2026-08-06T09:21:32,
WLNYO-4,2015-01-01,2015-12-31,success,0,2026-08-06T09:21:32,
WLNYO-4,2016-01-01,2016-12-31,success,0,2026-08-06T09:21:32,
WLNYO-4,2017-01-01,2017-12-31,success,0,2026-08-06T09:21:33,
WLNYO-4,2018-01-01,2018-12-31,success,0,2026-08-06T09:21:33,
WLNYO-4,2019-01-01,2019-12-31,success,15985,2026-08-06T09:21:34,
WLNYO-4,2020-01-01,2020-12-31,success,17473,2026-08-06T09:21:34,
WLNYO-4,2021-01-01,2021-12-31,success,17473,2026-08-06T09:21:35,
WLNYO-4,2022-01-01,2022-12-31,success,17473,2026-08-06T09:21:35,
WLNYO-4,2023-01-01,2023-12-31,success,17473,2026-08-06T09:21:36,
WLNYO-4,2024-01-01,2024-12-31,success,17521,2026-08-06T09:21:37,
WLNYO-4,2025-01-01,2025-12-31,success,17473,2026-08-06T09:21:38,
WLNYO-4,2026-01-01,2026-07-27,success,9937,2026-08-06T09:21:38,
WLNYW-1,2015-01-01,2015-12-31,success,0,2026-08-06T09:21:38,
WLNYW-1,2016-01-01,2016-12-31,success,0,2026-08-06T09:21:39,
WLNYW-1,2017-01-01,2017-12-31,success,0,2026-08-06T09:21:39,
WLNYW-1,2018-01-01,2018-12-31,success,0,2026-08-06T09:21:39,
WLNYW-1,2019-01-01,2019-12-31,success,15985,2026-08-06T09:21:40,
WLNYW-1,2020-01-01,2020-12-31,success,17473,2026-08-06T09:21:40,
WLNYW-1,2021-01-01,2021-12-31,success,17473,2026-08-06T09:21:41,
WLNYW-1,2022-01-01,2022-12-31,success,17473,2026-08-06T09:21:42,
WLNYW-1,2023-01-01,2023-12-31,success,17473,2026-08-06T09:21:42,
WLNYW-1,2024-01-01,2024-12-31,success,17521,2026-08-06T09:21:43,
WLNYW-1,2025-01-01,2025-12-31,success,17473,2026-08-06T09:21:43,
WLNYW-1,2026-01-01,2026-07-27,success,9937,2026-08-06T09:21:44,
WTGRW-1,2015-01-01,2015-12-31,success,0,2026-08-06T09:21:44,
WTGRW-1,2016-01-01,2016-12-31,success,0,2026-08-06T09:21:44,
WTGRW-1,2017-01-01,2017-12-31,success,0,2026-08-06T09:21:44,
WTGRW-1,2018-01-01,2018-12-31,success,0,2026-08-06T09:21:44,
WTGRW-1,2019-01-01,2019-12-31,success,0,2026-08-06T09:21:45,
WTGRW-1,2020-01-01,2020-12-31,success,0,2026-08-06T09:21:45,
WTGRW-1,2021-01-01,2021-12-31,success,0,2026-08-06T09:21:45,
WTGRW-1,2022-01-01,2022-12-31,success,0,2026-08-06T09:21:45,
WTGRW-1,2023-01-01,2023-12-31,success,0,2026-08-06T09:21:46,
WTGRW-1,2024-01-01,2024-12-31,success,0,2026-08-06T09:21:46,
WTGRW-1,2025-01-01,2025-12-31,success,0,2026-08-06T09:21:46,
WTGRW-1,2026-01-01,2026-07-27,success,0,2026-08-06T09:21:46,
WTMSO-1,2015-01-01,2015-12-31,success,0,2026-08-06T09:21:46,
WTMSO-1,2016-01-01,2016-12-31,success,0,2026-08-06T09:21:46,
WTMSO-1,2017-01-01,2017-12-31,success,0,2026-08-06T09:21:47,
WTMSO-1,2018-01-01,2018-12-31,success,0,2026-08-06T09:21:47,
WTMSO-1,2019-01-01,2019-12-31,success,15985,2026-08-06T09:21:47,
WTMSO-1,2020-01-01,2020-12-31,success,17473,2026-08-06T09:21:48,
WTMSO-1,2021-01-01,2021-12-31,success,17473,2026-08-06T09:21:49,
WTMSO-1,2022-01-01,2022-12-31,success,17473,2026-08-06T09:21:49,
WTMSO-1,2023-01-01,2023-12-31,success,17473,2026-08-06T09:21:50,
WTMSO-1,2024-01-01,2024-12-31,success,17521,2026-08-06T09:21:50,
WTMSO-1,2025-01-01,2025-12-31,success,17473,2026-08-06T09:21:51,
WTMSO-1,2026-01-01,2026-07-27,success,9937,2026-08-06T09:21:51,
WYLF-1,2015-01-01,2015-12-31,success,0,2026-08-06T09:21:52,
WYLF-1,2016-01-01,2016-12-31,success,0,2026-08-06T09:21:52,
WYLF-1,2017-01-01,2017-12-31,success,0,2026-08-06T09:21:52,
WYLF-1,2018-01-01,2018-12-31,success,0,2026-08-06T09:21:52,
WYLF-1,2019-01-01,2019-12-31,success,15985,2026-08-06T09:21:53,
WYLF-1,2020-01-01,2020-12-31,success,17473,2026-08-06T09:21:53,
WYLF-1,2021-01-01,2021-12-31,success,17473,2026-08-06T09:21:54,
WYLF-1,2022-01-01,2022-12-31,success,17473,2026-08-06T09:21:55,
WYLF-1,2023-01-01,2023-12-31,success,17473,2026-08-06T09:21:56,
WYLF-1,2024-01-01,2024-12-31,success,7294,2026-08-06T09:21:57,
WYLF-1,2025-01-01,2025-12-31,success,0,2026-08-06T09:21:57,
WYLF-1,2026-01-01,2026-07-27,success,0,2026-08-06T09:21:57,
WYLF-2,2015-01-01,2015-12-31,success,0,2026-08-06T09:21:57,
WYLF-2,2016-01-01,2016-12-31,success,0,2026-08-06T09:21:58,
WYLF-2,2017-01-01,2017-12-31,success,0,2026-08-06T09:21:58,
WYLF-2,2018-01-01,2018-12-31,success,0,2026-08-06T09:21:58,
WYLF-2,2019-01-01,2019-12-31,success,15985,2026-08-06T09:21:58,
WYLF-2,2020-01-01,2020-12-31,success,17473,2026-08-06T09:21:59,
WYLF-2,2021-01-01,2021-12-31,success,17473,2026-08-06T09:22:00,
WYLF-2,2022-01-01,2022-12-31,success,17473,2026-08-06T09:22:00,
WYLF-2,2023-01-01,2023-12-31,success,17473,2026-08-06T09:22:01,
WYLF-2,2024-01-01,2024-12-31,success,7294,2026-08-06T09:22:01,
WYLF-2,2025-01-01,2025-12-31,success,0,2026-08-06T09:22:02,
WYLF-2,2026-01-01,2026-07-27,success,0,2026-08-06T09:22:02,
WYLF-3,2015-01-01,2015-12-31,success,0,2026-08-06T09:22:02,
WYLF-3,2016-01-01,2016-12-31,success,0,2026-08-06T09:22:02,
WYLF-3,2017-01-01,2017-12-31,success,0,2026-08-06T09:22:02,
WYLF-3,2018-01-01,2018-12-31,success,0,2026-08-06T09:22:03,
WYLF-3,2019-01-01,2019-12-31,success,15985,2026-08-06T09:22:03,
WYLF-3,2020-01-01,2020-12-31,success,17473,2026-08-06T09:22:04,
WYLF-3,2021-01-01,2021-12-31,success,17473,2026-08-06T09:22:04,
WYLF-3,2022-01-01,2022-12-31,success,17473,2026-08-06T09:22:05,
WYLF-3,2023-01-01,2023-12-31,success,17473,2026-08-06T09:22:06,
WYLF-3,2024-01-01,2024-12-31,success,7294,2026-08-06T09:22:07,
WYLF-3,2025-01-01,2025-12-31,success,0,2026-08-06T09:22:07,
WYLF-3,2026-01-01,2026-07-27,success,0,2026-08-06T09:22:07,
WYLF-4,2015-01-01,2015-12-31,success,0,2026-08-06T09:22:08,
WYLF-4,2016-01-01,2016-12-31,success,0,2026-08-06T09:22:08,
WYLF-4,2017-01-01,2017-12-31,success,0,2026-08-06T09:22:08,
WYLF-4,2018-01-01,2018-12-31,success,0,2026-08-06T09:22:08,
WYLF-4,2019-01-01,2019-12-31,success,15985,2026-08-06T09:22:09,
WYLF-4,2020-01-01,2020-12-31,success,17473,2026-08-06T09:22:09,
WYLF-4,2021-01-01,2021-12-31,success,17473,2026-08-06T09:22:10,
WYLF-4,2022-01-01,2022-12-31,success,17473,2026-08-06T09:22:11,
WYLF-4,2023-01-01,2023-12-31,success,17473,2026-08-06T09:22:11,
WYLF-4,2024-01-01,2024-12-31,success,7294,2026-08-06T09:22:12,
WYLF-4,2025-01-01,2025-12-31,success,0,2026-08-06T09:22:12,
WYLF-4,2026-01-01,2026-07-27,success,0,2026-08-06T09:22:12,
YEP-PGU02,2015-01-01,2015-12-31,success,0,2026-08-06T09:22:12,
YEP-PGU02,2016-01-01,2016-12-31,success,0,2026-08-06T09:22:12,
YEP-PGU02,2017-01-01,2017-12-31,success,0,2026-08-06T09:22:12,
YEP-PGU02,2018-01-01,2018-12-31,success,0,2026-08-06T09:22:13,
YEP-PGU02,2019-01-01,2019-12-31,success,0,2026-08-06T09:22:13,
YEP-PGU02,2020-01-01,2020-12-31,success,0,2026-08-06T09:22:13,
YEP-PGU02,2021-01-01,2021-12-31,success,0,2026-08-06T09:22:13,
YEP-PGU02,2022-01-01,2022-12-31,success,0,2026-08-06T09:22:13,
YEP-PGU02,2023-01-01,2023-12-31,success,0,2026-08-06T09:22:14,
YEP-PGU02,2024-01-01,2024-12-31,success,0,2026-08-06T09:22:14,
YEP-PGU02,2025-01-01,2025-12-31,success,0,2026-08-06T09:22:14,
YEP-PGU02,2026-01-01,2026-07-27,success,0,2026-08-06T09:22:14,
YEP-PGU03,2015-01-01,2015-12-31,success,0,2026-08-06T09:22:14,
YEP-PGU03,2016-01-01,2016-12-31,success,0,2026-08-06T09:22:14,
YEP-PGU03,2017-01-01,2017-12-31,success,0,2026-08-06T09:22:15,
YEP-PGU03,2018-01-01,2018-12-31,success,0,2026-08-06T09:22:15,
YEP-PGU03,2019-01-01,2019-12-31,success,0,2026-08-06T09:22:15,
YEP-PGU03,2020-01-01,2020-12-31,success,0,2026-08-06T09:22:15,
YEP-PGU03,2021-01-01,2021-12-31,success,0,2026-08-06T09:22:15,
YEP-PGU03,2022-01-01,2022-12-31,success,0,2026-08-06T09:22:16,
YEP-PGU03,2023-01-01,2023-12-31,success,0,2026-08-06T09:22:16,
YEP-PGU03,2024-01-01,2024-12-31,success,0,2026-08-06T09:22:16,
YEP-PGU03,2025-01-01,2025-12-31,success,0,2026-08-06T09:22:16,
YEP-PGU03,2026-01-01,2026-07-27,success,0,2026-08-06T09:22:17,
ABERU-1,2026-01-01,2026-07-28,success,9985,2026-08-07T21:23:13,
ABRBO-1,2026-01-01,2026-07-28,success,9985,2026-08-07T21:23:13,
ABRTW-1,2026-01-01,2026-07-28,success,9985,2026-08-07T21:23:14,
ABTH7,2026-01-01,2026-07-28,success,0,2026-08-07T21:23:14,
ABTH7G,2026-01-01,2026-07-28,success,0,2026-08-07T21:23:14,
ABTH8,2026-01-01,2026-07-28,success,0,2026-08-07T21:23:14,
ABTH8G,2026-01-01,2026-07-28,success,0,2026-08-07T21:23:15,
ABTH9,2026-01-01,2026-07-28,success,0,2026-08-07T21:23:15,
ABTH9G,2026-01-01,2026-07-28,success,0,2026-08-07T21:23:15,
ACHLW-1,2026-01-01,2026-07-28,success,9985,2026-08-07T21:23:15,
ACHRW-1,2026-01-01,2026-07-28,success,9985,2026-08-07T21:23:16,
ACHYW-1,2026-01-01,2026-07-28,success,0,2026-08-07T21:23:16,
AFTOW-1,2026-01-01,2026-07-28,success,9985,2026-08-07T21:23:16,
AIRSW-1,2026-01-01,2026-07-28,success,9985,2026-08-07T21:23:17,
AKGLW-1,2026-01-01,2026-07-28,success,0,2026-08-07T21:23:17,
AKGLW-2,2026-01-01,2026-07-28,success,9985,2026-08-07T21:23:18,
AKGLW-3,2026-01-01,2026-07-28,success,9985,2026-08-07T21:23:19,
ANSUW-1,2026-01-01,2026-07-28,success,9985,2026-08-07T21:23:20,
ARCHW-1,2026-01-01,2026-07-28,success,9985,2026-08-07T21:23:21,
ASHWW-1,2026-01-01,2026-07-28,success,9985,2026-08-07T21:23:22,
ASLVW-1,2026-01-01,2026-07-28,success,9985,2026-08-07T21:23:22,
BABAW-1,2026-01-01,2026-07-28,success,9985,2026-08-07T21:23:23,
BAGE-1,2026-01-01,2026-07-28,success,0,2026-08-07T21:23:23,
BAGE-2,2026-01-01,2026-07-28,success,0,2026-08-07T21:23:23,
BARK-1,2026-01-01,2026-07-28,success,0,2026-08-07T21:23:23,
BARKB2,2026-01-01,2026-07-28,success,0,2026-08-07T21:23:24,
BDCHW-1,2026-01-01,2026-07-28,success,9985,2026-08-07T21:23:24,
BEATO-1,2026-01-01,2026-07-28,success,9985,2026-08-07T21:23:25,
BEATO-2,2026-01-01,2026-07-28,success,9985,2026-08-07T21:23:25,
BEATO-3,2026-01-01,2026-07-28,success,9985,2026-08-07T21:23:26,
BEATO-4,2026-01-01,2026-07-28,success,9985,2026-08-07T21:23:26,
BEINW-1,2026-01-01,2026-07-28,success,9985,2026-08-07T21:23:27,
BETHW-1,2026-01-01,2026-07-28,success,9985,2026-08-07T21:23:27,
BGLAW-1,2026-01-01,2026-07-28,success,0,2026-08-07T21:23:27,
BHLAW-1,2026-01-01,2026-07-28,success,9985,2026-08-07T21:23:28,
BLKWW-1,2026-01-01,2026-07-28,success,9985,2026-08-07T21:23:28,
BLLA-1,2026-01-01,2026-07-28,success,9985,2026-08-07T21:23:28,
BLLA-2,2026-01-01,2026-07-28,success,9985,2026-08-07T21:23:29,
BNAKW-1,2026-01-01,2026-07-28,success,0,2026-08-07T21:23:29,
BNWKW-1,2026-01-01,2026-07-28,success,9985,2026-08-07T21:23:29,
BOULW-1,2026-01-01,2026-07-28,success,0,2026-08-07T21:23:30,
BOWLW-1,2026-01-01,2026-07-28,success,9985,2026-08-07T21:23:30,
BOYNW-1,2026-01-01,2026-07-28,success,0,2026-08-07T21:23:30,
BRBEO-1,2026-01-01,2026-07-28,success,9985,2026-08-07T21:23:31,
BRDUW-1,2026-01-01,2026-07-28,success,9985,2026-08-07T21:23:31,
BRGG-1,2026-01-01,2026-07-28,success,0,2026-08-07T21:23:32,
BRYBW-1,2026-01-01,2026-07-28,success,9985,2026-08-07T21:23:32,
BRYP-1,2026-01-01,2026-07-28,success,0,2026-08-07T21:23:32,
BTUIW-1,2026-01-01,2026-07-28,success,0,2026-08-07T21:23:32,
BTUIW-2,2026-01-01,2026-07-28,success,9985,2026-08-07T21:23:33,
BTUIW-3,2026-01-01,2026-07-28,success,9985,2026-08-07T21:23:33,
BURBW-1,2026-01-01,2026-07-28,success,9985,2026-08-07T21:23:34,
CAIRW-1,2026-01-01,2026-07-28,success,0,2026-08-07T21:23:34,
CAIRW-2,2026-01-01,2026-07-28,success,9985,2026-08-07T21:23:35,
CARR-1,2026-01-01,2026-07-28,success,9985,2026-08-07T21:23:35,
CARR-2,2026-01-01,2026-07-28,success,9985,2026-08-07T21:23:35,
CAS-BEU01,2026-01-01,2026-07-28,success,9985,2026-08-07T21:23:36,
CAS-CLU01,2026-01-01,2026-07-28,success,9985,2026-08-07T21:23:36,
CAS-CON01,2026-01-01,2026-07-28,success,9985,2026-08-07T21:23:37,
CAS-GAR01,2026-01-01,2026-07-28,success,9985,2026-08-07T21:23:37,
CAS-KIL01,2026-01-01,2026-07-28,success,9985,2026-08-07T21:23:38,
CAS-MOR01,2026-01-01,2026-07-28,success,9985,2026-08-07T21:23:38,
CAUSW-1,2026-01-01,2026-07-28,success,9985,2026-08-07T21:23:38,
CDCL-1,2026-01-01,2026-07-28,success,9985,2026-08-07T21:23:39,
CDWTW-1,2026-01-01,2026-07-28,success,0,2026-08-07T21:23:40,
CGTHW-1,2026-01-01,2026-07-28,success,9985,2026-08-07T21:23:40,
CLAC-1,2026-01-01,2026-07-28,success,9985,2026-08-07T21:23:40,
CLDCW-1,2026-01-01,2026-07-28,success,9985,2026-08-07T21:23:41,
CLDNW-1,2026-01-01,2026-07-28,success,9985,2026-08-07T21:23:41,
CLDRW-1,2026-01-01,2026-07-28,success,9985,2026-08-07T21:23:42,
CLDSW-1,2026-01-01,2026-07-28,success,9985,2026-08-07T21:23:42,
CLFLW-1,2026-01-01,2026-07-28,success,9985,2026-08-07T21:23:43,
CMSTW-1,2026-01-01,2026-07-28,success,9985,2026-08-07T21:23:43,
CNCLW-1,2026-01-01,2026-07-28,success,9985,2026-08-07T21:23:43,
CNQPS-1,2026-01-01,2026-07-28,success,9985,2026-08-07T21:23:44,
CNQPS-2,2026-01-01,2026-07-28,success,9985,2026-08-07T21:23:44,
CNQPS-3,2026-01-01,2026-07-28,success,9985,2026-08-07T21:23:45,
CNQPS-4,2026-01-01,2026-07-28,success,9985,2026-08-07T21:23:45,
COCK-1,2026-01-01,2026-07-28,success,0,2026-08-07T21:23:45,
COCK-2,2026-01-01,2026-07-28,success,0,2026-08-07T21:23:46,
COCK-3,2026-01-01,2026-07-28,success,0,2026-08-07T21:23:46,
COCK-4,2026-01-01,2026-07-28,success,0,2026-08-07T21:23:46,
CORB-1,2026-01-01,2026-07-28,success,9985,2026-08-07T21:23:46,
COSO-1,2026-01-01,2026-07-28,success,9985,2026-08-07T21:23:47,
COTPS-1,2026-01-01,2026-07-28,success,0,2026-08-07T21:23:47,
COTPS-2,2026-01-01,2026-07-28,success,0,2026-08-07T21:23:47,
COTPS-3,2026-01-01,2026-07-28,success,0,2026-08-07T21:23:47,
COTPS-4,2026-01-01,2026-07-28,success,0,2026-08-07T21:23:48,
COUWW-1,2026-01-01,2026-07-28,success,9985,2026-08-07T21:23:48,
COWE1,2026-01-01,2026-07-28,success,9985,2026-08-07T21:23:48,
COWE2,2026-01-01,2026-07-28,success,9985,2026-08-07T21:23:49,
CRDEW-1,2026-01-01,2026-07-28,success,9985,2026-08-07T21:23:49,
CRDEW-2,2026-01-01,2026-07-28,success,9985,2026-08-07T21:23:50,
CRGHW-1,2026-01-01,2026-07-28,success,9985,2026-08-07T21:23:50,
CRMHW-1,2026-01-01,2026-07-28,success,0,2026-08-07T21:23:50,
CRMLW-1,2026-01-01,2026-07-28,success,9985,2026-08-07T21:23:51,
CRMNW-1,2026-01-01,2026-07-28,success,0,2026-08-07T21:23:51,
CRUA-1,2026-01-01,2026-07-28,success,9985,2026-08-07T21:23:51,
CRUA-2,2026-01-01,2026-07-28,success,9985,2026-08-07T21:23:52,
CRUA-3,2026-01-01,2026-07-28,success,9985,2026-08-07T21:23:52,
CRUA-4,2026-01-01,2026-07-28,success,9985,2026-08-07T21:23:53,
CRYRW-1,2026-01-01,2026-07-28,success,0,2026-08-07T21:23:53,
CRYRW-2,2026-01-01,2026-07-28,success,9985,2026-08-07T21:23:53,
CRYRW-3,2026-01-01,2026-07-28,success,9985,2026-08-07T21:23:54,
DALSW-1,2026-01-01,2026-07-28,success,9985,2026-08-07T21:23:54,
DAMC-1,2026-01-01,2026-07-28,success,9985,2026-08-07T21:23:55,
DDGNO-1,2026-01-01,2026-07-28,success,9985,2026-08-07T21:23:55,
DDGNO-2,2026-01-01,2026-07-28,success,9985,2026-08-07T21:23:55,
DDGNO-3,2026-01-01,2026-07-28,success,9985,2026-08-07T21:23:56,
DDGNO-4,2026-01-01,2026-07-28,success,9985,2026-08-07T21:23:56,
DEEP-1,2026-01-01,2026-07-28,success,0,2026-08-07T21:23:56,
DERW-1,2026-01-01,2026-07-28,success,9985,2026-08-07T21:23:57,
DEUCW-1,2026-01-01,2026-07-28,success,0,2026-08-07T21:23:57,
DIDC01G,2026-01-01,2026-07-28,success,9985,2026-08-07T21:23:57,
DIDC02G,2026-01-01,2026-07-28,success,9985,2026-08-07T21:23:58,
DIDC03G,2026-01-01,2026-07-28,success,9985,2026-08-07T21:23:58,
DIDC04G,2026-01-01,2026-07-28,success,9985,2026-08-07T21:23:59,
DIDCB5,2026-01-01,2026-07-28,success,9985,2026-08-07T21:23:59,
DIDCB6,2026-01-01,2026-07-28,success,9985,2026-08-07T21:24:00,
DINO-1,2026-01-01,2026-07-28,success,9985,2026-08-07T21:24:00,
DINO-2,2026-01-01,2026-07-28,success,9985,2026-08-07T21:24:01,
DINO-3,2026-01-01,2026-07-28,success,9985,2026-08-07T21:24:02,
DINO-4,2026-01-01,2026-07-28,success,9985,2026-08-07T21:24:02,
DINO-5,2026-01-01,2026-07-28,success,9985,2026-08-07T21:24:02,
DINO-6,2026-01-01,2026-07-28,success,9985,2026-08-07T21:24:03,
DNBAR-1,2026-01-01,2026-07-28,success,9985,2026-08-07T21:24:03,
DNGB21,2026-01-01,2026-07-28,success,9985,2026-08-07T21:24:04,
DNGB22,2026-01-01,2026-07-28,success,9985,2026-08-07T21:24:04,
DNLWW-1,2026-01-01,2026-07-28,success,9985,2026-08-07T21:24:05,
DOREW-1,2026-01-01,2026-07-28,success,9985,2026-08-07T21:24:05,
DOREW-2,2026-01-01,2026-07-28,success,9985,2026-08-07T21:24:06,
DRAXX-1,2026-01-01,2026-07-28,success,9985,2026-08-07T21:24:06,
DRAXX-10G,2026-01-01,2026-07-28,success,9985,2026-08-07T21:24:06,
DRAXX-12G,2026-01-01,2026-07-28,success,9985,2026-08-07T21:24:07,
DRAXX-2,2026-01-01,2026-07-28,success,9985,2026-08-07T21:24:08,
DRAXX-3,2026-01-01,2026-07-28,success,9985,2026-08-07T21:24:08,
DRAXX-4,2026-01-01,2026-07-28,success,9985,2026-08-07T21:24:09,
DRAXX-5,2026-01-01,2026-07-28,success,9985,2026-08-07T21:24:09,
DRAXX-6,2026-01-01,2026-07-28,success,9985,2026-08-07T21:24:09,
DRAXX-9G,2026-01-01,2026-07-28,success,9985,2026-08-07T21:24:10,
DRDGW-1,2026-01-01,2026-07-28,success,0,2026-08-07T21:24:10,
DRSLW-1,2026-01-01,2026-07-28,success,9985,2026-08-07T21:24:10,
DUMMW-1,2026-01-01,2026-07-28,success,0,2026-08-07T21:24:11,
DUNGW-1,2026-01-01,2026-07-28,success,9985,2026-08-07T21:24:11,
EAAO-1,2026-01-01,2026-07-28,success,9985,2026-08-07T21:24:11,
EAAO-2,2026-01-01,2026-07-28,success,9985,2026-08-07T21:24:12,
EARBW-1,2026-01-01,2026-07-28,success,0,2026-08-07T21:24:12,
EDINW-1,2026-01-01,2026-07-28,success,9985,2026-08-07T21:24:13,
EDTRW-1,2026-01-01,2026-07-28,success,0,2026-08-07T21:24:13,
EECL-1,2026-01-01,2026-07-28,success,9985,2026-08-07T21:24:13,
EGGPS-1,2026-01-01,2026-07-28,success,0,2026-08-07T21:24:13,
EGGPS-2,2026-01-01,2026-07-28,success,0,2026-08-07T21:24:14,
EGGPS-3,2026-01-01,2026-07-28,success,0,2026-08-07T21:24:14,
EGGPS-4,2026-01-01,2026-07-28,success,0,2026-08-07T21:24:14,
ERRO-1,2026-01-01,2026-07-28,success,9985,2026-08-07T21:24:14,
ERRO-2,2026-01-01,2026-07-28,success,9985,2026-08-07T21:24:15,
ERRO-3,2026-01-01,2026-07-28,success,9985,2026-08-07T21:24:16,
EWHLW-1,2026-01-01,2026-07-28,success,9985,2026-08-07T21:24:16,
FAARW-1,2026-01-01,2026-07-28,success,9985,2026-08-07T21:24:17,
FAARW-2,2026-01-01,2026-07-28,success,9985,2026-08-07T21:24:17,
FALGW-1,2026-01-01,2026-07-28,success,9985,2026-08-07T21:24:17,
FASN-1,2026-01-01,2026-07-28,success,9985,2026-08-07T21:24:18,
FASN-4,2026-01-01,2026-07-28,success,9985,2026-08-07T21:24:18,
FASN2,2026-01-01,2026-07-28,success,9985,2026-08-07T21:24:19,
FASN3,2026-01-01,2026-07-28,success,9985,2026-08-07T21:24:19,
FAWL1,2026-01-01,2026-07-28,success,0,2026-08-07T21:24:19,
FAWL1G,2026-01-01,2026-07-28,success,0,2026-08-07T21:24:19,
FAWL2G,2026-01-01,2026-07-28,success,0,2026-08-07T21:24:20,
FAWL3,2026-01-01,2026-07-28,success,0,2026-08-07T21:24:20,
FAWL3G,2026-01-01,2026-07-28,success,0,2026-08-07T21:24:20,
FAWL4G,2026-01-01,2026-07-28,success,0,2026-08-07T21:24:20,
FAWN-1,2026-01-01,2026-07-28,success,9985,2026-08-07T21:24:21,
FDUNT-1,2026-01-01,2026-07-28,success,9985,2026-08-07T21:24:21,
FELL-1,2026-01-01,2026-07-28,success,9985,2026-08-07T21:24:22,
FERR-1,2026-01-01,2026-07-28,success,0,2026-08-07T21:24:22,
FERR-2,2026-01-01,2026-07-28,success,0,2026-08-07T21:24:22,
FERR-3,2026-01-01,2026-07-28,success,0,2026-08-07T21:24:22,
FERR-4,2026-01-01,2026-07-28,success,0,2026-08-07T21:24:22,
FERR-5G,2026-01-01,2026-07-28,success,0,2026-08-07T21:24:22,
FERR-8G,2026-01-01,2026-07-28,success,0,2026-08-07T21:24:23,
FFES-1,2026-01-01,2026-07-28,success,9985,2026-08-07T21:24:23,
FFES-2,2026-01-01,2026-07-28,success,9985,2026-08-07T21:24:24,
FFES-3,2026-01-01,2026-07-28,success,9985,2026-08-07T21:24:24,
FFES-4,2026-01-01,2026-07-28,success,9985,2026-08-07T21:24:24,
FIDL-1,2026-01-01,2026-07-28,success,0,2026-08-07T21:24:25,
FIDL-2,2026-01-01,2026-07-28,success,0,2026-08-07T21:24:25,
FIDL-2G,2026-01-01,2026-07-28,success,0,2026-08-07T21:24:25,
FIDL-3,2026-01-01,2026-07-28,success,0,2026-08-07T21:24:25,
FIDL-3G,2026-01-01,2026-07-28,success,0,2026-08-07T21:24:25,
FIDL-4,2026-01-01,2026-07-28,success,0,2026-08-07T21:24:26,
FIFE-1,2026-01-01,2026-07-28,success,0,2026-08-07T21:24:26,
FINL-1,2026-01-01,2026-07-28,success,9985,2026-08-07T21:24:26,
FOYE-1,2026-01-01,2026-07-28,success,9985,2026-08-07T21:24:27,
FOYE-2,2026-01-01,2026-07-28,success,9985,2026-08-07T21:24:27,
FRBRW-1,2026-01-01,2026-07-28,success,0,2026-08-07T21:24:28,
FSDLW-1,2026-01-01,2026-07-28,success,9985,2026-08-07T21:24:28,
GAOFO-1,2026-01-01,2026-07-28,success,9985,2026-08-07T21:24:28,
GAOFO-2,2026-01-01,2026-07-28,success,9985,2026-08-07T21:24:29,
GAOFO-3,2026-01-01,2026-07-28,success,9985,2026-08-07T21:24:29,
GAOFO-4,2026-01-01,2026-07-28,success,9985,2026-08-07T21:24:30,
GDSTW-1,2026-01-01,2026-07-28,success,9985,2026-08-07T21:24:30,
GFLDW-1,2026-01-01,2026-07-28,success,9985,2026-08-07T21:24:31,
GLCHW-1,2026-01-01,2026-07-28,success,9985,2026-08-07T21:24:31,
GLNDO-1,2026-01-01,2026-07-28,success,9985,2026-08-07T21:24:31,
GLOFW-1,2026-01-01,2026-07-28,success,9985,2026-08-07T21:24:32,
GLWSW-1,2026-01-01,2026-07-28,success,9985,2026-08-07T21:24:32,
GNAPW-1,2026-01-01,2026-07-28,success,9985,2026-08-07T21:24:33,
GNFSW-1,2026-01-01,2026-07-28,success,9985,2026-08-07T21:24:33,
GNFSW-2,2026-01-01,2026-07-28,success,9985,2026-08-07T21:24:34,
GORDW-1,2026-01-01,2026-07-28,success,9985,2026-08-07T21:24:34,
GORDW-2,2026-01-01,2026-07-28,success,9985,2026-08-07T21:24:34,
GRAI-6,2026-01-01,2026-07-28,success,9985,2026-08-07T21:24:35,
GRAI-7,2026-01-01,2026-07-28,success,9985,2026-08-07T21:24:35,
GRAI-8,2026-01-01,2026-07-28,success,9985,2026-08-07T21:24:36,
GRAI1G,2026-01-01,2026-07-28,success,9985,2026-08-07T21:24:36,
GRAI4G,2026-01-01,2026-07-28,success,9985,2026-08-07T21:24:37,
GRGBW-1,2026-01-01,2026-07-28,success,9985,2026-08-07T21:24:37,
GRGBW-2,2026-01-01,2026-07-28,success,9985,2026-08-07T21:24:37,
GRGBW-3,2026-01-01,2026-07-28,success,9985,2026-08-07T21:24:38,
GRIFW-1,2026-01-01,2026-07-28,success,9985,2026-08-07T21:24:38,
GRIFW-2,2026-01-01,2026-07-28,success,9985,2026-08-07T21:24:39,
GRMO-1,2026-01-01,2026-07-28,success,9985,2026-08-07T21:24:39,
GRUB-1,2026-01-01,2026-07-28,success,0,2026-08-07T21:24:39,
GRUB-2,2026-01-01,2026-07-28,success,0,2026-08-07T21:24:40,
GYAR-1,2026-01-01,2026-07-28,success,9985,2026-08-07T21:24:40,
GYMRO-15,2026-01-01,2026-07-28,success,9985,2026-08-07T21:24:40,
GYMRO-17,2026-01-01,2026-07-28,success,9985,2026-08-07T21:24:41,
GYMRO-26,2026-01-01,2026-07-28,success,9985,2026-08-07T21:24:41,
GYMRO-28,2026-01-01,2026-07-28,success,9985,2026-08-07T21:24:42,
HADHW-1,2026-01-01,2026-07-28,success,9985,2026-08-07T21:24:42,
HALSW-1,2026-01-01,2026-07-28,success,9985,2026-08-07T21:24:43,
HAWFW-1,2026-01-01,2026-07-28,success,0,2026-08-07T21:24:43,
HBHDW-1,2026-01-01,2026-07-28,success,9985,2026-08-07T21:24:43,
HEYM11,2026-01-01,2026-07-28,success,9985,2026-08-07T21:24:44,
HEYM12,2026-01-01,2026-07-28,success,9985,2026-08-07T21:24:44,
HEYM27,2026-01-01,2026-07-28,success,9985,2026-08-07T21:24:45,
HEYM28,2026-01-01,2026-07-28,success,9985,2026-08-07T21:24:45,
HINB-7,2026-01-01,2026-07-28,success,9985,2026-08-07T21:24:45,
HINB-8,2026-01-01,2026-07-28,success,9985,2026-08-07T21:24:46,
HLGLW-1,2026-01-01,2026-07-28,success,9985,2026-08-07T21:24:46,
HLTWW-1,2026-01-01,2026-07-28,success,9985,2026-08-07T21:24:47,
HMGTO-1,2026-01-01,2026-07-28,success,9985,2026-08-07T21:24:47,
HMGTO-2,2026-01-01,2026-07-28,success,9985,2026-08-07T21:24:48,
HOWAO-1,2026-01-01,2026-07-28,success,9985,2026-08-07T21:24:48,
HOWAO-2,2026-01-01,2026-07-28,success,9985,2026-08-07T21:24:48,
HOWAO-3,2026-01-01,2026-07-28,success,9985,2026-08-07T21:24:49,
HRHLW-1,2026-01-01,2026-07-28,success,9985,2026-08-07T21:24:49,
HRSTW-1,2026-01-01,2026-07-28,success,9985,2026-08-07T21:24:50,
HRTL-1,2026-01-01,2026-07-28,success,9985,2026-08-07T21:24:50,
HRTL-2,2026-01-01,2026-07-28,success,9985,2026-08-07T21:24:51,
HUMR-1,2026-01-01,2026-07-28,success,9985,2026-08-07T21:24:51,
HUNB-7,2026-01-01,2026-07-28,success,0,2026-08-07T21:24:51,
HUNB-8,2026-01-01,2026-07-28,success,0,2026-08-07T21:24:52,
HYWDW-1,2026-01-01,2026-07-28,success,9985,2026-08-07T21:24:52,
INAW-1,2026-01-01,2026-07-28,success,0,2026-08-07T21:24:52,
INDQ-1,2026-01-01,2026-07-28,success,9985,2026-08-07T21:24:53,
IRNPS-1,2026-01-01,2026-07-28,success,0,2026-08-07T21:24:53,
IRNPS-2,2026-01-01,2026-07-28,success,0,2026-08-07T21:24:53,
JGPR-1,2026-01-01,2026-07-28,success,9985,2026-08-07T21:24:53,
KEAD-1,2026-01-01,2026-07-28,success,9985,2026-08-07T21:24:54,
KEAD-2,2026-01-01,2026-07-28,success,9985,2026-08-07T21:24:54,
KEADGT-3,2026-01-01,2026-07-28,success,9985,2026-08-07T21:24:55,
KILBW-1,2026-01-01,2026-07-28,success,9985,2026-08-07T21:24:55,
KILLPG-1,2026-01-01,2026-07-28,success,9985,2026-08-07T21:24:56,
KILLPG-2,2026-01-01,2026-07-28,success,9985,2026-08-07T21:24:56,
KILNS-1,2026-01-01,2026-07-28,success,0,2026-08-07T21:24:56,
KINCW-1,2026-01-01,2026-07-28,success,9985,2026-08-07T21:24:57,
KINO-1,2026-01-01,2026-07-28,success,0,2026-08-07T21:24:57,
KINO-2,2026-01-01,2026-07-28,success,0,2026-08-07T21:24:57,
KINO-3,2026-01-01,2026-07-28,success,0,2026-08-07T21:24:57,
KINO-4,2026-01-01,2026-07-28,success,0,2026-08-07T21:24:57,
KLDMW-1,2026-01-01,2026-07-28,success,0,2026-08-07T21:24:58,
KLGLW-1,2026-01-01,2026-07-28,success,9985,2026-08-07T21:24:58,
KLYN-A-1,2026-01-01,2026-07-28,success,9985,2026-08-07T21:24:58,
KPMRW-1,2026-01-01,2026-07-28,success,9985,2026-08-07T21:24:59,
KTHLW-1,2026-01-01,2026-07-28,success,9985,2026-08-07T21:24:59,
LAGA-1,2026-01-01,2026-07-28,success,9985,2026-08-07T21:25:00,
LARYO-1,2026-01-01,2026-07-28,success,9985,2026-08-07T21:25:00,
LARYO-2,2026-01-01,2026-07-28,success,9985,2026-08-07T21:25:01,
LARYO-3,2026-01-01,2026-07-28,success,9985,2026-08-07T21:25:01,
LARYO-4,2026-01-01,2026-07-28,success,9985,2026-08-07T21:25:02,
LBAR-1,2026-01-01,2026-07-28,success,9985,2026-08-07T21:25:02,
LBAR-1G,2026-01-01,2026-07-28,success,9985,2026-08-07T21:25:03,
LCLTW-1,2026-01-01,2026-07-28,success,9985,2026-08-07T21:25:03,
LCSMH-1,2026-01-01,2026-07-28,success,9985,2026-08-07T21:25:04,
LGPKW-1,2026-01-01,2026-07-28,success,0,2026-08-07T21:25:04,
LITT2G,2026-01-01,2026-07-28,success,0,2026-08-07T21:25:04,
LITT3G,2026-01-01,2026-07-28,success,0,2026-08-07T21:25:04,
LITTD1,2026-01-01,2026-07-28,success,0,2026-08-07T21:25:04,
LITTD2,2026-01-01,2026-07-28,success,0,2026-08-07T21:25:04,
LITTD3,2026-01-01,2026-07-28,success,0,2026-08-07T21:25:05,
LNCSO-1,2026-01-01,2026-07-28,success,9985,2026-08-07T21:25:05,
LNCSO-2,2026-01-01,2026-07-28,success,9985,2026-08-07T21:25:06,
LNMTH-1,2026-01-01,2026-07-28,success,9985,2026-08-07T21:25:06,
LNMTH-2,2026-01-01,2026-07-28,success,9985,2026-08-07T21:25:06,
LNMTH-3,2026-01-01,2026-07-28,success,9985,2026-08-07T21:25:07,
LOAN-1,2026-01-01,2026-07-28,success,0,2026-08-07T21:25:07,
LOAN-2,2026-01-01,2026-07-28,success,0,2026-08-07T21:25:07,
LOAN-3,2026-01-01,2026-07-28,success,0,2026-08-07T21:25:07,
LOAN-4,2026-01-01,2026-07-28,success,0,2026-08-07T21:25:08,
MARK-1,2026-01-01,2026-07-28,success,9985,2026-08-07T21:25:08,
MARK-2,2026-01-01,2026-07-28,success,0,2026-08-07T21:25:08,
MDHLW-1,2026-01-01,2026-07-28,success,9985,2026-08-07T21:25:09,
MEDP-1,2026-01-01,2026-07-28,success,9985,2026-08-07T21:25:09,
MIDMW-1,2026-01-01,2026-07-28,success,9985,2026-08-07T21:25:10,
MILWW-1,2026-01-01,2026-07-28,success,9985,2026-08-07T21:25:10,
MINSW-1,2026-01-01,2026-07-28,success,9985,2026-08-07T21:25:11,
MKHLW-1,2026-01-01,2026-07-28,success,9985,2026-08-07T21:25:11,
MNW-PGU02,2026-01-01,2026-07-28,success,0,2026-08-07T21:25:11,
MOWEO-1,2026-01-01,2026-07-28,success,9985,2026-08-07T21:25:12,
MOWEO-2,2026-01-01,2026-07-28,success,9985,2026-08-07T21:25:12,
MOWEO-3,2026-01-01,2026-07-28,success,9985,2026-08-07T21:25:13,
MOYEW-1,2026-01-01,2026-07-28,success,9985,2026-08-07T21:25:13,
MRWD-1,2026-01-01,2026-07-28,success,9985,2026-08-07T21:25:13,
MYGPW-1,2026-01-01,2026-07-28,success,9985,2026-08-07T21:25:14,
NANT-1,2026-01-01,2026-07-28,success,9985,2026-08-07T21:25:14,
NOVAW-1,2026-01-01,2026-07-28,success,0,2026-08-07T21:25:15,
NOVAW-2,2026-01-01,2026-07-28,success,0,2026-08-07T21:25:15,
NSQYT-1,2026-01-01,2026-07-28,success,0,2026-08-07T21:25:15,
OMNDO-1,2026-01-01,2026-07-28,success,9985,2026-08-07T21:25:15,
PAUHW-1,2026-01-01,2026-07-28,success,9985,2026-08-07T21:25:16,
PEHE-1,2026-01-01,2026-07-28,success,9985,2026-08-07T21:25:16,
PEMB-11,2026-01-01,2026-07-28,success,9985,2026-08-07T21:25:17,
PEMB-21,2026-01-01,2026-07-28,success,9985,2026-08-07T21:25:17,
PEMB-31,2026-01-01,2026-07-28,success,9985,2026-08-07T21:25:17,
PEMB-41,2026-01-01,2026-07-28,success,9985,2026-08-07T21:25:18,
PEMB-51,2026-01-01,2026-07-28,success,9985,2026-08-07T21:25:18,
PETEM1,2026-01-01,2026-07-28,success,9985,2026-08-07T21:25:19,
PGBIW-1,2026-01-01,2026-07-28,success,9985,2026-08-07T21:25:19,
PNYCW-1,2026-01-01,2026-07-28,success,9985,2026-08-07T21:25:20,
PTLDW-1,2026-01-01,2026-07-28,success,0,2026-08-07T21:25:20,
RANN-1,2026-01-01,2026-07-28,success,0,2026-08-07T21:25:20,
RANN-2,2026-01-01,2026-07-28,success,0,2026-08-07T21:25:20,
RANN-3,2026-01-01,2026-07-28,success,0,2026-08-07T21:25:20,
RATS-1,2026-01-01,2026-07-28,success,9985,2026-08-07T21:25:21,
RATS-2,2026-01-01,2026-07-28,success,9985,2026-08-07T21:25:21,
RATS-3,2026-01-01,2026-07-28,success,9985,2026-08-07T21:25:22,
RATS-4,2026-01-01,2026-07-28,success,9985,2026-08-07T21:25:22,
RATSGT-2,2026-01-01,2026-07-28,success,9985,2026-08-07T21:25:23,
RATSGT-4,2026-01-01,2026-07-28,success,9985,2026-08-07T21:25:23,
RCBKO-1,2026-01-01,2026-07-28,success,9985,2026-08-07T21:25:23,
RCBKO-2,2026-01-01,2026-07-28,success,9985,2026-08-07T21:25:24,
REDGT-1,2026-01-01,2026-07-28,success,0,2026-08-07T21:25:24,
RMPNO-1,2026-01-01,2026-07-28,success,9985,2026-08-07T21:25:24,
RMPNO-2,2026-01-01,2026-07-28,success,9985,2026-08-07T21:25:25,
ROCK-1,2026-01-01,2026-07-28,success,9985,2026-08-07T21:25:25,
ROOS-1,2026-01-01,2026-07-28,success,0,2026-08-07T21:25:26,
RREW-1,2026-01-01,2026-07-28,success,9985,2026-08-07T21:25:26,
RRWW-1,2026-01-01,2026-07-28,success,9985,2026-08-07T21:25:26,
RSHLW-1,2026-01-01,2026-07-28,success,9985,2026-08-07T21:25:27,
RUGGT-6,2026-01-01,2026-07-28,success,0,2026-08-07T21:25:27,
RUGGT-7,2026-01-01,2026-07-28,success,0,2026-08-07T21:25:27,
RUGPS-6,2026-01-01,2026-07-28,success,0,2026-08-07T21:25:28,
RUGPS-7,2026-01-01,2026-07-28,success,0,2026-08-07T21:25:28,
RYHPS-1,2026-01-01,2026-07-28,success,9985,2026-08-07T21:25:28,
SANQW-1,2026-01-01,2026-07-28,success,9985,2026-08-07T21:25:29,
SCCL-1,2026-01-01,2026-07-28,success,9985,2026-08-07T21:25:29,
SCCL-2,2026-01-01,2026-07-28,success,9985,2026-08-07T21:25:29,
SCCL-3,2026-01-01,2026-07-28,success,9985,2026-08-07T21:25:30,
SEAB-1,2026-01-01,2026-07-28,success,9985,2026-08-07T21:25:30,
SEAB-2,2026-01-01,2026-07-28,success,9985,2026-08-07T21:25:31,
SEEL-1,2026-01-01,2026-07-28,success,9985,2026-08-07T21:25:31,
SEVIU-1,2026-01-01,2026-07-28,success,9985,2026-08-07T21:25:32,
SFIL-1,2026-01-01,2026-07-28,success,0,2026-08-07T21:25:32,
SHBA-1,2026-01-01,2026-07-28,success,9985,2026-08-07T21:25:32,
SHBA-2,2026-01-01,2026-07-28,success,9985,2026-08-07T21:25:33,
SHIN-1,2026-01-01,2026-07-28,success,0,2026-08-07T21:25:33,
SHIN-2,2026-01-01,2026-07-28,success,0,2026-08-07T21:25:33,
SHOS-1,2026-01-01,2026-07-28,success,9985,2026-08-07T21:25:33,
SHRSO-1,2026-01-01,2026-07-28,success,9985,2026-08-07T21:25:34,
SHRSO-2,2026-01-01,2026-07-28,success,9985,2026-08-07T21:25:34,
SIMEC-1,2026-01-01,2026-07-28,success,0,2026-08-07T21:25:35,
SIZB-1,2026-01-01,2026-07-28,success,9985,2026-08-07T21:25:35,
SIZB-2,2026-01-01,2026-07-28,success,9985,2026-08-07T21:25:35,
SLOY-1,2026-01-01,2026-07-28,success,9985,2026-08-07T21:25:36,
SLOY-2,2026-01-01,2026-07-28,success,9985,2026-08-07T21:25:36,
SLOY-3,2026-01-01,2026-07-28,success,9985,2026-08-07T21:25:37,
SLOY-4,2026-01-01,2026-07-28,success,9985,2026-08-07T21:25:37,
SOLUU-1,2026-01-01,2026-07-28,success,9985,2026-08-07T21:25:38,
SPEY-1,2026-01-01,2026-07-28,success,0,2026-08-07T21:25:38,
SPLN-1,2026-01-01,2026-07-28,success,9985,2026-08-07T21:25:38,
STAY-1,2026-01-01,2026-07-28,success,9985,2026-08-07T21:25:39,
STAY-2,2026-01-01,2026-07-28,success,9985,2026-08-07T21:25:39,
STAY-3,2026-01-01,2026-07-28,success,9985,2026-08-07T21:25:39,
STAY-4,2026-01-01,2026-07-28,success,9985,2026-08-07T21:25:40,
STCR-1,2026-01-01,2026-07-28,success,0,2026-08-07T21:25:40,
STLGW-1,2026-01-01,2026-07-28,success,9985,2026-08-07T21:25:40,
STLGW-2,2026-01-01,2026-07-28,success,9985,2026-08-07T21:25:41,
STLGW-3,2026-01-01,2026-07-28,success,9985,2026-08-07T21:25:41,
STPSW-1,2026-01-01,2026-07-28,success,0,2026-08-07T21:25:41,
STRNW-1,2026-01-01,2026-07-28,success,9985,2026-08-07T21:25:42,
SUTB-1,2026-01-01,2026-07-28,success,9985,2026-08-07T21:25:42,
SVRP-10,2026-01-01,2026-07-28,success,9985,2026-08-07T21:25:43,
SVRP-20,2026-01-01,2026-07-28,success,9985,2026-08-07T21:25:43,
TANGW-1,2026-01-01,2026-07-28,success,0,2026-08-07T21:25:44,
TAYL2G,2026-01-01,2026-07-28,success,9985,2026-08-07T21:25:44,
TAYL3G,2026-01-01,2026-07-28,success,9985,2026-08-07T21:25:44,
TDBNW-1,2026-01-01,2026-07-28,success,9985,2026-08-07T21:25:45,
TESI-1,2026-01-01,2026-07-28,success,0,2026-08-07T21:25:45,
TESI-2,2026-01-01,2026-07-28,success,0,2026-08-07T21:25:45,
THNTO-1,2026-01-01,2026-07-28,success,9985,2026-08-07T21:25:46,
THNTO-2,2026-01-01,2026-07-28,success,9985,2026-08-07T21:25:46,
TILB-10,2026-01-01,2026-07-28,success,0,2026-08-07T21:25:46,
TILB-7,2026-01-01,2026-07-28,success,0,2026-08-07T21:25:46,
TILB-8,2026-01-01,2026-07-28,success,0,2026-08-07T21:25:47,
TILB-9,2026-01-01,2026-07-28,success,0,2026-08-07T21:25:47,
TILB0G,2026-01-01,2026-07-28,success,0,2026-08-07T21:25:47,
TILB7G,2026-01-01,2026-07-28,success,0,2026-08-07T21:25:47,
TILB8G,2026-01-01,2026-07-28,success,0,2026-08-07T21:25:47,
TILB9G,2026-01-01,2026-07-28,success,0,2026-08-07T21:25:48,
TKNEW-1,2026-01-01,2026-07-28,success,9985,2026-08-07T21:25:48,
TKNWW-1,2026-01-01,2026-07-28,success,9985,2026-08-07T21:25:48,
TLYMW-1,2026-01-01,2026-07-28,success,9985,2026-08-07T21:25:49,
TMNCW-1,2026-01-01,2026-07-28,success,9985,2026-08-07T21:25:49,
TMWLW-1,2026-01-01,2026-07-28,success,0,2026-08-07T21:25:50,
TONG-1,2026-01-01,2026-07-28,success,0,2026-08-07T21:25:50,
TONG-2,2026-01-01,2026-07-28,success,0,2026-08-07T21:25:50,
TONG-3,2026-01-01,2026-07-28,success,0,2026-08-07T21:25:50,
TORN-1,2026-01-01,2026-07-28,success,9985,2026-08-07T21:25:51,
TORN-2,2026-01-01,2026-07-28,success,9985,2026-08-07T21:25:51,
TRLGW-1,2026-01-01,2026-07-28,success,9985,2026-08-07T21:25:52,
TSREP-1,2026-01-01,2026-07-28,success,9985,2026-08-07T21:25:52,
TULWW-1,2026-01-01,2026-07-28,success,9985,2026-08-07T21:25:52,
TULWW-2,2026-01-01,2026-07-28,success,9985,2026-08-07T21:25:53,
TUMB-1,2026-01-01,2026-07-28,success,0,2026-08-07T21:25:53,
TUMB-2,2026-01-01,2026-07-28,success,0,2026-08-07T21:25:53,
TWSHW-1,2026-01-01,2026-07-28,success,9985,2026-08-07T21:25:54,
USKM-13,2026-01-01,2026-07-28,success,0,2026-08-07T21:25:54,
USKM-14,2026-01-01,2026-07-28,success,0,2026-08-07T21:25:54,
USKM-15,2026-01-01,2026-07-28,success,0,2026-08-07T21:25:54,
WBUGT-1,2026-01-01,2026-07-28,success,0,2026-08-07T21:25:54,
WBUGT-4,2026-01-01,2026-07-28,success,0,2026-08-07T21:25:55,
WBUPS-1,2026-01-01,2026-07-28,success,0,2026-08-07T21:25:55,
WBUPS-2,2026-01-01,2026-07-28,success,0,2026-08-07T21:25:55,
WBUPS-3,2026-01-01,2026-07-28,success,0,2026-08-07T21:25:55,
WBUPS-4,2026-01-01,2026-07-28,success,0,2026-08-07T21:25:55,
WBURB-1,2026-01-01,2026-07-28,success,9985,2026-08-07T21:25:56,
WBURB-2,2026-01-01,2026-07-28,success,9985,2026-08-07T21:25:56,
WBURB-3,2026-01-01,2026-07-28,success,9985,2026-08-07T21:25:57,
WBURB-41,2026-01-01,2026-07-28,success,9985,2026-08-07T21:25:57,
WBURB-43,2026-01-01,2026-07-28,success,9985,2026-08-07T21:25:58,
WDNSO-1,2026-01-01,2026-07-28,success,9985,2026-08-07T21:25:58,
WDNSO-2,2026-01-01,2026-07-28,success,9985,2026-08-07T21:25:59,
WDRGW-1,2026-01-01,2026-07-28,success,9985,2026-08-07T21:25:59,
WHIHW-1,2026-01-01,2026-07-28,success,9985,2026-08-07T21:26:00,
WHILW-1,2026-01-01,2026-07-28,success,9985,2026-08-07T21:26:00,
WHILW-2,2026-01-01,2026-07-28,success,9985,2026-08-07T21:26:01,
WILCT-1,2026-01-01,2026-07-28,success,9985,2026-08-07T21:26:01,
WINN-1,2026-01-01,2026-07-28,success,0,2026-08-07T21:26:01,
WISTW-2,2026-01-01,2026-07-28,success,9985,2026-08-07T21:26:02,
WLNYO-2,2026-01-01,2026-07-28,success,9985,2026-08-07T21:26:03,
WLNYO-3,2026-01-01,2026-07-28,success,9985,2026-08-07T21:26:03,
WLNYO-4,2026-01-01,2026-07-28,success,9985,2026-08-07T21:26:04,
WLNYW-1,2026-01-01,2026-07-28,success,9985,2026-08-07T21:26:04,
WTGRW-1,2026-01-01,2026-07-28,success,0,2026-08-07T21:26:04,
WTMSO-1,2026-01-01,2026-07-28,success,9985,2026-08-07T21:26:05,
WYLF-1,2026-01-01,2026-07-28,success,0,2026-08-07T21:26:05,
WYLF-2,2026-01-01,2026-07-28,success,0,2026-08-07T21:26:05,
WYLF-3,2026-01-01,2026-07-28,success,0,2026-08-07T21:26:05,
WYLF-4,2026-01-01,2026-07-28,success,0,2026-08-07T21:26:05,
YEP-PGU02,2026-01-01,2026-07-28,success,0,2026-08-07T21:26:06,
YEP-PGU03,2026-01-01,2026-07-28,success,0,2026-08-07T21:26:06,
